# WaveFront *.obj file (generated by Autodesk ATF)

mtllib Maze v1.mtl

g Body3

v -74.500000 -10.000000 93.500000
v -74.500000 -10.000000 102.333333
v -74.500000 -10.000000 111.166667
v -74.500000 -10.000000 120.000000
v -74.500000 0.000000 120.000000
v -74.500000 0.000000 111.166667
v -74.500000 0.000000 102.333333
v -74.500000 0.000000 93.500000
v -69.500000 -10.000000 93.500000
v -69.500000 0.000000 93.500000
v -69.500000 -10.000000 120.000000
v -69.500000 -10.000000 111.166667
v -69.500000 -10.000000 102.333333
v -69.500000 0.000000 102.333333
v -69.500000 0.000000 111.166667
v -69.500000 0.000000 120.000000
v -26.500000 -10.000000 120.000000
v -37.250000 -10.000000 120.000000
v -48.000000 -10.000000 120.000000
v -58.750000 -10.000000 120.000000
v -58.750000 0.000000 120.000000
v -48.000000 0.000000 120.000000
v -37.250000 0.000000 120.000000
v -26.500000 0.000000 120.000000
v -26.500000 -10.000000 74.500000
v -26.500000 -10.000000 83.600000
v -26.500000 -10.000000 92.700000
v -26.500000 -10.000000 101.800000
v -26.500000 -10.000000 110.900000
v -26.500000 0.000000 110.900000
v -26.500000 0.000000 101.800000
v -26.500000 0.000000 92.700000
v -26.500000 0.000000 83.600000
v -26.500000 0.000000 74.500000
v -45.500000 -10.000000 74.500000
v -36.000000 -10.000000 74.500000
v -36.000000 0.000000 74.500000
v -45.500000 0.000000 74.500000
v -45.500000 -10.000000 98.500000
v -45.500000 -10.000000 90.500000
v -45.500000 -10.000000 82.500000
v -45.500000 0.000000 82.500000
v -45.500000 0.000000 90.500000
v -45.500000 0.000000 98.500000
v -50.500000 -10.000000 98.500000
v -50.500000 0.000000 98.500000
v -50.500000 -10.000000 74.500000
v -50.500000 -10.000000 82.500000
v -50.500000 -10.000000 90.500000
v -50.500000 0.000000 90.500000
v -50.500000 0.000000 82.500000
v -50.500000 0.000000 74.500000
v -74.500000 -10.000000 74.500000
v -66.500000 -10.000000 74.500000
v -58.500000 -10.000000 74.500000
v -58.500000 0.000000 74.500000
v -66.500000 0.000000 74.500000
v -74.500000 0.000000 74.500000
v -74.500000 -10.000000 69.500000
v -74.500000 0.000000 69.500000
v -26.500000 -10.000000 69.500000
v -36.100000 -10.000000 69.500000
v -45.700000 -10.000000 69.500000
v -55.300000 -10.000000 69.500000
v -64.900000 -10.000000 69.500000
v -64.900000 0.000000 69.500000
v -55.300000 0.000000 69.500000
v -45.700000 0.000000 69.500000
v -36.100000 0.000000 69.500000
v -26.500000 0.000000 69.500000
v -26.500000 -10.000000 45.500000
v -26.500000 -10.000000 53.500000
v -26.500000 -10.000000 61.500000
v -26.500000 0.000000 61.500000
v -26.500000 0.000000 53.500000
v -26.500000 0.000000 45.500000
v -2.500000 -10.000000 45.500000
v -10.500000 -10.000000 45.500000
v -18.500000 -10.000000 45.500000
v -18.500000 0.000000 45.500000
v -10.500000 0.000000 45.500000
v -2.500000 0.000000 45.500000
v -2.500000 -10.000000 -45.500000
v -2.500000 -10.000000 -35.388889
v -2.500000 -10.000000 -25.277778
v -2.500000 -10.000000 -15.166667
v -2.500000 -10.000000 -5.055556
v -2.500000 -10.000000 5.055556
v -2.500000 -10.000000 15.166667
v -2.500000 -10.000000 25.277778
v -2.500000 -10.000000 35.388889
v -2.500000 0.000000 35.388889
v -2.500000 0.000000 25.277778
v -2.500000 0.000000 15.166667
v -2.500000 0.000000 5.055556
v -2.500000 0.000000 -5.055556
v -2.500000 0.000000 -15.166667
v -2.500000 0.000000 -25.277778
v -2.500000 0.000000 -35.388889
v -2.500000 0.000000 -45.500000
v -26.500000 -10.000000 -45.500000
v -18.500000 -10.000000 -45.500000
v -10.500000 -10.000000 -45.500000
v -10.500000 0.000000 -45.500000
v -18.500000 0.000000 -45.500000
v -26.500000 0.000000 -45.500000
v -26.500000 -10.000000 -69.500000
v -26.500000 -10.000000 -61.500000
v -26.500000 -10.000000 -53.500000
v -26.500000 0.000000 -53.500000
v -26.500000 0.000000 -61.500000
v -26.500000 0.000000 -69.500000
v -45.500000 -10.000000 -69.500000
v -36.000000 -10.000000 -69.500000
v -36.000000 0.000000 -69.500000
v -45.500000 0.000000 -69.500000
v -45.500000 -10.000000 -26.500000
v -45.500000 -10.000000 -37.250000
v -45.500000 -10.000000 -48.000000
v -45.500000 -10.000000 -58.750000
v -45.500000 0.000000 -58.750000
v -45.500000 0.000000 -48.000000
v -45.500000 0.000000 -37.250000
v -45.500000 0.000000 -26.500000
v -21.500000 -10.000000 -26.500000
v -29.500000 -10.000000 -26.500000
v -37.500000 -10.000000 -26.500000
v -37.500000 0.000000 -26.500000
v -29.500000 0.000000 -26.500000
v -21.500000 0.000000 -26.500000
v -21.500000 -10.000000 26.500000
v -21.500000 -10.000000 15.900000
v -21.500000 -10.000000 5.300000
v -21.500000 -10.000000 -5.300000
v -21.500000 -10.000000 -15.900000
v -21.500000 0.000000 -15.900000
v -21.500000 0.000000 -5.300000
v -21.500000 0.000000 5.300000
v -21.500000 0.000000 15.900000
v -21.500000 0.000000 26.500000
v -45.500000 -10.000000 26.500000
v -37.500000 -10.000000 26.500000
v -29.500000 -10.000000 26.500000
v -29.500000 0.000000 26.500000
v -37.500000 0.000000 26.500000
v -45.500000 0.000000 26.500000
v -45.500000 -10.000000 50.500000
v -45.500000 -10.000000 42.500000
v -45.500000 -10.000000 34.500000
v -45.500000 0.000000 34.500000
v -45.500000 0.000000 42.500000
v -45.500000 0.000000 50.500000
v -50.500000 -10.000000 50.500000
v -50.500000 0.000000 50.500000
v -50.500000 -10.000000 26.500000
v -50.500000 -10.000000 34.500000
v -50.500000 -10.000000 42.500000
v -50.500000 0.000000 42.500000
v -50.500000 0.000000 34.500000
v -50.500000 0.000000 26.500000
v -98.500000 -10.000000 26.500000
v -88.900000 -10.000000 26.500000
v -79.300000 -10.000000 26.500000
v -69.700000 -10.000000 26.500000
v -60.100000 -10.000000 26.500000
v -60.100000 0.000000 26.500000
v -69.700000 0.000000 26.500000
v -79.300000 0.000000 26.500000
v -88.900000 0.000000 26.500000
v -98.500000 0.000000 26.500000
v -98.500000 -10.000000 -26.500000
v -98.500000 -10.000000 -15.900000
v -98.500000 -10.000000 -5.300000
v -98.500000 -10.000000 5.300000
v -98.500000 -10.000000 15.900000
v -98.500000 0.000000 15.900000
v -98.500000 0.000000 5.300000
v -98.500000 0.000000 -5.300000
v -98.500000 0.000000 -15.900000
v -98.500000 0.000000 -26.500000
v -93.500000 -10.000000 -26.500000
v -93.500000 0.000000 -26.500000
v -93.500000 -10.000000 -2.500000
v -93.500000 -10.000000 -10.500000
v -93.500000 -10.000000 -18.500000
v -93.500000 0.000000 -18.500000
v -93.500000 0.000000 -10.500000
v -93.500000 0.000000 -2.500000
v -50.500000 -10.000000 -2.500000
v -61.250000 -10.000000 -2.500000
v -72.000000 -10.000000 -2.500000
v -82.750000 -10.000000 -2.500000
v -82.750000 0.000000 -2.500000
v -72.000000 0.000000 -2.500000
v -61.250000 0.000000 -2.500000
v -50.500000 0.000000 -2.500000
v -50.500000 -10.000000 2.500000
v -50.500000 0.000000 2.500000
v -93.500000 -10.000000 2.500000
v -82.750000 -10.000000 2.500000
v -72.000000 -10.000000 2.500000
v -61.250000 -10.000000 2.500000
v -61.250000 0.000000 2.500000
v -72.000000 0.000000 2.500000
v -82.750000 0.000000 2.500000
v -93.500000 0.000000 2.500000
v -93.500000 -10.000000 21.500000
v -93.500000 -10.000000 12.000000
v -93.500000 0.000000 12.000000
v -93.500000 0.000000 21.500000
v -26.500000 -10.000000 21.500000
v -37.666667 -10.000000 21.500000
v -48.833333 -10.000000 21.500000
v -60.000000 -10.000000 21.500000
v -71.166667 -10.000000 21.500000
v -82.333333 -10.000000 21.500000
v -82.333333 0.000000 21.500000
v -71.166667 0.000000 21.500000
v -60.000000 0.000000 21.500000
v -48.833333 0.000000 21.500000
v -37.666667 0.000000 21.500000
v -26.500000 0.000000 21.500000
v -26.500000 -10.000000 -21.500000
v -26.500000 -10.000000 -10.750000
v -26.500000 -10.000000 0.000000
v -26.500000 -10.000000 10.750000
v -26.500000 0.000000 10.750000
v -26.500000 0.000000 0.000000
v -26.500000 0.000000 -10.750000
v -26.500000 0.000000 -21.500000
v -74.500000 -10.000000 -21.500000
v -64.900000 -10.000000 -21.500000
v -55.300000 -10.000000 -21.500000
v -45.700000 -10.000000 -21.500000
v -36.100000 -10.000000 -21.500000
v -36.100000 0.000000 -21.500000
v -45.700000 0.000000 -21.500000
v -55.300000 0.000000 -21.500000
v -64.900000 0.000000 -21.500000
v -74.500000 0.000000 -21.500000
v -74.500000 -10.000000 -26.500000
v -74.500000 0.000000 -26.500000
v -50.500000 -10.000000 -26.500000
v -58.500000 -10.000000 -26.500000
v -66.500000 -10.000000 -26.500000
v -66.500000 0.000000 -26.500000
v -58.500000 0.000000 -26.500000
v -50.500000 0.000000 -26.500000
v -50.500000 -10.000000 -45.500000
v -50.500000 -10.000000 -36.000000
v -50.500000 0.000000 -36.000000
v -50.500000 0.000000 -45.500000
v -98.500000 -10.000000 -45.500000
v -88.900000 -10.000000 -45.500000
v -79.300000 -10.000000 -45.500000
v -69.700000 -10.000000 -45.500000
v -60.100000 -10.000000 -45.500000
v -60.100000 0.000000 -45.500000
v -69.700000 0.000000 -45.500000
v -79.300000 0.000000 -45.500000
v -88.900000 0.000000 -45.500000
v -98.500000 0.000000 -45.500000
v -98.500000 -10.000000 -50.500000
v -98.500000 0.000000 -50.500000
v -50.500000 -10.000000 -50.500000
v -60.100000 -10.000000 -50.500000
v -69.700000 -10.000000 -50.500000
v -79.300000 -10.000000 -50.500000
v -88.900000 -10.000000 -50.500000
v -88.900000 0.000000 -50.500000
v -79.300000 0.000000 -50.500000
v -69.700000 0.000000 -50.500000
v -60.100000 0.000000 -50.500000
v -50.500000 0.000000 -50.500000
v -50.500000 -10.000000 -69.500000
v -50.500000 -10.000000 -60.000000
v -50.500000 0.000000 -60.000000
v -50.500000 0.000000 -69.500000
v -74.500000 -10.000000 -69.500000
v -66.500000 -10.000000 -69.500000
v -58.500000 -10.000000 -69.500000
v -58.500000 0.000000 -69.500000
v -66.500000 0.000000 -69.500000
v -74.500000 0.000000 -69.500000
v -74.500000 -10.000000 -93.500000
v -74.500000 -10.000000 -85.500000
v -74.500000 -10.000000 -77.500000
v -74.500000 0.000000 -77.500000
v -74.500000 0.000000 -85.500000
v -74.500000 0.000000 -93.500000
v -98.500000 -10.000000 -93.500000
v -90.500000 -10.000000 -93.500000
v -82.500000 -10.000000 -93.500000
v -82.500000 0.000000 -93.500000
v -90.500000 0.000000 -93.500000
v -98.500000 0.000000 -93.500000
v -98.500000 -10.000000 -98.500000
v -98.500000 0.000000 -98.500000
v -69.500000 -10.000000 -98.500000
v -79.166667 -10.000000 -98.500000
v -88.833333 -10.000000 -98.500000
v -88.833333 0.000000 -98.500000
v -79.166667 0.000000 -98.500000
v -69.500000 0.000000 -98.500000
v -69.500000 -10.000000 -74.500000
v -69.500000 -10.000000 -82.500000
v -69.500000 -10.000000 -90.500000
v -69.500000 0.000000 -90.500000
v -69.500000 0.000000 -82.500000
v -69.500000 0.000000 -74.500000
v -50.500000 -10.000000 -74.500000
v -60.000000 -10.000000 -74.500000
v -60.000000 0.000000 -74.500000
v -50.500000 0.000000 -74.500000
v -50.500000 -10.000000 -98.500000
v -50.500000 -10.000000 -90.500000
v -50.500000 -10.000000 -82.500000
v -50.500000 0.000000 -82.500000
v -50.500000 0.000000 -90.500000
v -50.500000 0.000000 -98.500000
v -45.500000 -10.000000 -98.500000
v -45.500000 0.000000 -98.500000
v -45.500000 -10.000000 -74.500000
v -45.500000 -10.000000 -82.500000
v -45.500000 -10.000000 -90.500000
v -45.500000 0.000000 -90.500000
v -45.500000 0.000000 -82.500000
v -45.500000 0.000000 -74.500000
v -2.500000 -10.000000 -74.500000
v -13.250000 -10.000000 -74.500000
v -24.000000 -10.000000 -74.500000
v -34.750000 -10.000000 -74.500000
v -34.750000 0.000000 -74.500000
v -24.000000 0.000000 -74.500000
v -13.250000 0.000000 -74.500000
v -2.500000 0.000000 -74.500000
v -2.500000 -10.000000 -98.500000
v -2.500000 -10.000000 -90.500000
v -2.500000 -10.000000 -82.500000
v -2.500000 0.000000 -82.500000
v -2.500000 0.000000 -90.500000
v -2.500000 0.000000 -98.500000
v 26.500000 -10.000000 -98.500000
v 16.833333 -10.000000 -98.500000
v 7.166667 -10.000000 -98.500000
v 7.166667 0.000000 -98.500000
v 16.833333 0.000000 -98.500000
v 26.500000 0.000000 -98.500000
v 26.500000 -10.000000 -93.500000
v 26.500000 0.000000 -93.500000
v 2.500000 -10.000000 -93.500000
v 10.500000 -10.000000 -93.500000
v 18.500000 -10.000000 -93.500000
v 18.500000 0.000000 -93.500000
v 10.500000 0.000000 -93.500000
v 2.500000 0.000000 -93.500000
v 2.500000 -10.000000 -74.500000
v 2.500000 -10.000000 -84.000000
v 2.500000 0.000000 -84.000000
v 2.500000 0.000000 -74.500000
v 45.500000 -10.000000 -74.500000
v 34.750000 -10.000000 -74.500000
v 24.000000 -10.000000 -74.500000
v 13.250000 -10.000000 -74.500000
v 13.250000 0.000000 -74.500000
v 24.000000 0.000000 -74.500000
v 34.750000 0.000000 -74.500000
v 45.500000 0.000000 -74.500000
v 45.500000 -10.000000 -98.500000
v 45.500000 -10.000000 -90.500000
v 45.500000 -10.000000 -82.500000
v 45.500000 0.000000 -82.500000
v 45.500000 0.000000 -90.500000
v 45.500000 0.000000 -98.500000
v 50.500000 -10.000000 -98.500000
v 50.500000 0.000000 -98.500000
v 50.500000 -10.000000 -69.500000
v 50.500000 -10.000000 -79.166667
v 50.500000 -10.000000 -88.833333
v 50.500000 0.000000 -88.833333
v 50.500000 0.000000 -79.166667
v 50.500000 0.000000 -69.500000
v 26.500000 -10.000000 -69.500000
v 34.500000 -10.000000 -69.500000
v 42.500000 -10.000000 -69.500000
v 42.500000 0.000000 -69.500000
v 34.500000 0.000000 -69.500000
v 26.500000 0.000000 -69.500000
v 26.500000 -10.000000 -50.500000
v 26.500000 -10.000000 -60.000000
v 26.500000 0.000000 -60.000000
v 26.500000 0.000000 -50.500000
v 69.500000 -10.000000 -50.500000
v 58.750000 -10.000000 -50.500000
v 48.000000 -10.000000 -50.500000
v 37.250000 -10.000000 -50.500000
v 37.250000 0.000000 -50.500000
v 48.000000 0.000000 -50.500000
v 58.750000 0.000000 -50.500000
v 69.500000 0.000000 -50.500000
v 69.500000 -10.000000 -74.500000
v 69.500000 -10.000000 -66.500000
v 69.500000 -10.000000 -58.500000
v 69.500000 0.000000 -58.500000
v 69.500000 0.000000 -66.500000
v 69.500000 0.000000 -74.500000
v 93.500000 -10.000000 -74.500000
v 85.500000 -10.000000 -74.500000
v 77.500000 -10.000000 -74.500000
v 77.500000 0.000000 -74.500000
v 85.500000 0.000000 -74.500000
v 93.500000 0.000000 -74.500000
v 93.500000 -10.000000 -93.500000
v 93.500000 -10.000000 -84.000000
v 93.500000 0.000000 -84.000000
v 93.500000 0.000000 -93.500000
v 69.500000 -10.000000 -93.500000
v 77.500000 -10.000000 -93.500000
v 85.500000 -10.000000 -93.500000
v 85.500000 0.000000 -93.500000
v 77.500000 0.000000 -93.500000
v 69.500000 0.000000 -93.500000
v 69.500000 -10.000000 -98.500000
v 69.500000 0.000000 -98.500000
v 98.500000 -10.000000 -98.500000
v 88.833333 -10.000000 -98.500000
v 79.166667 -10.000000 -98.500000
v 79.166667 0.000000 -98.500000
v 88.833333 0.000000 -98.500000
v 98.500000 0.000000 -98.500000
v 98.500000 -10.000000 -69.500000
v 98.500000 -10.000000 -79.166667
v 98.500000 -10.000000 -88.833333
v 98.500000 0.000000 -88.833333
v 98.500000 0.000000 -79.166667
v 98.500000 0.000000 -69.500000
v 74.500000 -10.000000 -69.500000
v 82.500000 -10.000000 -69.500000
v 90.500000 -10.000000 -69.500000
v 90.500000 0.000000 -69.500000
v 82.500000 0.000000 -69.500000
v 74.500000 0.000000 -69.500000
v 74.500000 -10.000000 -2.500000
v 74.500000 -10.000000 -13.666667
v 74.500000 -10.000000 -24.833333
v 74.500000 -10.000000 -36.000000
v 74.500000 -10.000000 -47.166667
v 74.500000 -10.000000 -58.333333
v 74.500000 0.000000 -58.333333
v 74.500000 0.000000 -47.166667
v 74.500000 0.000000 -36.000000
v 74.500000 0.000000 -24.833333
v 74.500000 0.000000 -13.666667
v 74.500000 0.000000 -2.500000
v 98.500000 -10.000000 -2.500000
v 90.500000 -10.000000 -2.500000
v 82.500000 -10.000000 -2.500000
v 82.500000 0.000000 -2.500000
v 90.500000 0.000000 -2.500000
v 98.500000 0.000000 -2.500000
v 98.500000 -10.000000 98.500000
v 98.500000 -10.000000 87.277778
v 98.500000 -10.000000 76.055556
v 98.500000 -10.000000 64.833333
v 98.500000 -10.000000 53.611111
v 98.500000 -10.000000 42.388889
v 98.500000 -10.000000 31.166667
v 98.500000 -10.000000 19.944444
v 98.500000 -10.000000 8.722222
v 98.500000 0.000000 8.722222
v 98.500000 0.000000 19.944444
v 98.500000 0.000000 31.166667
v 98.500000 0.000000 42.388889
v 98.500000 0.000000 53.611111
v 98.500000 0.000000 64.833333
v 98.500000 0.000000 76.055556
v 98.500000 0.000000 87.277778
v 98.500000 0.000000 98.500000
v 69.500000 -10.000000 98.500000
v 79.166667 -10.000000 98.500000
v 88.833333 -10.000000 98.500000
v 88.833333 0.000000 98.500000
v 79.166667 0.000000 98.500000
v 69.500000 0.000000 98.500000
v 69.500000 -10.000000 93.500000
v 69.500000 0.000000 93.500000
v 93.500000 -10.000000 93.500000
v 85.500000 -10.000000 93.500000
v 77.500000 -10.000000 93.500000
v 77.500000 0.000000 93.500000
v 85.500000 0.000000 93.500000
v 93.500000 0.000000 93.500000
v 93.500000 -10.000000 2.500000
v 93.500000 -10.000000 12.611111
v 93.500000 -10.000000 22.722222
v 93.500000 -10.000000 32.833333
v 93.500000 -10.000000 42.944444
v 93.500000 -10.000000 53.055556
v 93.500000 -10.000000 63.166667
v 93.500000 -10.000000 73.277778
v 93.500000 -10.000000 83.388889
v 93.500000 0.000000 83.388889
v 93.500000 0.000000 73.277778
v 93.500000 0.000000 63.166667
v 93.500000 0.000000 53.055556
v 93.500000 0.000000 42.944444
v 93.500000 0.000000 32.833333
v 93.500000 0.000000 22.722222
v 93.500000 0.000000 12.611111
v 93.500000 0.000000 2.500000
v 74.500000 -10.000000 2.500000
v 84.000000 -10.000000 2.500000
v 84.000000 0.000000 2.500000
v 74.500000 0.000000 2.500000
v 74.500000 -10.000000 26.500000
v 74.500000 -10.000000 18.500000
v 74.500000 -10.000000 10.500000
v 74.500000 0.000000 10.500000
v 74.500000 0.000000 18.500000
v 74.500000 0.000000 26.500000
v 69.500000 -10.000000 26.500000
v 69.500000 0.000000 26.500000
v 69.500000 -10.000000 -21.500000
v 69.500000 -10.000000 -11.900000
v 69.500000 -10.000000 -2.300000
v 69.500000 -10.000000 7.300000
v 69.500000 -10.000000 16.900000
v 69.500000 0.000000 16.900000
v 69.500000 0.000000 7.300000
v 69.500000 0.000000 -2.300000
v 69.500000 0.000000 -11.900000
v 69.500000 0.000000 -21.500000
v 45.500000 -10.000000 -21.500000
v 53.500000 -10.000000 -21.500000
v 61.500000 -10.000000 -21.500000
v 61.500000 0.000000 -21.500000
v 53.500000 0.000000 -21.500000
v 45.500000 0.000000 -21.500000
v 45.500000 -10.000000 -26.500000
v 45.500000 0.000000 -26.500000
v 69.500000 -10.000000 -26.500000
v 61.500000 -10.000000 -26.500000
v 53.500000 -10.000000 -26.500000
v 53.500000 0.000000 -26.500000
v 61.500000 0.000000 -26.500000
v 69.500000 0.000000 -26.500000
v 69.500000 -10.000000 -45.500000
v 69.500000 -10.000000 -36.000000
v 69.500000 0.000000 -36.000000
v 69.500000 0.000000 -45.500000
v 26.500000 -10.000000 -45.500000
v 37.250000 -10.000000 -45.500000
v 48.000000 -10.000000 -45.500000
v 58.750000 -10.000000 -45.500000
v 58.750000 0.000000 -45.500000
v 48.000000 0.000000 -45.500000
v 37.250000 0.000000 -45.500000
v 26.500000 0.000000 -45.500000
v 26.500000 -10.000000 -21.500000
v 26.500000 -10.000000 -29.500000
v 26.500000 -10.000000 -37.500000
v 26.500000 0.000000 -37.500000
v 26.500000 0.000000 -29.500000
v 26.500000 0.000000 -21.500000
v 21.500000 -10.000000 -21.500000
v 21.500000 0.000000 -21.500000
v 21.500000 -10.000000 -69.500000
v 21.500000 -10.000000 -59.900000
v 21.500000 -10.000000 -50.300000
v 21.500000 -10.000000 -40.700000
v 21.500000 -10.000000 -31.100000
v 21.500000 0.000000 -31.100000
v 21.500000 0.000000 -40.700000
v 21.500000 0.000000 -50.300000
v 21.500000 0.000000 -59.900000
v 21.500000 0.000000 -69.500000
v -21.500000 -10.000000 -69.500000
v -10.750000 -10.000000 -69.500000
v 0.000000 -10.000000 -69.500000
v 10.750000 -10.000000 -69.500000
v 10.750000 0.000000 -69.500000
v 0.000000 0.000000 -69.500000
v -10.750000 0.000000 -69.500000
v -21.500000 0.000000 -69.500000
v -21.500000 -10.000000 -50.500000
v -21.500000 -10.000000 -60.000000
v -21.500000 0.000000 -60.000000
v -21.500000 0.000000 -50.500000
v 2.500000 -10.000000 -50.500000
v -5.500000 -10.000000 -50.500000
v -13.500000 -10.000000 -50.500000
v -13.500000 0.000000 -50.500000
v -5.500000 0.000000 -50.500000
v 2.500000 0.000000 -50.500000
v 2.500000 -10.000000 -2.500000
v 2.500000 -10.000000 -12.100000
v 2.500000 -10.000000 -21.700000
v 2.500000 -10.000000 -31.300000
v 2.500000 -10.000000 -40.900000
v 2.500000 0.000000 -40.900000
v 2.500000 0.000000 -31.300000
v 2.500000 0.000000 -21.700000
v 2.500000 0.000000 -12.100000
v 2.500000 0.000000 -2.500000
v 50.500000 -10.000000 -2.500000
v 40.900000 -10.000000 -2.500000
v 31.300000 -10.000000 -2.500000
v 21.700000 -10.000000 -2.500000
v 12.100000 -10.000000 -2.500000
v 12.100000 0.000000 -2.500000
v 21.700000 0.000000 -2.500000
v 31.300000 0.000000 -2.500000
v 40.900000 0.000000 -2.500000
v 50.500000 0.000000 -2.500000
v 50.500000 -10.000000 2.500000
v 50.500000 0.000000 2.500000
v 2.500000 -10.000000 2.500000
v 12.100000 -10.000000 2.500000
v 21.700000 -10.000000 2.500000
v 31.300000 -10.000000 2.500000
v 40.900000 -10.000000 2.500000
v 40.900000 0.000000 2.500000
v 31.300000 0.000000 2.500000
v 21.700000 0.000000 2.500000
v 12.100000 0.000000 2.500000
v 2.500000 0.000000 2.500000
v 2.500000 -10.000000 50.500000
v 2.500000 -10.000000 40.900000
v 2.500000 -10.000000 31.300000
v 2.500000 -10.000000 21.700000
v 2.500000 -10.000000 12.100000
v 2.500000 0.000000 12.100000
v 2.500000 0.000000 21.700000
v 2.500000 0.000000 31.300000
v 2.500000 0.000000 40.900000
v 2.500000 0.000000 50.500000
v -21.500000 -10.000000 50.500000
v -13.500000 -10.000000 50.500000
v -5.500000 -10.000000 50.500000
v -5.500000 0.000000 50.500000
v -13.500000 0.000000 50.500000
v -21.500000 0.000000 50.500000
v -21.500000 -10.000000 120.000000
v -21.500000 -10.000000 110.071429
v -21.500000 -10.000000 100.142857
v -21.500000 -10.000000 90.214286
v -21.500000 -10.000000 80.285714
v -21.500000 -10.000000 70.357143
v -21.500000 -10.000000 60.428571
v -21.500000 0.000000 60.428571
v -21.500000 0.000000 70.357143
v -21.500000 0.000000 80.285714
v -21.500000 0.000000 90.214286
v -21.500000 0.000000 100.142857
v -21.500000 0.000000 110.071429
v -21.500000 0.000000 120.000000
v 2.500000 -10.000000 120.000000
v -5.500000 -10.000000 120.000000
v -13.500000 -10.000000 120.000000
v -13.500000 0.000000 120.000000
v -5.500000 0.000000 120.000000
v 2.500000 0.000000 120.000000
v 2.500000 -10.000000 125.000000
v 2.500000 0.000000 125.000000
v -125.000000 -10.000000 125.000000
v -114.375000 -10.000000 125.000000
v -103.750000 -10.000000 125.000000
v -93.125000 -10.000000 125.000000
v -82.500000 -10.000000 125.000000
v -71.875000 -10.000000 125.000000
v -61.250000 -10.000000 125.000000
v -50.625000 -10.000000 125.000000
v -40.000000 -10.000000 125.000000
v -29.375000 -10.000000 125.000000
v -18.750000 -10.000000 125.000000
v -8.125000 -10.000000 125.000000
v -8.125000 0.000000 125.000000
v -18.750000 0.000000 125.000000
v -29.375000 0.000000 125.000000
v -40.000000 0.000000 125.000000
v -50.625000 0.000000 125.000000
v -61.250000 0.000000 125.000000
v -71.875000 0.000000 125.000000
v -82.500000 0.000000 125.000000
v -93.125000 0.000000 125.000000
v -103.750000 0.000000 125.000000
v -114.375000 0.000000 125.000000
v -125.000000 0.000000 125.000000
v -125.000000 -10.000000 -125.000000
v -125.000000 -10.000000 -114.130435
v -125.000000 -10.000000 -103.260870
v -125.000000 -10.000000 -92.391304
v -125.000000 -10.000000 -81.521739
v -125.000000 -10.000000 -70.652174
v -125.000000 -10.000000 -59.782609
v -125.000000 -10.000000 -48.913043
v -125.000000 -10.000000 -38.043478
v -125.000000 -10.000000 -27.173913
v -125.000000 -10.000000 -16.304348
v -125.000000 -10.000000 -5.434783
v -125.000000 -10.000000 5.434783
v -125.000000 -10.000000 16.304348
v -125.000000 -10.000000 27.173913
v -125.000000 -10.000000 38.043478
v -125.000000 -10.000000 48.913043
v -125.000000 -10.000000 59.782609
v -125.000000 -10.000000 70.652174
v -125.000000 -10.000000 81.521739
v -125.000000 -10.000000 92.391304
v -125.000000 -10.000000 103.260870
v -125.000000 -10.000000 114.130435
v -125.000000 0.000000 114.130435
v -125.000000 0.000000 103.260870
v -125.000000 0.000000 92.391304
v -125.000000 0.000000 81.521739
v -125.000000 0.000000 70.652174
v -125.000000 0.000000 59.782609
v -125.000000 0.000000 48.913043
v -125.000000 0.000000 38.043478
v -125.000000 0.000000 27.173913
v -125.000000 0.000000 16.304348
v -125.000000 0.000000 5.434783
v -125.000000 0.000000 -5.434783
v -125.000000 0.000000 -16.304348
v -125.000000 0.000000 -27.173913
v -125.000000 0.000000 -38.043478
v -125.000000 0.000000 -48.913043
v -125.000000 0.000000 -59.782609
v -125.000000 0.000000 -70.652174
v -125.000000 0.000000 -81.521739
v -125.000000 0.000000 -92.391304
v -125.000000 0.000000 -103.260870
v -125.000000 0.000000 -114.130435
v -125.000000 0.000000 -125.000000
v -21.500000 -10.000000 -125.000000
v -31.850000 -10.000000 -125.000000
v -42.200000 -10.000000 -125.000000
v -52.550000 -10.000000 -125.000000
v -62.900000 -10.000000 -125.000000
v -73.250000 -10.000000 -125.000000
v -83.600000 -10.000000 -125.000000
v -93.950000 -10.000000 -125.000000
v -104.300000 -10.000000 -125.000000
v -114.650000 -10.000000 -125.000000
v -114.650000 0.000000 -125.000000
v -104.300000 0.000000 -125.000000
v -93.950000 0.000000 -125.000000
v -83.600000 0.000000 -125.000000
v -73.250000 0.000000 -125.000000
v -62.900000 0.000000 -125.000000
v -52.550000 0.000000 -125.000000
v -42.200000 0.000000 -125.000000
v -31.850000 0.000000 -125.000000
v -21.500000 0.000000 -125.000000
v -21.500000 -10.000000 -93.500000
v -21.500000 -10.000000 -104.000000
v -21.500000 -10.000000 -114.500000
v -21.500000 0.000000 -114.500000
v -21.500000 0.000000 -104.000000
v -21.500000 0.000000 -93.500000
v -26.500000 -10.000000 -93.500000
v -26.500000 0.000000 -93.500000
v -26.500000 -10.000000 -120.000000
v -26.500000 -10.000000 -111.166667
v -26.500000 -10.000000 -102.333333
v -26.500000 0.000000 -102.333333
v -26.500000 0.000000 -111.166667
v -26.500000 0.000000 -120.000000
v -120.000000 -10.000000 -120.000000
v -109.611111 -10.000000 -120.000000
v -99.222222 -10.000000 -120.000000
v -88.833333 -10.000000 -120.000000
v -78.444444 -10.000000 -120.000000
v -68.055556 -10.000000 -120.000000
v -57.666667 -10.000000 -120.000000
v -47.277778 -10.000000 -120.000000
v -36.888889 -10.000000 -120.000000
v -36.888889 0.000000 -120.000000
v -47.277778 0.000000 -120.000000
v -57.666667 0.000000 -120.000000
v -68.055556 0.000000 -120.000000
v -78.444444 0.000000 -120.000000
v -88.833333 0.000000 -120.000000
v -99.222222 0.000000 -120.000000
v -109.611111 0.000000 -120.000000
v -120.000000 0.000000 -120.000000
v -120.000000 -10.000000 -74.500000
v -120.000000 -10.000000 -83.600000
v -120.000000 -10.000000 -92.700000
v -120.000000 -10.000000 -101.800000
v -120.000000 -10.000000 -110.900000
v -120.000000 0.000000 -110.900000
v -120.000000 0.000000 -101.800000
v -120.000000 0.000000 -92.700000
v -120.000000 0.000000 -83.600000
v -120.000000 0.000000 -74.500000
v -93.500000 -10.000000 -74.500000
v -102.333333 -10.000000 -74.500000
v -111.166667 -10.000000 -74.500000
v -111.166667 0.000000 -74.500000
v -102.333333 0.000000 -74.500000
v -93.500000 0.000000 -74.500000
v -93.500000 -10.000000 -69.500000
v -93.500000 0.000000 -69.500000
v -120.000000 -10.000000 -69.500000
v -111.166667 -10.000000 -69.500000
v -102.333333 -10.000000 -69.500000
v -102.333333 0.000000 -69.500000
v -111.166667 0.000000 -69.500000
v -120.000000 0.000000 -69.500000
v -120.000000 -10.000000 45.500000
v -120.000000 -10.000000 35.045455
v -120.000000 -10.000000 24.590909
v -120.000000 -10.000000 14.136364
v -120.000000 -10.000000 3.681818
v -120.000000 -10.000000 -6.772727
v -120.000000 -10.000000 -17.227273
v -120.000000 -10.000000 -27.681818
v -120.000000 -10.000000 -38.136364
v -120.000000 -10.000000 -48.590909
v -120.000000 -10.000000 -59.045455
v -120.000000 0.000000 -59.045455
v -120.000000 0.000000 -48.590909
v -120.000000 0.000000 -38.136364
v -120.000000 0.000000 -27.681818
v -120.000000 0.000000 -17.227273
v -120.000000 0.000000 -6.772727
v -120.000000 0.000000 3.681818
v -120.000000 0.000000 14.136364
v -120.000000 0.000000 24.590909
v -120.000000 0.000000 35.045455
v -120.000000 0.000000 45.500000
v -69.500000 -10.000000 45.500000
v -79.600000 -10.000000 45.500000
v -89.700000 -10.000000 45.500000
v -99.800000 -10.000000 45.500000
v -109.900000 -10.000000 45.500000
v -109.900000 0.000000 45.500000
v -99.800000 0.000000 45.500000
v -89.700000 0.000000 45.500000
v -79.600000 0.000000 45.500000
v -69.500000 0.000000 45.500000
v -69.500000 -10.000000 50.500000
v -69.500000 0.000000 50.500000
v -120.000000 -10.000000 50.500000
v -109.900000 -10.000000 50.500000
v -99.800000 -10.000000 50.500000
v -89.700000 -10.000000 50.500000
v -79.600000 -10.000000 50.500000
v -79.600000 0.000000 50.500000
v -89.700000 0.000000 50.500000
v -99.800000 0.000000 50.500000
v -109.900000 0.000000 50.500000
v -120.000000 0.000000 50.500000
v -120.000000 -10.000000 93.500000
v -120.000000 -10.000000 82.750000
v -120.000000 -10.000000 72.000000
v -120.000000 -10.000000 61.250000
v -120.000000 0.000000 61.250000
v -120.000000 0.000000 72.000000
v -120.000000 0.000000 82.750000
v -120.000000 0.000000 93.500000
v -98.500000 -10.000000 93.500000
v -109.250000 -10.000000 93.500000
v -109.250000 0.000000 93.500000
v -98.500000 0.000000 93.500000
v -98.500000 -10.000000 69.500000
v -98.500000 -10.000000 77.500000
v -98.500000 -10.000000 85.500000
v -98.500000 0.000000 85.500000
v -98.500000 0.000000 77.500000
v -98.500000 0.000000 69.500000
v -93.500000 -10.000000 69.500000
v -93.500000 0.000000 69.500000
v -93.500000 -10.000000 98.500000
v -93.500000 -10.000000 88.833333
v -93.500000 -10.000000 79.166667
v -93.500000 0.000000 79.166667
v -93.500000 0.000000 88.833333
v -93.500000 0.000000 98.500000
v -120.000000 -10.000000 98.500000
v -111.166667 -10.000000 98.500000
v -102.333333 -10.000000 98.500000
v -102.333333 0.000000 98.500000
v -111.166667 0.000000 98.500000
v -120.000000 0.000000 98.500000
v -120.000000 -10.000000 120.000000
v -120.000000 -10.000000 109.250000
v -120.000000 0.000000 109.250000
v -120.000000 0.000000 120.000000
v -83.600000 -10.000000 120.000000
v -92.700000 -10.000000 120.000000
v -101.800000 -10.000000 120.000000
v -110.900000 -10.000000 120.000000
v -110.900000 0.000000 120.000000
v -101.800000 0.000000 120.000000
v -92.700000 0.000000 120.000000
v -83.600000 0.000000 120.000000
v -24.425000 0.000000 -102.272727
v -24.425000 0.000000 -113.636364
v -24.425000 0.000000 68.181818
v -24.425000 0.000000 79.545455
v -24.425000 0.000000 90.909091
v -24.425000 0.000000 102.272727
v -24.425000 0.000000 113.636364
v -24.425000 0.000000 56.818182
v -2.075000 0.000000 -45.454545
v -2.075000 0.000000 -34.090909
v -2.075000 0.000000 -22.727273
v -2.075000 0.000000 -11.363636
v -2.075000 0.000000 -0.000000
v -2.075000 0.000000 11.363636
v -2.075000 0.000000 22.727273
v -2.075000 0.000000 34.090909
v -2.075000 0.000000 45.454545
v -24.425000 0.000000 -68.181818
v -2.075000 0.000000 -79.545455
v -2.075000 0.000000 -90.909091
v 53.800000 0.000000 -22.727273
v -24.425000 0.000000 -56.818182
v -46.775000 0.000000 -90.909091
v -46.775000 0.000000 -79.545455
v -46.775000 0.000000 -68.181818
v -46.775000 0.000000 -56.818182
v -46.775000 0.000000 -45.454545
v -46.775000 0.000000 -34.090909
v -24.425000 0.000000 -11.363636
v -24.425000 0.000000 -0.000000
v -24.425000 0.000000 11.363636
v -46.775000 0.000000 34.090909
v -46.775000 0.000000 45.454545
v -24.425000 0.000000 -22.727273
v -46.775000 0.000000 79.545455
v -46.775000 0.000000 90.909091
v -46.775000 0.000000 22.727273
v -46.775000 0.000000 -22.727273
v -24.425000 0.000000 22.727273
v 9.100000 0.000000 -0.000000
v 20.275000 0.000000 -0.000000
v 31.450000 0.000000 -0.000000
v 42.625000 0.000000 -0.000000
v 64.975000 0.000000 -22.727273
v 76.150000 0.000000 -0.000000
v 87.325000 0.000000 -0.000000
v -69.125000 0.000000 -22.727273
v -57.950000 0.000000 -22.727273
v -35.600000 0.000000 -22.727273
v -35.600000 0.000000 22.727273
v -57.950000 0.000000 22.727273
v -69.125000 0.000000 22.727273
v -80.300000 0.000000 22.727273
v -91.475000 0.000000 22.727273
v -91.475000 0.000000 -0.000000
v -80.300000 0.000000 -0.000000
v -69.125000 0.000000 -0.000000
v -57.950000 0.000000 -0.000000
v 53.800000 -10.000000 -22.727273
v -2.075000 -10.000000 45.496136
v 31.450000 -10.000000 0.000000
v 20.275000 -10.000000 0.000000
v 9.100000 -10.000000 0.000000
v 42.625000 -10.000000 0.000000
v -2.075000 -10.000000 -45.496136
v -24.425000 -10.000000 -22.727273
v -35.600000 -10.000000 -22.727273
v -57.950000 -10.000000 -22.727273
v -46.775000 -10.000000 -22.727273
v -69.125000 -10.000000 -22.727273
v -24.425000 -10.000000 0.000000
v -35.600000 -10.000000 22.727273
v -46.775000 -10.000000 22.727273
v -57.950000 -10.000000 22.727273
v -69.125000 -10.000000 22.727273
v -80.300000 -10.000000 22.727273
v -91.475000 -10.000000 22.727273
v -46.775000 -10.000000 34.090909
v -69.125000 -10.000000 0.000000
v -80.300000 -10.000000 0.000000
v -91.475000 -10.000000 0.000000
v -57.950000 -10.000000 0.000000
v 64.975000 -10.000000 -22.727273
v 87.325000 -10.000000 0.000000
v 76.150000 -10.000000 0.000000
v -24.425000 -10.000000 -102.308182
v -24.425000 -10.000000 22.727273
v -24.425000 -10.000000 -68.181818
v -2.075000 -10.000000 0.000000
v -24.425000 -10.000000 113.636364
v -24.425000 -10.000000 102.272727
v -24.425000 -10.000000 90.909091
v -24.425000 -10.000000 79.545455
v -24.425000 -10.000000 68.181818
v -46.775000 -10.000000 79.545455
v -46.775000 -10.000000 90.909091
v -24.425000 -10.000000 56.818182
v -2.075000 -10.000000 34.090909
v -2.075000 -10.000000 22.727273
v -2.075000 -10.000000 11.363636
v -2.075000 -10.000000 -11.363636
v -2.075000 -10.000000 -22.727273
v -2.075000 -10.000000 -34.090909
v -24.425000 -10.000000 -56.818182
v -46.775000 -10.000000 -68.181818
v -46.775000 -10.000000 -79.545455
v -46.775000 -10.000000 -56.818182
v -46.775000 -10.000000 -34.090909
v -24.425000 -10.000000 -11.363636
v -24.425000 -10.000000 11.363636
v -46.775000 -10.000000 -90.909091
v -2.075000 -10.000000 -79.545455
v -2.075000 -10.000000 -90.909091
v -24.425000 -10.000000 -113.636364
vt 0.000000 0.000000 0.000000
vt 8.833333 0.000000 0.000000
vt 0.000000 10.000000 0.000000
vt 8.833333 10.000000 0.000000
vt 17.666667 0.000000 0.000000
vt 17.666667 10.000000 0.000000
vt 26.500000 0.000000 0.000000
vt 26.500000 10.000000 0.000000
vt 0.000000 0.000000 0.000000
vt 5.000000 0.000000 0.000000
vt 0.000000 10.000000 0.000000
vt 5.000000 10.000000 0.000000
vt -0.000000 0.000000 0.000000
vt 8.833333 0.000000 0.000000
vt -0.000000 10.000000 0.000000
vt 8.833333 10.000000 0.000000
vt 17.666667 0.000000 0.000000
vt 17.666667 10.000000 0.000000
vt 26.500000 0.000000 0.000000
vt 26.500000 10.000000 0.000000
vt 0.000000 0.000000 0.000000
vt 10.750000 0.000000 0.000000
vt 0.000000 10.000000 0.000000
vt 10.750000 10.000000 0.000000
vt 21.500000 0.000000 0.000000
vt 21.500000 10.000000 0.000000
vt 32.250000 0.000000 0.000000
vt 32.250000 10.000000 0.000000
vt 43.000000 0.000000 0.000000
vt 43.000000 10.000000 0.000000
vt 0.000000 0.000000 0.000000
vt 9.100000 0.000000 0.000000
vt 0.000000 10.000000 0.000000
vt 9.100000 10.000000 0.000000
vt 18.200000 0.000000 0.000000
vt 18.200000 10.000000 0.000000
vt 27.300000 0.000000 0.000000
vt 27.300000 10.000000 0.000000
vt 36.400000 0.000000 0.000000
vt 36.400000 10.000000 0.000000
vt 45.500000 0.000000 0.000000
vt 45.500000 10.000000 0.000000
vt 0.000000 0.000000 0.000000
vt 9.500000 0.000000 0.000000
vt 0.000000 10.000000 0.000000
vt 9.500000 10.000000 0.000000
vt 19.000000 0.000000 0.000000
vt 19.000000 10.000000 0.000000
vt -0.000000 0.000000 0.000000
vt 8.000000 0.000000 0.000000
vt -0.000000 10.000000 0.000000
vt 8.000000 10.000000 0.000000
vt 16.000000 0.000000 0.000000
vt 16.000000 10.000000 0.000000
vt 24.000000 0.000000 0.000000
vt 24.000000 10.000000 0.000000
vt 0.000000 0.000000 0.000000
vt 5.000000 0.000000 0.000000
vt 0.000000 10.000000 0.000000
vt 5.000000 10.000000 0.000000
vt 0.000000 0.000000 0.000000
vt 8.000000 0.000000 0.000000
vt 0.000000 10.000000 0.000000
vt 8.000000 10.000000 0.000000
vt 16.000000 0.000000 0.000000
vt 16.000000 10.000000 0.000000
vt 24.000000 0.000000 0.000000
vt 24.000000 10.000000 0.000000
vt 0.000000 0.000000 0.000000
vt 8.000000 0.000000 0.000000
vt 0.000000 10.000000 0.000000
vt 8.000000 10.000000 0.000000
vt 16.000000 0.000000 0.000000
vt 16.000000 10.000000 0.000000
vt 24.000000 0.000000 0.000000
vt 24.000000 10.000000 0.000000
vt 0.000000 0.000000 0.000000
vt 5.000000 0.000000 0.000000
vt 0.000000 10.000000 0.000000
vt 5.000000 10.000000 0.000000
vt 0.000000 0.000000 0.000000
vt 9.600000 0.000000 0.000000
vt 0.000000 10.000000 0.000000
vt 9.600000 10.000000 0.000000
vt 19.200000 0.000000 0.000000
vt 19.200000 10.000000 0.000000
vt 28.800000 0.000000 0.000000
vt 28.800000 10.000000 0.000000
vt 38.400000 0.000000 0.000000
vt 38.400000 10.000000 0.000000
vt 48.000000 0.000000 0.000000
vt 48.000000 10.000000 0.000000
vt 0.000000 0.000000 0.000000
vt 8.000000 0.000000 0.000000
vt 0.000000 10.000000 0.000000
vt 8.000000 10.000000 0.000000
vt 16.000000 0.000000 0.000000
vt 16.000000 10.000000 0.000000
vt 24.000000 0.000000 0.000000
vt 24.000000 10.000000 0.000000
vt 0.000000 0.000000 0.000000
vt 8.000000 0.000000 0.000000
vt 0.000000 10.000000 0.000000
vt 8.000000 10.000000 0.000000
vt 16.000000 0.000000 0.000000
vt 16.000000 10.000000 0.000000
vt 24.000000 0.000000 0.000000
vt 24.000000 10.000000 0.000000
vt 0.000000 0.000000 0.000000
vt 10.111111 0.000000 0.000000
vt 0.000000 10.000000 0.000000
vt 10.111111 10.000000 0.000000
vt 20.222222 0.000000 0.000000
vt 20.222222 10.000000 0.000000
vt 30.333333 0.000000 0.000000
vt 30.333333 10.000000 0.000000
vt 40.444444 0.000000 0.000000
vt 40.444444 10.000000 0.000000
vt 50.555556 0.000000 0.000000
vt 50.555556 10.000000 0.000000
vt 60.666667 0.000000 0.000000
vt 60.666667 10.000000 0.000000
vt 70.777778 0.000000 0.000000
vt 70.777778 10.000000 0.000000
vt 80.888889 0.000000 0.000000
vt 80.888889 10.000000 0.000000
vt 91.000000 0.000000 0.000000
vt 91.000000 10.000000 0.000000
vt 0.000000 0.000000 0.000000
vt 8.000000 0.000000 0.000000
vt 0.000000 10.000000 0.000000
vt 8.000000 10.000000 0.000000
vt 16.000000 0.000000 0.000000
vt 16.000000 10.000000 0.000000
vt 24.000000 0.000000 0.000000
vt 24.000000 10.000000 0.000000
vt 0.000000 0.000000 0.000000
vt 8.000000 0.000000 0.000000
vt 0.000000 10.000000 0.000000
vt 8.000000 10.000000 0.000000
vt 16.000000 0.000000 0.000000
vt 16.000000 10.000000 0.000000
vt 24.000000 0.000000 0.000000
vt 24.000000 10.000000 0.000000
vt 0.000000 0.000000 0.000000
vt 9.500000 0.000000 0.000000
vt 0.000000 10.000000 0.000000
vt 9.500000 10.000000 0.000000
vt 19.000000 0.000000 0.000000
vt 19.000000 10.000000 0.000000
vt -0.000000 0.000000 0.000000
vt 10.750000 0.000000 0.000000
vt -0.000000 10.000000 0.000000
vt 10.750000 10.000000 0.000000
vt 21.500000 0.000000 0.000000
vt 21.500000 10.000000 0.000000
vt 32.250000 0.000000 0.000000
vt 32.250000 10.000000 0.000000
vt 43.000000 0.000000 0.000000
vt 43.000000 10.000000 0.000000
vt 0.000000 0.000000 0.000000
vt 8.000000 0.000000 0.000000
vt 0.000000 10.000000 0.000000
vt 8.000000 10.000000 0.000000
vt 16.000000 0.000000 0.000000
vt 16.000000 10.000000 0.000000
vt 24.000000 0.000000 0.000000
vt 24.000000 10.000000 0.000000
vt -0.000000 0.000000 0.000000
vt 10.600000 0.000000 0.000000
vt -0.000000 10.000000 0.000000
vt 10.600000 10.000000 0.000000
vt 21.200000 0.000000 0.000000
vt 21.200000 10.000000 0.000000
vt 31.800000 0.000000 0.000000
vt 31.800000 10.000000 0.000000
vt 42.400000 0.000000 0.000000
vt 42.400000 10.000000 0.000000
vt 53.000000 0.000000 0.000000
vt 53.000000 10.000000 0.000000
vt 0.000000 0.000000 0.000000
vt 8.000000 0.000000 0.000000
vt 0.000000 10.000000 0.000000
vt 8.000000 10.000000 0.000000
vt 16.000000 0.000000 0.000000
vt 16.000000 10.000000 0.000000
vt 24.000000 0.000000 0.000000
vt 24.000000 10.000000 0.000000
vt -0.000000 0.000000 0.000000
vt 8.000000 0.000000 0.000000
vt -0.000000 10.000000 0.000000
vt 8.000000 10.000000 0.000000
vt 16.000000 0.000000 0.000000
vt 16.000000 10.000000 0.000000
vt 24.000000 0.000000 0.000000
vt 24.000000 10.000000 0.000000
vt 0.000000 0.000000 0.000000
vt 5.000000 0.000000 0.000000
vt 0.000000 10.000000 0.000000
vt 5.000000 10.000000 0.000000
vt 0.000000 0.000000 0.000000
vt 8.000000 0.000000 0.000000
vt 0.000000 10.000000 0.000000
vt 8.000000 10.000000 0.000000
vt 16.000000 0.000000 0.000000
vt 16.000000 10.000000 0.000000
vt 24.000000 0.000000 0.000000
vt 24.000000 10.000000 0.000000
vt 0.000000 0.000000 0.000000
vt 9.600000 0.000000 0.000000
vt 0.000000 10.000000 0.000000
vt 9.600000 10.000000 0.000000
vt 19.200000 0.000000 0.000000
vt 19.200000 10.000000 0.000000
vt 28.800000 0.000000 0.000000
vt 28.800000 10.000000 0.000000
vt 38.400000 0.000000 0.000000
vt 38.400000 10.000000 0.000000
vt 48.000000 0.000000 0.000000
vt 48.000000 10.000000 0.000000
vt -0.000000 0.000000 0.000000
vt 10.600000 0.000000 0.000000
vt 0.000000 10.000000 0.000000
vt 10.600000 10.000000 0.000000
vt 21.200000 0.000000 0.000000
vt 21.200000 10.000000 0.000000
vt 31.800000 0.000000 0.000000
vt 31.800000 10.000000 0.000000
vt 42.400000 0.000000 0.000000
vt 42.400000 10.000000 0.000000
vt 53.000000 0.000000 0.000000
vt 53.000000 10.000000 0.000000
vt 0.000000 0.000000 0.000000
vt 5.000000 0.000000 0.000000
vt 0.000000 10.000000 0.000000
vt 5.000000 10.000000 0.000000
vt -0.000000 0.000000 0.000000
vt 8.000000 0.000000 0.000000
vt -0.000000 10.000000 0.000000
vt 8.000000 10.000000 0.000000
vt 16.000000 0.000000 0.000000
vt 16.000000 10.000000 0.000000
vt 24.000000 0.000000 0.000000
vt 24.000000 10.000000 0.000000
vt 0.000000 0.000000 0.000000
vt 10.750000 0.000000 0.000000
vt 0.000000 10.000000 0.000000
vt 10.750000 10.000000 0.000000
vt 21.500000 0.000000 0.000000
vt 21.500000 10.000000 0.000000
vt 32.250000 0.000000 0.000000
vt 32.250000 10.000000 0.000000
vt 43.000000 0.000000 0.000000
vt 43.000000 10.000000 0.000000
vt 0.000000 0.000000 0.000000
vt 5.000000 0.000000 0.000000
vt 0.000000 10.000000 0.000000
vt 5.000000 10.000000 0.000000
vt 0.000000 0.000000 0.000000
vt 10.750000 0.000000 0.000000
vt 0.000000 10.000000 0.000000
vt 10.750000 10.000000 0.000000
vt 21.500000 0.000000 0.000000
vt 21.500000 10.000000 0.000000
vt 32.250000 0.000000 0.000000
vt 32.250000 10.000000 0.000000
vt 43.000000 0.000000 0.000000
vt 43.000000 10.000000 0.000000
vt -0.000000 0.000000 0.000000
vt 9.500000 0.000000 0.000000
vt -0.000000 10.000000 0.000000
vt 9.500000 10.000000 0.000000
vt 19.000000 0.000000 0.000000
vt 19.000000 10.000000 0.000000
vt 0.000000 0.000000 0.000000
vt 11.166667 0.000000 0.000000
vt 0.000000 10.000000 0.000000
vt 11.166667 10.000000 0.000000
vt 22.333333 0.000000 0.000000
vt 22.333333 10.000000 0.000000
vt 33.500000 0.000000 0.000000
vt 33.500000 10.000000 0.000000
vt 44.666667 0.000000 0.000000
vt 44.666667 10.000000 0.000000
vt 55.833333 0.000000 0.000000
vt 55.833333 10.000000 0.000000
vt 67.000000 0.000000 0.000000
vt 67.000000 10.000000 0.000000
vt -0.000000 0.000000 0.000000
vt 10.750000 0.000000 0.000000
vt 0.000000 10.000000 0.000000
vt 10.750000 10.000000 0.000000
vt 21.500000 0.000000 0.000000
vt 21.500000 10.000000 0.000000
vt 32.250000 0.000000 0.000000
vt 32.250000 10.000000 0.000000
vt 43.000000 0.000000 0.000000
vt 43.000000 10.000000 0.000000
vt 0.000000 0.000000 0.000000
vt 9.600000 0.000000 0.000000
vt 0.000000 10.000000 0.000000
vt 9.600000 10.000000 0.000000
vt 19.200000 0.000000 0.000000
vt 19.200000 10.000000 0.000000
vt 28.800000 0.000000 0.000000
vt 28.800000 10.000000 0.000000
vt 38.400000 0.000000 0.000000
vt 38.400000 10.000000 0.000000
vt 48.000000 0.000000 0.000000
vt 48.000000 10.000000 0.000000
vt -0.000000 0.000000 0.000000
vt 5.000000 0.000000 0.000000
vt 0.000000 10.000000 0.000000
vt 5.000000 10.000000 0.000000
vt 0.000000 0.000000 0.000000
vt 8.000000 0.000000 0.000000
vt 0.000000 10.000000 0.000000
vt 8.000000 10.000000 0.000000
vt 16.000000 0.000000 0.000000
vt 16.000000 10.000000 0.000000
vt 24.000000 0.000000 0.000000
vt 24.000000 10.000000 0.000000
vt 0.000000 0.000000 0.000000
vt 9.500000 0.000000 0.000000
vt 0.000000 10.000000 0.000000
vt 9.500000 10.000000 0.000000
vt 19.000000 0.000000 0.000000
vt 19.000000 10.000000 0.000000
vt 0.000000 0.000000 0.000000
vt 9.600000 0.000000 0.000000
vt 0.000000 10.000000 0.000000
vt 9.600000 10.000000 0.000000
vt 19.200000 0.000000 0.000000
vt 19.200000 10.000000 0.000000
vt 28.800000 0.000000 0.000000
vt 28.800000 10.000000 0.000000
vt 38.400000 0.000000 0.000000
vt 38.400000 10.000000 0.000000
vt 48.000000 0.000000 0.000000
vt 48.000000 10.000000 0.000000
vt 0.000000 0.000000 0.000000
vt 5.000000 0.000000 0.000000
vt 0.000000 10.000000 0.000000
vt 5.000000 10.000000 0.000000
vt 0.000000 0.000000 0.000000
vt 9.600000 0.000000 0.000000
vt 0.000000 10.000000 0.000000
vt 9.600000 10.000000 0.000000
vt 19.200000 0.000000 0.000000
vt 19.200000 10.000000 0.000000
vt 28.800000 0.000000 0.000000
vt 28.800000 10.000000 0.000000
vt 38.400000 0.000000 0.000000
vt 38.400000 10.000000 0.000000
vt 48.000000 0.000000 0.000000
vt 48.000000 10.000000 0.000000
vt 0.000000 0.000000 0.000000
vt 9.500000 0.000000 0.000000
vt 0.000000 10.000000 0.000000
vt 9.500000 10.000000 0.000000
vt 19.000000 0.000000 0.000000
vt 19.000000 10.000000 0.000000
vt 0.000000 0.000000 0.000000
vt 8.000000 0.000000 0.000000
vt 0.000000 10.000000 0.000000
vt 8.000000 10.000000 0.000000
vt 16.000000 0.000000 0.000000
vt 16.000000 10.000000 0.000000
vt 24.000000 0.000000 0.000000
vt 24.000000 10.000000 0.000000
vt 0.000000 0.000000 0.000000
vt 8.000000 0.000000 0.000000
vt 0.000000 10.000000 0.000000
vt 8.000000 10.000000 0.000000
vt 16.000000 0.000000 0.000000
vt 16.000000 10.000000 0.000000
vt 24.000000 0.000000 0.000000
vt 24.000000 10.000000 0.000000
vt 0.000000 0.000000 0.000000
vt 8.000000 0.000000 0.000000
vt 0.000000 10.000000 0.000000
vt 8.000000 10.000000 0.000000
vt 16.000000 0.000000 0.000000
vt 16.000000 10.000000 0.000000
vt 24.000000 0.000000 0.000000
vt 24.000000 10.000000 0.000000
vt 0.000000 0.000000 0.000000
vt 5.000000 0.000000 0.000000
vt 0.000000 10.000000 0.000000
vt 5.000000 10.000000 0.000000
vt 0.000000 0.000000 0.000000
vt 9.666667 0.000000 0.000000
vt 0.000000 10.000000 0.000000
vt 9.666667 10.000000 0.000000
vt 19.333333 0.000000 0.000000
vt 19.333333 10.000000 0.000000
vt 29.000000 0.000000 0.000000
vt 29.000000 10.000000 0.000000
vt -0.000000 0.000000 0.000000
vt 8.000000 0.000000 0.000000
vt -0.000000 10.000000 0.000000
vt 8.000000 10.000000 0.000000
vt 16.000000 0.000000 0.000000
vt 16.000000 10.000000 0.000000
vt 24.000000 0.000000 0.000000
vt 24.000000 10.000000 0.000000
vt 0.000000 0.000000 0.000000
vt 9.500000 0.000000 0.000000
vt 0.000000 10.000000 0.000000
vt 9.500000 10.000000 0.000000
vt 19.000000 0.000000 0.000000
vt 19.000000 10.000000 0.000000
vt 0.000000 0.000000 0.000000
vt 8.000000 0.000000 0.000000
vt 0.000000 10.000000 0.000000
vt 8.000000 10.000000 0.000000
vt 16.000000 0.000000 0.000000
vt 16.000000 10.000000 0.000000
vt 24.000000 0.000000 0.000000
vt 24.000000 10.000000 0.000000
vt 0.000000 0.000000 0.000000
vt 5.000000 0.000000 0.000000
vt 0.000000 10.000000 0.000000
vt 5.000000 10.000000 0.000000
vt -0.000000 0.000000 0.000000
vt 8.000000 0.000000 0.000000
vt -0.000000 10.000000 0.000000
vt 8.000000 10.000000 0.000000
vt 16.000000 0.000000 0.000000
vt 16.000000 10.000000 0.000000
vt 24.000000 0.000000 0.000000
vt 24.000000 10.000000 0.000000
vt 0.000000 0.000000 0.000000
vt 10.750000 0.000000 0.000000
vt 0.000000 10.000000 0.000000
vt 10.750000 10.000000 0.000000
vt 21.500000 0.000000 0.000000
vt 21.500000 10.000000 0.000000
vt 32.250000 0.000000 0.000000
vt 32.250000 10.000000 0.000000
vt 43.000000 0.000000 0.000000
vt 43.000000 10.000000 0.000000
vt 0.000000 0.000000 0.000000
vt 8.000000 0.000000 0.000000
vt 0.000000 10.000000 0.000000
vt 8.000000 10.000000 0.000000
vt 16.000000 0.000000 0.000000
vt 16.000000 10.000000 0.000000
vt 24.000000 0.000000 0.000000
vt 24.000000 10.000000 0.000000
vt 0.000000 0.000000 0.000000
vt 9.666667 0.000000 0.000000
vt 0.000000 10.000000 0.000000
vt 9.666667 10.000000 0.000000
vt 19.333333 0.000000 0.000000
vt 19.333333 10.000000 0.000000
vt 29.000000 0.000000 0.000000
vt 29.000000 10.000000 0.000000
vt -0.000000 0.000000 0.000000
vt 5.000000 0.000000 0.000000
vt -0.000000 10.000000 0.000000
vt 5.000000 10.000000 0.000000
vt 0.000000 0.000000 0.000000
vt 8.000000 0.000000 0.000000
vt 0.000000 10.000000 0.000000
vt 8.000000 10.000000 0.000000
vt 16.000000 0.000000 0.000000
vt 16.000000 10.000000 0.000000
vt 24.000000 0.000000 0.000000
vt 24.000000 10.000000 0.000000
vt -0.000000 0.000000 0.000000
vt 9.500000 0.000000 0.000000
vt -0.000000 10.000000 0.000000
vt 9.500000 10.000000 0.000000
vt 19.000000 0.000000 0.000000
vt 19.000000 10.000000 0.000000
vt 0.000000 0.000000 0.000000
vt 10.750000 0.000000 0.000000
vt 0.000000 10.000000 0.000000
vt 10.750000 10.000000 0.000000
vt 21.500000 0.000000 0.000000
vt 21.500000 10.000000 0.000000
vt 32.250000 0.000000 0.000000
vt 32.250000 10.000000 0.000000
vt 43.000000 0.000000 0.000000
vt 43.000000 10.000000 0.000000
vt 0.000000 0.000000 0.000000
vt 8.000000 0.000000 0.000000
vt 0.000000 10.000000 0.000000
vt 8.000000 10.000000 0.000000
vt 16.000000 0.000000 0.000000
vt 16.000000 10.000000 0.000000
vt 24.000000 0.000000 0.000000
vt 24.000000 10.000000 0.000000
vt 0.000000 0.000000 0.000000
vt 5.000000 0.000000 0.000000
vt 0.000000 10.000000 0.000000
vt 5.000000 10.000000 0.000000
vt -0.000000 0.000000 0.000000
vt 9.666667 0.000000 0.000000
vt -0.000000 10.000000 0.000000
vt 9.666667 10.000000 0.000000
vt 19.333333 0.000000 0.000000
vt 19.333333 10.000000 0.000000
vt 29.000000 0.000000 0.000000
vt 29.000000 10.000000 0.000000
vt 0.000000 0.000000 0.000000
vt 8.000000 0.000000 0.000000
vt 0.000000 10.000000 0.000000
vt 8.000000 10.000000 0.000000
vt 16.000000 0.000000 0.000000
vt 16.000000 10.000000 0.000000
vt 24.000000 0.000000 0.000000
vt 24.000000 10.000000 0.000000
vt -0.000000 0.000000 0.000000
vt 9.500000 0.000000 0.000000
vt -0.000000 10.000000 0.000000
vt 9.500000 10.000000 0.000000
vt 19.000000 0.000000 0.000000
vt 19.000000 10.000000 0.000000
vt 0.000000 0.000000 0.000000
vt 10.750000 0.000000 0.000000
vt 0.000000 10.000000 0.000000
vt 10.750000 10.000000 0.000000
vt 21.500000 0.000000 0.000000
vt 21.500000 10.000000 0.000000
vt 32.250000 0.000000 0.000000
vt 32.250000 10.000000 0.000000
vt 43.000000 0.000000 0.000000
vt 43.000000 10.000000 0.000000
vt 0.000000 0.000000 0.000000
vt 8.000000 0.000000 0.000000
vt 0.000000 10.000000 0.000000
vt 8.000000 10.000000 0.000000
vt 16.000000 0.000000 0.000000
vt 16.000000 10.000000 0.000000
vt 24.000000 0.000000 0.000000
vt 24.000000 10.000000 0.000000
vt 0.000000 0.000000 0.000000
vt 8.000000 0.000000 0.000000
vt 0.000000 10.000000 0.000000
vt 8.000000 10.000000 0.000000
vt 16.000000 0.000000 0.000000
vt 16.000000 10.000000 0.000000
vt 24.000000 0.000000 0.000000
vt 24.000000 10.000000 0.000000
vt 0.000000 0.000000 0.000000
vt 9.500000 0.000000 0.000000
vt 0.000000 10.000000 0.000000
vt 9.500000 10.000000 0.000000
vt 19.000000 0.000000 0.000000
vt 19.000000 10.000000 0.000000
vt 0.000000 0.000000 0.000000
vt 8.000000 0.000000 0.000000
vt 0.000000 10.000000 0.000000
vt 8.000000 10.000000 0.000000
vt 16.000000 0.000000 0.000000
vt 16.000000 10.000000 0.000000
vt 24.000000 0.000000 0.000000
vt 24.000000 10.000000 0.000000
vt 0.000000 0.000000 0.000000
vt 5.000000 0.000000 0.000000
vt 0.000000 10.000000 0.000000
vt 5.000000 10.000000 0.000000
vt 0.000000 0.000000 0.000000
vt 9.666667 0.000000 0.000000
vt 0.000000 10.000000 0.000000
vt 9.666667 10.000000 0.000000
vt 19.333333 0.000000 0.000000
vt 19.333333 10.000000 0.000000
vt 29.000000 0.000000 0.000000
vt 29.000000 10.000000 0.000000
vt -0.000000 0.000000 0.000000
vt 9.666667 0.000000 0.000000
vt -0.000000 10.000000 0.000000
vt 9.666667 10.000000 0.000000
vt 19.333333 0.000000 0.000000
vt 19.333333 10.000000 0.000000
vt 29.000000 0.000000 0.000000
vt 29.000000 10.000000 0.000000
vt 0.000000 0.000000 0.000000
vt 8.000000 0.000000 0.000000
vt 0.000000 10.000000 0.000000
vt 8.000000 10.000000 0.000000
vt 16.000000 0.000000 0.000000
vt 16.000000 10.000000 0.000000
vt 24.000000 0.000000 0.000000
vt 24.000000 10.000000 0.000000
vt -0.000000 0.000000 0.000000
vt 11.166667 0.000000 0.000000
vt -0.000000 10.000000 0.000000
vt 11.166667 10.000000 0.000000
vt 22.333333 0.000000 0.000000
vt 22.333333 10.000000 0.000000
vt 33.500000 0.000000 0.000000
vt 33.500000 10.000000 0.000000
vt 44.666667 0.000000 0.000000
vt 44.666667 10.000000 0.000000
vt 55.833333 0.000000 0.000000
vt 55.833333 10.000000 0.000000
vt 67.000000 0.000000 0.000000
vt 67.000000 10.000000 0.000000
vt 0.000000 0.000000 0.000000
vt 8.000000 0.000000 0.000000
vt 0.000000 10.000000 0.000000
vt 8.000000 10.000000 0.000000
vt 16.000000 0.000000 0.000000
vt 16.000000 10.000000 0.000000
vt 24.000000 0.000000 0.000000
vt 24.000000 10.000000 0.000000
vt -0.000000 0.000000 0.000000
vt 11.222222 0.000000 0.000000
vt -0.000000 10.000000 0.000000
vt 11.222222 10.000000 0.000000
vt 22.444444 0.000000 0.000000
vt 22.444444 10.000000 0.000000
vt 33.666667 0.000000 0.000000
vt 33.666667 10.000000 0.000000
vt 44.888889 0.000000 0.000000
vt 44.888889 10.000000 0.000000
vt 56.111111 0.000000 0.000000
vt 56.111111 10.000000 0.000000
vt 67.333333 0.000000 0.000000
vt 67.333333 10.000000 0.000000
vt 78.555556 0.000000 0.000000
vt 78.555556 10.000000 0.000000
vt 89.777778 0.000000 0.000000
vt 89.777778 10.000000 0.000000
vt 101.000000 0.000000 0.000000
vt 101.000000 10.000000 0.000000
vt 0.000000 0.000000 0.000000
vt 9.666667 0.000000 0.000000
vt 0.000000 10.000000 0.000000
vt 9.666667 10.000000 0.000000
vt 19.333333 0.000000 0.000000
vt 19.333333 10.000000 0.000000
vt 29.000000 0.000000 0.000000
vt 29.000000 10.000000 0.000000
vt 0.000000 0.000000 0.000000
vt 5.000000 0.000000 0.000000
vt 0.000000 10.000000 0.000000
vt 5.000000 10.000000 0.000000
vt 0.000000 0.000000 0.000000
vt 8.000000 0.000000 0.000000
vt 0.000000 10.000000 0.000000
vt 8.000000 10.000000 0.000000
vt 16.000000 0.000000 0.000000
vt 16.000000 10.000000 0.000000
vt 24.000000 0.000000 0.000000
vt 24.000000 10.000000 0.000000
vt 0.000000 0.000000 0.000000
vt 10.111111 0.000000 0.000000
vt 0.000000 10.000000 0.000000
vt 10.111111 10.000000 0.000000
vt 20.222222 0.000000 0.000000
vt 20.222222 10.000000 0.000000
vt 30.333333 0.000000 0.000000
vt 30.333333 10.000000 0.000000
vt 40.444444 0.000000 0.000000
vt 40.444444 10.000000 0.000000
vt 50.555556 0.000000 0.000000
vt 50.555556 10.000000 0.000000
vt 60.666667 0.000000 0.000000
vt 60.666667 10.000000 0.000000
vt 70.777778 0.000000 0.000000
vt 70.777778 10.000000 0.000000
vt 80.888889 0.000000 0.000000
vt 80.888889 10.000000 0.000000
vt 91.000000 0.000000 0.000000
vt 91.000000 10.000000 0.000000
vt 0.000000 0.000000 0.000000
vt 9.500000 0.000000 0.000000
vt 0.000000 10.000000 0.000000
vt 9.500000 10.000000 0.000000
vt 19.000000 0.000000 0.000000
vt 19.000000 10.000000 0.000000
vt -0.000000 0.000000 0.000000
vt 8.000000 0.000000 0.000000
vt -0.000000 10.000000 0.000000
vt 8.000000 10.000000 0.000000
vt 16.000000 0.000000 0.000000
vt 16.000000 10.000000 0.000000
vt 24.000000 0.000000 0.000000
vt 24.000000 10.000000 0.000000
vt 0.000000 0.000000 0.000000
vt 5.000000 0.000000 0.000000
vt 0.000000 10.000000 0.000000
vt 5.000000 10.000000 0.000000
vt -0.000000 0.000000 0.000000
vt 9.600000 0.000000 0.000000
vt 0.000000 10.000000 0.000000
vt 9.600000 10.000000 0.000000
vt 19.200000 0.000000 0.000000
vt 19.200000 10.000000 0.000000
vt 28.800000 0.000000 0.000000
vt 28.800000 10.000000 0.000000
vt 38.400000 0.000000 0.000000
vt 38.400000 10.000000 0.000000
vt 48.000000 0.000000 0.000000
vt 48.000000 10.000000 0.000000
vt 0.000000 0.000000 0.000000
vt 8.000000 0.000000 0.000000
vt 0.000000 10.000000 0.000000
vt 8.000000 10.000000 0.000000
vt 16.000000 0.000000 0.000000
vt 16.000000 10.000000 0.000000
vt 24.000000 0.000000 0.000000
vt 24.000000 10.000000 0.000000
vt -0.000000 0.000000 0.000000
vt 5.000000 0.000000 0.000000
vt 0.000000 10.000000 0.000000
vt 5.000000 10.000000 0.000000
vt 0.000000 0.000000 0.000000
vt 8.000000 0.000000 0.000000
vt 0.000000 10.000000 0.000000
vt 8.000000 10.000000 0.000000
vt 16.000000 0.000000 0.000000
vt 16.000000 10.000000 0.000000
vt 24.000000 0.000000 0.000000
vt 24.000000 10.000000 0.000000
vt 0.000000 0.000000 0.000000
vt 9.500000 0.000000 0.000000
vt 0.000000 10.000000 0.000000
vt 9.500000 10.000000 0.000000
vt 19.000000 0.000000 0.000000
vt 19.000000 10.000000 0.000000
vt 0.000000 0.000000 0.000000
vt 10.750000 0.000000 0.000000
vt 0.000000 10.000000 0.000000
vt 10.750000 10.000000 0.000000
vt 21.500000 0.000000 0.000000
vt 21.500000 10.000000 0.000000
vt 32.250000 0.000000 0.000000
vt 32.250000 10.000000 0.000000
vt 43.000000 0.000000 0.000000
vt 43.000000 10.000000 0.000000
vt -0.000000 0.000000 0.000000
vt 8.000000 0.000000 0.000000
vt -0.000000 10.000000 0.000000
vt 8.000000 10.000000 0.000000
vt 16.000000 0.000000 0.000000
vt 16.000000 10.000000 0.000000
vt 24.000000 0.000000 0.000000
vt 24.000000 10.000000 0.000000
vt 0.000000 0.000000 0.000000
vt 5.000000 0.000000 0.000000
vt 0.000000 10.000000 0.000000
vt 5.000000 10.000000 0.000000
vt 0.000000 0.000000 0.000000
vt 9.600000 0.000000 0.000000
vt 0.000000 10.000000 0.000000
vt 9.600000 10.000000 0.000000
vt 19.200000 0.000000 0.000000
vt 19.200000 10.000000 0.000000
vt 28.800000 0.000000 0.000000
vt 28.800000 10.000000 0.000000
vt 38.400000 0.000000 0.000000
vt 38.400000 10.000000 0.000000
vt 48.000000 0.000000 0.000000
vt 48.000000 10.000000 0.000000
vt 0.000000 0.000000 0.000000
vt 10.750000 0.000000 0.000000
vt 0.000000 10.000000 0.000000
vt 10.750000 10.000000 0.000000
vt 21.500000 0.000000 0.000000
vt 21.500000 10.000000 0.000000
vt 32.250000 0.000000 0.000000
vt 32.250000 10.000000 0.000000
vt 43.000000 0.000000 0.000000
vt 43.000000 10.000000 0.000000
vt -0.000000 0.000000 0.000000
vt 9.500000 0.000000 0.000000
vt -0.000000 10.000000 0.000000
vt 9.500000 10.000000 0.000000
vt 19.000000 0.000000 0.000000
vt 19.000000 10.000000 0.000000
vt 0.000000 0.000000 0.000000
vt 8.000000 0.000000 0.000000
vt 0.000000 10.000000 0.000000
vt 8.000000 10.000000 0.000000
vt 16.000000 0.000000 0.000000
vt 16.000000 10.000000 0.000000
vt 24.000000 0.000000 0.000000
vt 24.000000 10.000000 0.000000
vt -0.000000 0.000000 0.000000
vt 9.600000 0.000000 0.000000
vt -0.000000 10.000000 0.000000
vt 9.600000 10.000000 0.000000
vt 19.200000 0.000000 0.000000
vt 19.200000 10.000000 0.000000
vt 28.800000 0.000000 0.000000
vt 28.800000 10.000000 0.000000
vt 38.400000 0.000000 0.000000
vt 38.400000 10.000000 0.000000
vt 48.000000 0.000000 0.000000
vt 48.000000 10.000000 0.000000
vt 0.000000 0.000000 0.000000
vt 9.600000 0.000000 0.000000
vt 0.000000 10.000000 0.000000
vt 9.600000 10.000000 0.000000
vt 19.200000 0.000000 0.000000
vt 19.200000 10.000000 0.000000
vt 28.800000 0.000000 0.000000
vt 28.800000 10.000000 0.000000
vt 38.400000 0.000000 0.000000
vt 38.400000 10.000000 0.000000
vt 48.000000 0.000000 0.000000
vt 48.000000 10.000000 0.000000
vt -0.000000 0.000000 0.000000
vt 5.000000 0.000000 0.000000
vt -0.000000 10.000000 0.000000
vt 5.000000 10.000000 0.000000
vt 0.000000 0.000000 0.000000
vt 9.600000 0.000000 0.000000
vt 0.000000 10.000000 0.000000
vt 9.600000 10.000000 0.000000
vt 19.200000 0.000000 0.000000
vt 19.200000 10.000000 0.000000
vt 28.800000 0.000000 0.000000
vt 28.800000 10.000000 0.000000
vt 38.400000 0.000000 0.000000
vt 38.400000 10.000000 0.000000
vt 48.000000 0.000000 0.000000
vt 48.000000 10.000000 0.000000
vt -0.000000 0.000000 0.000000
vt 9.600000 0.000000 0.000000
vt -0.000000 10.000000 0.000000
vt 9.600000 10.000000 0.000000
vt 19.200000 0.000000 0.000000
vt 19.200000 10.000000 0.000000
vt 28.800000 0.000000 0.000000
vt 28.800000 10.000000 0.000000
vt 38.400000 0.000000 0.000000
vt 38.400000 10.000000 0.000000
vt 48.000000 0.000000 0.000000
vt 48.000000 10.000000 0.000000
vt 0.000000 0.000000 0.000000
vt 8.000000 0.000000 0.000000
vt 0.000000 10.000000 0.000000
vt 8.000000 10.000000 0.000000
vt 16.000000 0.000000 0.000000
vt 16.000000 10.000000 0.000000
vt 24.000000 0.000000 0.000000
vt 24.000000 10.000000 0.000000
vt -0.000000 0.000000 0.000000
vt 9.928571 0.000000 0.000000
vt -0.000000 10.000000 0.000000
vt 9.928571 10.000000 0.000000
vt 19.857143 0.000000 0.000000
vt 19.857143 10.000000 0.000000
vt 29.785714 0.000000 0.000000
vt 29.785714 10.000000 0.000000
vt 39.714286 0.000000 0.000000
vt 39.714286 10.000000 0.000000
vt 49.642857 0.000000 0.000000
vt 49.642857 10.000000 0.000000
vt 59.571429 0.000000 0.000000
vt 59.571429 10.000000 0.000000
vt 69.500000 0.000000 0.000000
vt 69.500000 10.000000 0.000000
vt 0.000000 0.000000 0.000000
vt 8.000000 0.000000 0.000000
vt 0.000000 10.000000 0.000000
vt 8.000000 10.000000 0.000000
vt 16.000000 0.000000 0.000000
vt 16.000000 10.000000 0.000000
vt 24.000000 0.000000 0.000000
vt 24.000000 10.000000 0.000000
vt -0.000000 0.000000 0.000000
vt 5.000000 0.000000 0.000000
vt -0.000000 10.000000 0.000000
vt 5.000000 10.000000 0.000000
vt 0.000000 0.000000 0.000000
vt 10.625000 0.000000 0.000000
vt 0.000000 10.000000 0.000000
vt 10.625000 10.000000 0.000000
vt 21.250000 0.000000 0.000000
vt 21.250000 10.000000 0.000000
vt 31.875000 0.000000 0.000000
vt 31.875000 10.000000 0.000000
vt 42.500000 0.000000 0.000000
vt 42.500000 10.000000 0.000000
vt 53.125000 0.000000 0.000000
vt 53.125000 10.000000 0.000000
vt 63.750000 0.000000 0.000000
vt 63.750000 10.000000 0.000000
vt 74.375000 0.000000 0.000000
vt 74.375000 10.000000 0.000000
vt 85.000000 0.000000 0.000000
vt 85.000000 10.000000 0.000000
vt 95.625000 0.000000 0.000000
vt 95.625000 10.000000 0.000000
vt 106.250000 0.000000 0.000000
vt 106.250000 10.000000 0.000000
vt 116.875000 0.000000 0.000000
vt 116.875000 10.000000 0.000000
vt 127.500000 0.000000 0.000000
vt 127.500000 10.000000 0.000000
vt 0.000000 0.000000 0.000000
vt 10.869565 0.000000 0.000000
vt 0.000000 10.000000 0.000000
vt 10.869565 10.000000 0.000000
vt 21.739130 0.000000 0.000000
vt 21.739130 10.000000 0.000000
vt 32.608696 0.000000 0.000000
vt 32.608696 10.000000 0.000000
vt 43.478261 0.000000 0.000000
vt 43.478261 10.000000 0.000000
vt 54.347826 0.000000 0.000000
vt 54.347826 10.000000 0.000000
vt 65.217391 0.000000 0.000000
vt 65.217391 10.000000 0.000000
vt 76.086957 0.000000 0.000000
vt 76.086957 10.000000 0.000000
vt 86.956522 0.000000 0.000000
vt 86.956522 10.000000 0.000000
vt 97.826087 0.000000 0.000000
vt 97.826087 10.000000 0.000000
vt 108.695652 0.000000 0.000000
vt 108.695652 10.000000 0.000000
vt 119.565217 0.000000 0.000000
vt 119.565217 10.000000 0.000000
vt 130.434783 0.000000 0.000000
vt 130.434783 10.000000 0.000000
vt 141.304348 0.000000 0.000000
vt 141.304348 10.000000 0.000000
vt 152.173913 0.000000 0.000000
vt 152.173913 10.000000 0.000000
vt 163.043478 0.000000 0.000000
vt 163.043478 10.000000 0.000000
vt 173.913043 0.000000 0.000000
vt 173.913043 10.000000 0.000000
vt 184.782609 0.000000 0.000000
vt 184.782609 10.000000 0.000000
vt 195.652174 0.000000 0.000000
vt 195.652174 10.000000 0.000000
vt 206.521739 0.000000 0.000000
vt 206.521739 10.000000 0.000000
vt 217.391304 0.000000 0.000000
vt 217.391304 10.000000 0.000000
vt 228.260870 0.000000 0.000000
vt 228.260870 10.000000 0.000000
vt 239.130435 0.000000 0.000000
vt 239.130435 10.000000 0.000000
vt 250.000000 0.000000 0.000000
vt 250.000000 10.000000 0.000000
vt -0.000000 0.000000 0.000000
vt 10.350000 0.000000 0.000000
vt -0.000000 10.000000 0.000000
vt 10.350000 10.000000 0.000000
vt 20.700000 0.000000 0.000000
vt 20.700000 10.000000 0.000000
vt 31.050000 0.000000 0.000000
vt 31.050000 10.000000 0.000000
vt 41.400000 0.000000 0.000000
vt 41.400000 10.000000 0.000000
vt 51.750000 0.000000 0.000000
vt 51.750000 10.000000 0.000000
vt 62.100000 0.000000 0.000000
vt 62.100000 10.000000 0.000000
vt 72.450000 0.000000 0.000000
vt 72.450000 10.000000 0.000000
vt 82.800000 0.000000 0.000000
vt 82.800000 10.000000 0.000000
vt 93.150000 0.000000 0.000000
vt 93.150000 10.000000 0.000000
vt 103.500000 0.000000 0.000000
vt 103.500000 10.000000 0.000000
vt -0.000000 0.000000 0.000000
vt 10.500000 0.000000 0.000000
vt -0.000000 10.000000 0.000000
vt 10.500000 10.000000 0.000000
vt 21.000000 0.000000 0.000000
vt 21.000000 10.000000 0.000000
vt 31.500000 0.000000 0.000000
vt 31.500000 10.000000 0.000000
vt 0.000000 0.000000 0.000000
vt 5.000000 0.000000 0.000000
vt 0.000000 10.000000 0.000000
vt 5.000000 10.000000 0.000000
vt 0.000000 0.000000 0.000000
vt 8.833333 0.000000 0.000000
vt 0.000000 10.000000 0.000000
vt 8.833333 10.000000 0.000000
vt 17.666667 0.000000 0.000000
vt 17.666667 10.000000 0.000000
vt 26.500000 0.000000 0.000000
vt 26.500000 10.000000 0.000000
vt 0.000000 0.000000 0.000000
vt 10.388889 0.000000 0.000000
vt 0.000000 10.000000 0.000000
vt 10.388889 10.000000 0.000000
vt 20.777778 0.000000 0.000000
vt 20.777778 10.000000 0.000000
vt 31.166667 0.000000 0.000000
vt 31.166667 10.000000 0.000000
vt 41.555556 0.000000 0.000000
vt 41.555556 10.000000 0.000000
vt 51.944444 0.000000 0.000000
vt 51.944444 10.000000 0.000000
vt 62.333333 0.000000 0.000000
vt 62.333333 10.000000 0.000000
vt 72.722222 0.000000 0.000000
vt 72.722222 10.000000 0.000000
vt 83.111111 0.000000 0.000000
vt 83.111111 10.000000 0.000000
vt 93.500000 0.000000 0.000000
vt 93.500000 10.000000 0.000000
vt 0.000000 0.000000 0.000000
vt 9.100000 0.000000 0.000000
vt 0.000000 10.000000 0.000000
vt 9.100000 10.000000 0.000000
vt 18.200000 0.000000 0.000000
vt 18.200000 10.000000 0.000000
vt 27.300000 0.000000 0.000000
vt 27.300000 10.000000 0.000000
vt 36.400000 0.000000 0.000000
vt 36.400000 10.000000 0.000000
vt 45.500000 0.000000 0.000000
vt 45.500000 10.000000 0.000000
vt 0.000000 0.000000 0.000000
vt 8.833333 0.000000 0.000000
vt 0.000000 10.000000 0.000000
vt 8.833333 10.000000 0.000000
vt 17.666667 0.000000 0.000000
vt 17.666667 10.000000 0.000000
vt 26.500000 0.000000 0.000000
vt 26.500000 10.000000 0.000000
vt -0.000000 0.000000 0.000000
vt 5.000000 0.000000 0.000000
vt -0.000000 10.000000 0.000000
vt 5.000000 10.000000 0.000000
vt 0.000000 0.000000 0.000000
vt 8.833333 0.000000 0.000000
vt 0.000000 10.000000 0.000000
vt 8.833333 10.000000 0.000000
vt 17.666667 0.000000 0.000000
vt 17.666667 10.000000 0.000000
vt 26.500000 0.000000 0.000000
vt 26.500000 10.000000 0.000000
vt 0.000000 0.000000 0.000000
vt 10.454545 0.000000 0.000000
vt 0.000000 10.000000 0.000000
vt 10.454545 10.000000 0.000000
vt 20.909091 0.000000 0.000000
vt 20.909091 10.000000 0.000000
vt 31.363636 0.000000 0.000000
vt 31.363636 10.000000 0.000000
vt 41.818182 0.000000 0.000000
vt 41.818182 10.000000 0.000000
vt 52.272727 0.000000 0.000000
vt 52.272727 10.000000 0.000000
vt 62.727273 0.000000 0.000000
vt 62.727273 10.000000 0.000000
vt 73.181818 0.000000 0.000000
vt 73.181818 10.000000 0.000000
vt 83.636364 0.000000 0.000000
vt 83.636364 10.000000 0.000000
vt 94.090909 0.000000 0.000000
vt 94.090909 10.000000 0.000000
vt 104.545455 0.000000 0.000000
vt 104.545455 10.000000 0.000000
vt 115.000000 0.000000 0.000000
vt 115.000000 10.000000 0.000000
vt 0.000000 0.000000 0.000000
vt 10.100000 0.000000 0.000000
vt 0.000000 10.000000 0.000000
vt 10.100000 10.000000 0.000000
vt 20.200000 0.000000 0.000000
vt 20.200000 10.000000 0.000000
vt 30.300000 0.000000 0.000000
vt 30.300000 10.000000 0.000000
vt 40.400000 0.000000 0.000000
vt 40.400000 10.000000 0.000000
vt 50.500000 0.000000 0.000000
vt 50.500000 10.000000 0.000000
vt -0.000000 0.000000 0.000000
vt 5.000000 0.000000 0.000000
vt -0.000000 10.000000 0.000000
vt 5.000000 10.000000 0.000000
vt 0.000000 0.000000 0.000000
vt 10.100000 0.000000 0.000000
vt 0.000000 10.000000 0.000000
vt 10.100000 10.000000 0.000000
vt 20.200000 0.000000 0.000000
vt 20.200000 10.000000 0.000000
vt 30.300000 0.000000 0.000000
vt 30.300000 10.000000 0.000000
vt 40.400000 0.000000 0.000000
vt 40.400000 10.000000 0.000000
vt 50.500000 0.000000 0.000000
vt 50.500000 10.000000 0.000000
vt 0.000000 0.000000 0.000000
vt 10.750000 0.000000 0.000000
vt 0.000000 10.000000 0.000000
vt 10.750000 10.000000 0.000000
vt 21.500000 0.000000 0.000000
vt 21.500000 10.000000 0.000000
vt 32.250000 0.000000 0.000000
vt 32.250000 10.000000 0.000000
vt 43.000000 0.000000 0.000000
vt 43.000000 10.000000 0.000000
vt 0.000000 0.000000 0.000000
vt 10.750000 0.000000 0.000000
vt 0.000000 10.000000 0.000000
vt 10.750000 10.000000 0.000000
vt 21.500000 0.000000 0.000000
vt 21.500000 10.000000 0.000000
vt 0.000000 0.000000 0.000000
vt 8.000000 0.000000 0.000000
vt 0.000000 10.000000 0.000000
vt 8.000000 10.000000 0.000000
vt 16.000000 0.000000 0.000000
vt 16.000000 10.000000 0.000000
vt 24.000000 0.000000 0.000000
vt 24.000000 10.000000 0.000000
vt 0.000000 0.000000 0.000000
vt 5.000000 0.000000 0.000000
vt 0.000000 10.000000 0.000000
vt 5.000000 10.000000 0.000000
vt -0.000000 0.000000 0.000000
vt 9.666667 0.000000 0.000000
vt -0.000000 10.000000 0.000000
vt 9.666667 10.000000 0.000000
vt 19.333333 0.000000 0.000000
vt 19.333333 10.000000 0.000000
vt 29.000000 0.000000 0.000000
vt 29.000000 10.000000 0.000000
vt 0.000000 0.000000 0.000000
vt 8.833333 0.000000 0.000000
vt 0.000000 10.000000 0.000000
vt 8.833333 10.000000 0.000000
vt 17.666667 0.000000 0.000000
vt 17.666667 10.000000 0.000000
vt 26.500000 0.000000 0.000000
vt 26.500000 10.000000 0.000000
vt 0.000000 0.000000 0.000000
vt 10.750000 0.000000 0.000000
vt 0.000000 10.000000 0.000000
vt 10.750000 10.000000 0.000000
vt 21.500000 0.000000 0.000000
vt 21.500000 10.000000 0.000000
vt 0.000000 0.000000 0.000000
vt 9.100000 0.000000 0.000000
vt 0.000000 10.000000 0.000000
vt 9.100000 10.000000 0.000000
vt 18.200000 0.000000 0.000000
vt 18.200000 10.000000 0.000000
vt 27.300000 0.000000 0.000000
vt 27.300000 10.000000 0.000000
vt 36.400000 0.000000 0.000000
vt 36.400000 10.000000 0.000000
vt 45.500000 0.000000 0.000000
vt 45.500000 10.000000 0.000000
vt 120.000000 -70.350000 0.000000
vt 125.000000 -69.250000 0.000000
vt 120.000000 -61.250000 0.000000
vt 125.000000 -58.625000 0.000000
vt 120.000000 -56.250000 0.000000
vt 125.000000 -48.000000 0.000000
vt 120.000000 -45.500000 0.000000
vt 125.000000 -37.375000 0.000000
vt 120.000000 -34.750000 0.000000
vt 125.000000 -26.750000 0.000000
vt 120.000000 -24.000000 0.000000
vt 125.000000 -16.125000 0.000000
vt 120.000000 -13.250000 0.000000
vt 125.000000 -5.500000 0.000000
vt 120.000000 -8.250000 0.000000
vt 120.000000 -0.250000 0.000000
vt 125.000000 5.125000 0.000000
vt 120.000000 7.750000 0.000000
vt 125.000000 15.750000 0.000000
vt 120.000000 15.750000 0.000000
vt 125.000000 -79.875000 0.000000
vt 120.000000 -79.450000 0.000000
vt 120.000000 -88.550000 0.000000
vt 125.000000 -90.500000 0.000000
vt 120.000000 -97.650000 0.000000
vt 125.000000 -101.125000 0.000000
vt 120.000000 -106.750000 0.000000
vt 125.000000 -111.750000 0.000000
vt 114.130435 -111.750000 0.000000
vt 109.250000 -106.750000 0.000000
vt 103.260870 -111.750000 0.000000
vt 98.500000 -106.750000 0.000000
vt 92.391304 -111.750000 0.000000
vt 93.500000 -106.750000 0.000000
vt 82.750000 -106.750000 0.000000
vt 98.500000 -97.916667 0.000000
vt 93.500000 -96.000000 0.000000
vt 98.500000 -89.083333 0.000000
vt 93.500000 -85.250000 0.000000
vt 98.500000 -80.250000 0.000000
vt 88.833333 -80.250000 0.000000
vt 85.500000 -85.250000 0.000000
vt 79.166667 -80.250000 0.000000
vt 77.500000 -85.250000 0.000000
vt 69.500000 -80.250000 0.000000
vt 69.500000 -85.250000 0.000000
vt 81.521739 -111.750000 0.000000
vt 72.000000 -106.750000 0.000000
vt 70.652174 -111.750000 0.000000
vt 61.250000 -106.750000 0.000000
vt 59.782609 -111.750000 0.000000
vt 50.500000 -106.750000 0.000000
vt 48.913043 -111.750000 0.000000
vt 45.500000 -106.750000 0.000000
vt 38.043478 -111.750000 0.000000
vt 35.045455 -106.750000 0.000000
vt 27.173913 -111.750000 0.000000
vt 24.590909 -106.750000 0.000000
vt 16.304348 -111.750000 0.000000
vt 14.136364 -106.750000 0.000000
vt 5.434783 -111.750000 0.000000
vt 3.681818 -106.750000 0.000000
vt -5.434783 -111.750000 0.000000
vt -6.772727 -106.750000 0.000000
vt -16.304348 -111.750000 0.000000
vt -17.227273 -106.750000 0.000000
vt -27.173913 -111.750000 0.000000
vt -27.681818 -106.750000 0.000000
vt -38.043478 -111.750000 0.000000
vt -38.136364 -106.750000 0.000000
vt -48.590909 -106.750000 0.000000
vt 50.500000 -96.650000 0.000000
vt 45.500000 -96.650000 0.000000
vt 50.500000 -86.550000 0.000000
vt 45.500000 -86.550000 0.000000
vt 50.500000 -76.450000 0.000000
vt 45.500000 -76.450000 0.000000
vt 50.500000 -66.350000 0.000000
vt 45.500000 -66.350000 0.000000
vt 45.500000 -56.250000 0.000000
vt 50.500000 -56.250000 0.000000
vt -48.913043 -111.750000 0.000000
vt -59.045455 -106.750000 0.000000
vt -59.782609 -111.750000 0.000000
vt -69.500000 -106.750000 0.000000
vt -70.652174 -111.750000 0.000000
vt -74.500000 -106.750000 0.000000
vt -81.521739 -111.750000 0.000000
vt -83.600000 -106.750000 0.000000
vt -92.391304 -111.750000 0.000000
vt -92.700000 -106.750000 0.000000
vt -101.800000 -106.750000 0.000000
vt -69.500000 -97.916667 0.000000
vt -74.500000 -97.916667 0.000000
vt -69.500000 -89.083333 0.000000
vt -74.500000 -89.083333 0.000000
vt -74.500000 -80.250000 0.000000
vt -69.500000 -80.250000 0.000000
vt -103.260870 -111.750000 0.000000
vt -110.900000 -106.750000 0.000000
vt -114.130435 -111.750000 0.000000
vt -120.000000 -106.750000 0.000000
vt -125.000000 -111.750000 0.000000
vt -125.000000 -101.400000 0.000000
vt -120.000000 -96.361111 0.000000
vt -125.000000 -91.050000 0.000000
vt -120.000000 -85.972222 0.000000
vt -125.000000 -80.700000 0.000000
vt -120.000000 -75.583333 0.000000
vt -125.000000 -70.350000 0.000000
vt -120.000000 -65.194444 0.000000
vt -125.000000 -60.000000 0.000000
vt -120.000000 -54.805556 0.000000
vt -125.000000 -49.650000 0.000000
vt -120.000000 -44.416667 0.000000
vt -125.000000 -39.300000 0.000000
vt -120.000000 -34.027778 0.000000
vt -125.000000 -28.950000 0.000000
vt -120.000000 -23.638889 0.000000
vt -125.000000 -18.600000 0.000000
vt -120.000000 -13.250000 0.000000
vt -125.000000 -8.250000 0.000000
vt -114.500000 -8.250000 0.000000
vt -113.636364 -11.175000 0.000000
vt -104.000000 -8.250000 0.000000
vt -111.166667 -13.250000 0.000000
vt -102.272727 -11.175000 0.000000
vt -102.333333 -13.250000 0.000000
vt -93.500000 -13.250000 0.000000
vt -93.500000 -8.250000 0.000000
vt 113.636364 -11.175000 0.000000
vt 110.071429 -8.250000 0.000000
vt 110.900000 -13.250000 0.000000
vt 102.272727 -11.175000 0.000000
vt 101.800000 -13.250000 0.000000
vt 100.142857 -8.250000 0.000000
vt 92.700000 -13.250000 0.000000
vt 90.909091 -11.175000 0.000000
vt 83.600000 -13.250000 0.000000
vt 90.214286 -8.250000 0.000000
vt 80.285714 -8.250000 0.000000
vt 79.545455 -11.175000 0.000000
vt 70.357143 -8.250000 0.000000
vt 74.500000 -13.250000 0.000000
vt 69.500000 -13.250000 0.000000
vt 74.500000 -22.750000 0.000000
vt 69.500000 -22.850000 0.000000
vt 74.500000 -32.250000 0.000000
vt 69.500000 -32.450000 0.000000
vt 74.500000 -37.250000 0.000000
vt 69.500000 -42.050000 0.000000
vt 74.500000 -45.250000 0.000000
vt 69.500000 -51.650000 0.000000
vt 74.500000 -53.250000 0.000000
vt 69.500000 -61.250000 0.000000
vt 74.500000 -61.250000 0.000000
vt 68.181818 -11.175000 0.000000
vt 60.428571 -8.250000 0.000000
vt 61.500000 -13.250000 0.000000
vt 56.818182 -11.175000 0.000000
vt 53.500000 -13.250000 0.000000
vt 50.500000 -8.250000 0.000000
vt 45.500000 -13.250000 0.000000
vt 45.500000 -5.250000 0.000000
vt 50.500000 -0.250000 0.000000
vt 45.500000 2.750000 0.000000
vt 50.500000 7.750000 0.000000
vt 45.500000 10.750000 0.000000
vt 45.454545 11.175000 0.000000
vt 35.388889 10.750000 0.000000
vt 40.900000 15.750000 0.000000
vt 34.090909 11.175000 0.000000
vt 31.300000 15.750000 0.000000
vt 25.277778 10.750000 0.000000
vt 21.700000 15.750000 0.000000
vt 22.727273 11.175000 0.000000
vt 15.166667 10.750000 0.000000
vt 50.500000 15.750000 0.000000
vt 12.100000 15.750000 0.000000
vt 11.363636 11.175000 0.000000
vt 5.055556 10.750000 0.000000
vt 2.500000 15.750000 0.000000
vt 2.500000 25.350000 0.000000
vt -0.000000 22.350000 0.000000
vt -2.500000 15.750000 0.000000
vt -0.000000 11.175000 0.000000
vt -5.055556 10.750000 0.000000
vt 2.500000 34.950000 0.000000
vt -0.000000 33.525000 0.000000
vt -2.500000 25.350000 0.000000
vt 2.500000 44.550000 0.000000
vt -0.000000 44.700000 0.000000
vt -2.500000 34.950000 0.000000
vt 2.500000 54.150000 0.000000
vt -2.500000 54.150000 0.000000
vt -2.500000 44.550000 0.000000
vt -0.000000 55.875000 0.000000
vt 2.500000 63.750000 0.000000
vt -2.500000 63.750000 0.000000
vt -12.100000 15.750000 0.000000
vt -11.363636 11.175000 0.000000
vt -15.166667 10.750000 0.000000
vt -21.700000 15.750000 0.000000
vt -31.300000 15.750000 0.000000
vt -25.277778 10.750000 0.000000
vt -22.727273 11.175000 0.000000
vt -34.090909 11.175000 0.000000
vt -40.900000 15.750000 0.000000
vt -35.388889 10.750000 0.000000
vt -45.454545 11.175000 0.000000
vt -45.500000 10.750000 0.000000
vt -50.500000 7.750000 0.000000
vt -45.500000 2.750000 0.000000
vt -50.500000 -0.250000 0.000000
vt -45.500000 -5.250000 0.000000
vt -50.500000 -8.250000 0.000000
vt -45.500000 -13.250000 0.000000
vt -53.500000 -13.250000 0.000000
vt -56.818182 -11.175000 0.000000
vt -61.500000 -13.250000 0.000000
vt -60.000000 -8.250000 0.000000
vt -68.181818 -11.175000 0.000000
vt -69.500000 -8.250000 0.000000
vt -74.500000 -10.750000 0.000000
vt -74.500000 0.000000 0.000000
vt -69.500000 2.500000 0.000000
vt -74.500000 10.750000 0.000000
vt -69.500000 13.250000 0.000000
vt -74.500000 15.750000 0.000000
vt -69.500000 24.000000 0.000000
vt -74.500000 26.500000 0.000000
vt -69.500000 34.750000 0.000000
vt -74.500000 37.250000 0.000000
vt -69.500000 39.750000 0.000000
vt -74.500000 48.000000 0.000000
vt -69.500000 47.750000 0.000000
vt -69.500000 55.750000 0.000000
vt -50.500000 15.750000 0.000000
vt -60.000000 39.750000 0.000000
vt -59.900000 34.750000 0.000000
vt -50.500000 39.750000 0.000000
vt -50.300000 34.750000 0.000000
vt -45.500000 39.750000 0.000000
vt -40.700000 34.750000 0.000000
vt -37.500000 39.750000 0.000000
vt -31.100000 34.750000 0.000000
vt -29.500000 39.750000 0.000000
vt -21.500000 34.750000 0.000000
vt -21.500000 39.750000 0.000000
vt -45.500000 50.500000 0.000000
vt -50.500000 50.500000 0.000000
vt -45.500000 61.250000 0.000000
vt -50.500000 61.250000 0.000000
vt -45.500000 72.000000 0.000000
vt -50.500000 72.000000 0.000000
vt -45.500000 82.750000 0.000000
vt -50.500000 82.750000 0.000000
vt -47.166667 87.750000 0.000000
vt -58.333333 87.750000 0.000000
vt -36.000000 87.750000 0.000000
vt -36.000000 82.750000 0.000000
vt -26.500000 82.750000 0.000000
vt -26.500000 74.750000 0.000000
vt -22.727273 78.225000 0.000000
vt -21.500000 82.750000 0.000000
vt -24.833333 87.750000 0.000000
vt -13.666667 87.750000 0.000000
vt -11.900000 82.750000 0.000000
vt -2.500000 87.750000 0.000000
vt -2.300000 82.750000 0.000000
vt 2.500000 87.750000 0.000000
vt 7.300000 82.750000 0.000000
vt 10.500000 87.750000 0.000000
vt 16.900000 82.750000 0.000000
vt 18.500000 87.750000 0.000000
vt 26.500000 82.750000 0.000000
vt 26.500000 87.750000 0.000000
vt -26.500000 66.750000 0.000000
vt -22.727273 67.050000 0.000000
vt -21.500000 74.750000 0.000000
vt -26.500000 58.750000 0.000000
vt -21.500000 58.750000 0.000000
vt -21.500000 66.750000 0.000000
vt -0.000000 89.400000 0.000000
vt 2.500000 97.250000 0.000000
vt -2.500000 95.750000 0.000000
vt -0.000000 100.575000 0.000000
vt -2.500000 103.750000 0.000000
vt 2.500000 106.750000 0.000000
vt -2.500000 111.750000 0.000000
vt 8.722222 111.750000 0.000000
vt 12.611111 106.750000 0.000000
vt 19.944444 111.750000 0.000000
vt 22.722222 106.750000 0.000000
vt 31.166667 111.750000 0.000000
vt 32.833333 106.750000 0.000000
vt 42.388889 111.750000 0.000000
vt 42.944444 106.750000 0.000000
vt 53.055556 106.750000 0.000000
vt 53.611111 111.750000 0.000000
vt 63.166667 106.750000 0.000000
vt 64.833333 111.750000 0.000000
vt 73.277778 106.750000 0.000000
vt 76.055556 111.750000 0.000000
vt 83.388889 106.750000 0.000000
vt 87.277778 111.750000 0.000000
vt 93.500000 106.750000 0.000000
vt 98.500000 111.750000 0.000000
vt 98.500000 102.083333 0.000000
vt 93.500000 98.750000 0.000000
vt 98.500000 92.416667 0.000000
vt 93.500000 90.750000 0.000000
vt 98.500000 82.750000 0.000000
vt 93.500000 82.750000 0.000000
vt -69.500000 87.750000 0.000000
vt -66.500000 82.750000 0.000000
vt -58.500000 82.750000 0.000000
vt -69.500000 95.750000 0.000000
vt -74.500000 90.750000 0.000000
vt -74.500000 82.750000 0.000000
vt -74.500000 98.750000 0.000000
vt -69.500000 103.750000 0.000000
vt -74.500000 106.750000 0.000000
vt -69.500000 111.750000 0.000000
vt -79.166667 111.750000 0.000000
vt -84.000000 106.750000 0.000000
vt -88.833333 111.750000 0.000000
vt -93.500000 106.750000 0.000000
vt -98.500000 111.750000 0.000000
vt -98.500000 102.083333 0.000000
vt -93.500000 98.750000 0.000000
vt -98.500000 92.416667 0.000000
vt -93.500000 90.750000 0.000000
vt -98.500000 82.750000 0.000000
vt -93.500000 82.750000 0.000000
vt -74.500000 58.750000 0.000000
vt -69.500000 63.750000 0.000000
vt -79.166667 63.750000 0.000000
vt -82.500000 58.750000 0.000000
vt -88.833333 63.750000 0.000000
vt -90.500000 58.750000 0.000000
vt -98.500000 63.750000 0.000000
vt -98.500000 58.750000 0.000000
vt -79.545455 11.175000 0.000000
vt -84.000000 15.750000 0.000000
vt -82.500000 10.750000 0.000000
vt -90.500000 10.750000 0.000000
vt -90.909091 11.175000 0.000000
vt -98.500000 10.750000 0.000000
vt -93.500000 15.750000 0.000000
vt -98.500000 20.416667 0.000000
vt -93.500000 23.750000 0.000000
vt -98.500000 30.083333 0.000000
vt -93.500000 31.750000 0.000000
vt -98.500000 39.750000 0.000000
vt -93.500000 39.750000 0.000000
vt -69.500000 -13.250000 0.000000
vt -74.500000 -21.500000 0.000000
vt -69.500000 -22.750000 0.000000
vt -74.500000 -32.250000 0.000000
vt -69.500000 -32.250000 0.000000
vt -69.500000 -37.250000 0.000000
vt -68.181818 -33.525000 0.000000
vt -60.000000 -37.250000 0.000000
vt -58.750000 -32.250000 0.000000
vt -56.818182 -33.525000 0.000000
vt -48.000000 -32.250000 0.000000
vt -50.500000 -37.250000 0.000000
vt -45.454545 -33.525000 0.000000
vt -45.500000 -37.250000 0.000000
vt -37.250000 -32.250000 0.000000
vt -36.000000 -37.250000 0.000000
vt -34.090909 -33.525000 0.000000
vt -26.500000 -37.250000 0.000000
vt -26.500000 -32.250000 0.000000
vt -22.727273 -33.525000 0.000000
vt -21.500000 -32.450000 0.000000
vt -21.500000 -42.050000 0.000000
vt -26.500000 -45.250000 0.000000
vt -82.500000 -32.250000 0.000000
vt -79.545455 -33.525000 0.000000
vt -74.500000 -37.250000 0.000000
vt -69.500000 -45.250000 0.000000
vt -74.500000 -46.750000 0.000000
vt -69.500000 -53.250000 0.000000
vt -74.500000 -56.250000 0.000000
vt -69.500000 -61.250000 0.000000
vt -77.500000 -61.250000 0.000000
vt -82.500000 -56.250000 0.000000
vt -85.500000 -61.250000 0.000000
vt -90.500000 -56.250000 0.000000
vt -93.500000 -61.250000 0.000000
vt -98.500000 -56.250000 0.000000
vt -98.500000 -65.916667 0.000000
vt -90.500000 -32.250000 0.000000
vt -90.909091 -33.525000 0.000000
vt -82.500000 -37.250000 0.000000
vt -98.500000 -32.250000 0.000000
vt -98.500000 -37.250000 0.000000
vt -90.500000 -37.250000 0.000000
vt -93.500000 -69.250000 0.000000
vt -98.500000 -75.583333 0.000000
vt -93.500000 -77.250000 0.000000
vt -98.500000 -85.250000 0.000000
vt -93.500000 -85.250000 0.000000
vt -50.500000 -46.850000 0.000000
vt -45.500000 -46.850000 0.000000
vt -50.500000 -56.450000 0.000000
vt -45.500000 -56.450000 0.000000
vt -45.500000 -66.050000 0.000000
vt -50.500000 -66.050000 0.000000
vt -50.500000 -75.650000 0.000000
vt -45.500000 -75.650000 0.000000
vt -50.500000 -85.250000 0.000000
vt -45.500000 -85.250000 0.000000
vt -26.500000 -53.250000 0.000000
vt -21.500000 -51.650000 0.000000
vt -22.727273 -44.700000 0.000000
vt -22.727273 -55.875000 0.000000
vt -26.500000 -61.250000 0.000000
vt -21.500000 -61.250000 0.000000
vt -26.500000 -24.250000 0.000000
vt -21.500000 -22.850000 0.000000
vt -22.727273 -22.350000 0.000000
vt -21.500000 -13.250000 0.000000
vt -26.500000 -16.250000 0.000000
vt -22.727273 -11.175000 0.000000
vt -26.500000 -8.250000 0.000000
vt -15.900000 -8.250000 0.000000
vt -11.363636 -11.175000 0.000000
vt -10.750000 -13.250000 0.000000
vt -5.300000 -8.250000 0.000000
vt 0.000000 -13.250000 0.000000
vt -0.000000 -11.175000 0.000000
vt 5.300000 -8.250000 0.000000
vt 10.750000 -13.250000 0.000000
vt 11.363636 -11.175000 0.000000
vt 15.900000 -8.250000 0.000000
vt 21.500000 -13.250000 0.000000
vt 22.727273 -11.175000 0.000000
vt 26.500000 -16.250000 0.000000
vt 26.500000 -8.250000 0.000000
vt 22.727273 -22.350000 0.000000
vt 21.500000 -24.416667 0.000000
vt 26.500000 -24.250000 0.000000
vt 26.500000 -32.250000 0.000000
vt 22.727273 -33.525000 0.000000
vt 26.500000 -37.250000 0.000000
vt 21.500000 -35.583333 0.000000
vt 22.727273 -44.700000 0.000000
vt 21.500000 -46.750000 0.000000
vt 26.500000 -46.850000 0.000000
vt 22.727273 -55.875000 0.000000
vt 26.500000 -56.450000 0.000000
vt 21.500000 -57.916667 0.000000
vt 26.500000 -66.050000 0.000000
vt 22.727273 -67.050000 0.000000
vt 21.500000 -69.083333 0.000000
vt 21.500000 -80.250000 0.000000
vt 22.727273 -78.225000 0.000000
vt 26.500000 -75.650000 0.000000
vt 12.000000 -80.250000 0.000000
vt 15.900000 -85.250000 0.000000
vt 26.500000 -85.250000 0.000000
vt 5.300000 -85.250000 0.000000
vt 2.500000 -80.250000 0.000000
vt -2.500000 -80.250000 0.000000
vt -0.000000 -78.225000 0.000000
vt -2.500000 -69.500000 0.000000
vt 2.500000 -69.500000 0.000000
vt -0.000000 -67.050000 0.000000
vt 2.500000 -58.750000 0.000000
vt -2.500000 -58.750000 0.000000
vt -0.000000 -55.875000 0.000000
vt -2.500000 -48.000000 0.000000
vt 2.500000 -48.000000 0.000000
vt -0.000000 -44.700000 0.000000
vt 2.500000 -37.250000 0.000000
vt -2.500000 -37.250000 0.000000
vt -5.300000 -85.250000 0.000000
vt -10.500000 -80.250000 0.000000
vt -15.900000 -85.250000 0.000000
vt -18.500000 -80.250000 0.000000
vt -26.500000 -85.250000 0.000000
vt -26.500000 -80.250000 0.000000
vt 34.090909 -33.525000 0.000000
vt 34.500000 -37.250000 0.000000
vt 42.500000 -37.250000 0.000000
vt 50.500000 -37.250000 0.000000
vt 45.454545 -33.525000 0.000000
vt 42.500000 -32.250000 0.000000
vt 34.500000 -32.250000 0.000000
vt 50.500000 -32.250000 0.000000
vt 79.545455 -33.525000 0.000000
vt 82.500000 -37.250000 0.000000
vt 82.500000 -32.250000 0.000000
vt 90.909091 -33.525000 0.000000
vt 90.500000 -32.250000 0.000000
vt 98.500000 -32.250000 0.000000
vt 98.500000 -37.250000 0.000000
vt 90.500000 -37.250000 0.000000
vt 111.166667 -56.250000 0.000000
vt 111.166667 -61.250000 0.000000
vt 102.333333 -56.250000 0.000000
vt 102.333333 -61.250000 0.000000
vt 93.500000 -56.250000 0.000000
vt 93.500000 -61.250000 0.000000
vt 97.650000 -120.000000 0.000000
vt 101.125000 -125.000000 0.000000
vt 106.750000 -120.000000 0.000000
vt 111.750000 -125.000000 0.000000
vt 111.750000 -114.130435 0.000000
vt 90.500000 -125.000000 0.000000
vt 88.550000 -120.000000 0.000000
vt 79.875000 -125.000000 0.000000
vt 79.450000 -120.000000 0.000000
vt 70.350000 -120.000000 0.000000
vt 69.250000 -125.000000 0.000000
vt 61.250000 -120.000000 0.000000
vt 58.625000 -125.000000 0.000000
vt 56.250000 -120.000000 0.000000
vt 48.000000 -125.000000 0.000000
vt 45.500000 -120.000000 0.000000
vt 37.375000 -125.000000 0.000000
vt 34.750000 -120.000000 0.000000
vt 26.750000 -125.000000 0.000000
vt 24.000000 -120.000000 0.000000
vt 16.125000 -125.000000 0.000000
vt 13.250000 -120.000000 0.000000
vt 5.500000 -125.000000 0.000000
vt 8.250000 -120.000000 0.000000
vt 0.250000 -120.000000 0.000000
vt 61.250000 -111.166667 0.000000
vt 56.250000 -111.166667 0.000000
vt 56.250000 -102.333333 0.000000
vt 61.250000 -102.333333 0.000000
vt 56.250000 -93.500000 0.000000
vt 61.250000 -93.500000 0.000000
vt 11.175000 -113.636364 0.000000
vt 13.250000 -110.900000 0.000000
vt 8.250000 -110.071429 0.000000
vt 11.175000 -102.272727 0.000000
vt 8.250000 -100.142857 0.000000
vt 13.250000 -101.800000 0.000000
vt 13.250000 -92.700000 0.000000
vt 11.175000 -90.909091 0.000000
vt 13.250000 -83.600000 0.000000
vt 8.250000 -90.214286 0.000000
vt 8.250000 -80.285714 0.000000
vt 11.175000 -79.545455 0.000000
vt 8.250000 -70.357143 0.000000
vt 13.250000 -74.500000 0.000000
vt 13.250000 -69.500000 0.000000
vt 22.750000 -74.500000 0.000000
vt 22.850000 -69.500000 0.000000
vt 32.250000 -74.500000 0.000000
vt 32.450000 -69.500000 0.000000
vt 37.250000 -74.500000 0.000000
vt 42.050000 -69.500000 0.000000
vt 45.250000 -74.500000 0.000000
vt 51.650000 -69.500000 0.000000
vt 53.250000 -74.500000 0.000000
vt 61.250000 -69.500000 0.000000
vt 61.250000 -74.500000 0.000000
vt 33.525000 -79.545455 0.000000
vt 32.250000 -82.500000 0.000000
vt 37.250000 -82.500000 0.000000
vt 33.525000 -90.909091 0.000000
vt 37.250000 -90.500000 0.000000
vt 37.250000 -98.500000 0.000000
vt 32.250000 -98.500000 0.000000
vt 32.250000 -90.500000 0.000000
vt 11.175000 -68.181818 0.000000
vt 13.250000 -61.500000 0.000000
vt 8.250000 -60.428571 0.000000
vt 11.175000 -56.818182 0.000000
vt 8.250000 -50.500000 0.000000
vt 13.250000 -53.500000 0.000000
vt 13.250000 -45.500000 0.000000
vt 5.250000 -45.500000 0.000000
vt 0.250000 -50.500000 0.000000
vt -2.750000 -45.500000 0.000000
vt -7.750000 -50.500000 0.000000
vt -10.750000 -45.500000 0.000000
vt -11.175000 -45.496136 0.000000
vt -15.750000 -40.900000 0.000000
vt -15.750000 -50.500000 0.000000
vt -10.750000 -35.388889 0.000000
vt -11.175000 -34.090909 0.000000
vt -15.750000 -31.300000 0.000000
vt -10.750000 -25.277778 0.000000
vt -15.750000 -21.700000 0.000000
vt -11.175000 -22.727273 0.000000
vt -10.750000 -15.166667 0.000000
vt -10.750000 -5.055556 0.000000
vt -11.175000 -11.363636 0.000000
vt -15.750000 -12.100000 0.000000
vt -10.750000 5.055556 0.000000
vt -11.175000 -0.000000 0.000000
vt -15.750000 -2.500000 0.000000
vt -10.750000 15.166667 0.000000
vt -11.175000 11.363636 0.000000
vt -15.750000 12.100000 0.000000
vt -15.750000 2.500000 0.000000
vt -10.750000 25.277778 0.000000
vt -11.175000 22.727273 0.000000
vt -15.750000 21.700000 0.000000
vt -10.750000 35.388889 0.000000
vt -11.175000 34.090909 0.000000
vt -15.750000 31.300000 0.000000
vt -15.750000 40.900000 0.000000
vt -10.750000 45.500000 0.000000
vt -11.175000 45.496136 0.000000
vt -7.750000 50.500000 0.000000
vt -15.750000 50.500000 0.000000
vt -2.750000 45.500000 0.000000
vt 0.250000 50.500000 0.000000
vt 5.250000 45.500000 0.000000
vt 8.250000 50.500000 0.000000
vt 13.250000 45.500000 0.000000
vt 13.250000 53.500000 0.000000
vt 11.175000 56.818182 0.000000
vt 13.250000 61.500000 0.000000
vt 8.250000 60.000000 0.000000
vt 11.175000 68.181818 0.000000
vt 8.250000 69.500000 0.000000
vt 10.750000 74.500000 0.000000
vt -0.000000 74.500000 0.000000
vt 13.250000 69.500000 0.000000
vt 21.500000 74.500000 0.000000
vt 22.750000 69.500000 0.000000
vt 32.250000 74.500000 0.000000
vt 32.250000 69.500000 0.000000
vt 37.250000 74.500000 0.000000
vt 37.250000 69.500000 0.000000
vt 45.250000 69.500000 0.000000
vt 33.525000 68.181818 0.000000
vt 32.250000 58.750000 0.000000
vt 37.250000 60.000000 0.000000
vt 33.525000 56.818182 0.000000
vt 37.250000 50.500000 0.000000
vt 32.250000 48.000000 0.000000
vt 37.250000 45.500000 0.000000
vt 32.250000 37.250000 0.000000
vt 37.250000 36.000000 0.000000
vt 33.525000 34.090909 0.000000
vt 37.250000 26.500000 0.000000
vt 32.250000 26.500000 0.000000
vt 33.525000 22.727273 0.000000
vt 32.450000 21.500000 0.000000
vt 42.050000 21.500000 0.000000
vt 24.250000 26.500000 0.000000
vt 22.850000 21.500000 0.000000
vt 22.350000 22.727273 0.000000
vt 13.250000 21.500000 0.000000
vt 16.250000 26.500000 0.000000
vt 11.175000 22.727273 0.000000
vt 8.250000 26.500000 0.000000
vt 8.250000 15.900000 0.000000
vt 8.250000 5.300000 0.000000
vt 11.175000 11.363636 0.000000
vt 8.250000 -5.300000 0.000000
vt 11.175000 -0.000000 0.000000
vt 13.250000 -0.000000 0.000000
vt 13.250000 10.750000 0.000000
vt 8.250000 -15.900000 0.000000
vt 11.175000 -11.363636 0.000000
vt 13.250000 -10.750000 0.000000
vt 8.250000 -26.500000 0.000000
vt 11.175000 -22.727273 0.000000
vt 13.250000 -21.500000 0.000000
vt 16.250000 -26.500000 0.000000
vt 22.350000 -22.727273 0.000000
vt 24.250000 -26.500000 0.000000
vt 24.416667 -21.500000 0.000000
vt 32.250000 -26.500000 0.000000
vt 33.525000 -22.727273 0.000000
vt 37.250000 -26.500000 0.000000
vt 35.583333 -21.500000 0.000000
vt 44.700000 -22.727273 0.000000
vt 46.750000 -21.500000 0.000000
vt 46.850000 -26.500000 0.000000
vt 55.875000 -22.727273 0.000000
vt 56.450000 -26.500000 0.000000
vt 57.916667 -21.500000 0.000000
vt 66.050000 -26.500000 0.000000
vt 67.050000 -22.727273 0.000000
vt 69.083333 -21.500000 0.000000
vt 33.525000 -34.090909 0.000000
vt 32.250000 -34.500000 0.000000
vt 32.250000 -42.500000 0.000000
vt 37.250000 -42.500000 0.000000
vt 32.250000 -50.500000 0.000000
vt 37.250000 -50.500000 0.000000
vt 37.250000 -34.500000 0.000000
vt 75.650000 -26.500000 0.000000
vt 78.225000 -22.727273 0.000000
vt 80.250000 -21.500000 0.000000
vt 85.250000 -26.500000 0.000000
vt 85.250000 -15.900000 0.000000
vt 80.250000 -12.000000 0.000000
vt 85.250000 -5.300000 0.000000
vt 80.250000 -2.500000 0.000000
vt 80.250000 2.500000 0.000000
vt 78.225000 -0.000000 0.000000
vt 69.500000 2.500000 0.000000
vt 69.500000 -2.500000 0.000000
vt 67.050000 -0.000000 0.000000
vt 58.750000 -2.500000 0.000000
vt 58.750000 2.500000 0.000000
vt 55.875000 -0.000000 0.000000
vt 48.000000 2.500000 0.000000
vt 48.000000 -2.500000 0.000000
vt 44.700000 -0.000000 0.000000
vt 37.250000 -2.500000 0.000000
vt 37.250000 2.500000 0.000000
vt 85.250000 5.300000 0.000000
vt 80.250000 10.500000 0.000000
vt 85.250000 15.900000 0.000000
vt 80.250000 18.500000 0.000000
vt 85.250000 26.500000 0.000000
vt 80.250000 26.500000 0.000000
vt 51.650000 21.500000 0.000000
vt 44.700000 22.727273 0.000000
vt 45.250000 26.500000 0.000000
vt 61.250000 21.500000 0.000000
vt 55.875000 22.727273 0.000000
vt 53.250000 26.500000 0.000000
vt 61.250000 26.500000 0.000000
vt 46.850000 45.500000 0.000000
vt 46.850000 50.500000 0.000000
vt 56.450000 45.500000 0.000000
vt 56.450000 50.500000 0.000000
vt 66.050000 45.500000 0.000000
vt 66.050000 50.500000 0.000000
vt 75.650000 45.500000 0.000000
vt 75.650000 50.500000 0.000000
vt 85.250000 45.500000 0.000000
vt 85.250000 50.500000 0.000000
vt 46.750000 74.500000 0.000000
vt 53.250000 69.500000 0.000000
vt 56.250000 74.500000 0.000000
vt 61.250000 69.500000 0.000000
vt 61.250000 77.500000 0.000000
vt 56.250000 82.500000 0.000000
vt 61.250000 85.500000 0.000000
vt 56.250000 90.500000 0.000000
vt 61.250000 93.500000 0.000000
vt 56.250000 98.500000 0.000000
vt 65.916667 98.500000 0.000000
vt 69.250000 93.500000 0.000000
vt 75.583333 98.500000 0.000000
vt 77.250000 93.500000 0.000000
vt 85.250000 98.500000 0.000000
vt 85.250000 93.500000 0.000000
vt 33.525000 79.545455 0.000000
vt 37.250000 82.500000 0.000000
vt 32.250000 82.500000 0.000000
vt 33.525000 90.909091 0.000000
vt 32.250000 90.500000 0.000000
vt 32.250000 98.500000 0.000000
vt 37.250000 98.500000 0.000000
vt 37.250000 90.500000 0.000000
vt -2.500000 69.500000 0.000000
vt -10.750000 74.500000 0.000000
vt -13.250000 69.500000 0.000000
vt -15.750000 74.500000 0.000000
vt -24.000000 69.500000 0.000000
vt -26.500000 74.500000 0.000000
vt -34.750000 69.500000 0.000000
vt -37.250000 74.500000 0.000000
vt -39.750000 69.500000 0.000000
vt -48.000000 74.500000 0.000000
vt -47.750000 69.500000 0.000000
vt -55.750000 69.500000 0.000000
vt -58.750000 74.500000 0.000000
vt -63.750000 69.500000 0.000000
vt -63.750000 79.166667 0.000000
vt -58.750000 82.500000 0.000000
vt -63.750000 88.833333 0.000000
vt -58.750000 90.500000 0.000000
vt -63.750000 98.500000 0.000000
vt -58.750000 98.500000 0.000000
vt -11.175000 79.545455 0.000000
vt -10.750000 82.500000 0.000000
vt -15.750000 84.000000 0.000000
vt -10.750000 90.500000 0.000000
vt -11.175000 90.909091 0.000000
vt -10.750000 98.500000 0.000000
vt -15.750000 93.500000 0.000000
vt -20.416667 98.500000 0.000000
vt -23.750000 93.500000 0.000000
vt -30.083333 98.500000 0.000000
vt -31.750000 93.500000 0.000000
vt -39.750000 98.500000 0.000000
vt -39.750000 93.500000 0.000000
vt -39.750000 60.000000 0.000000
vt -34.750000 59.900000 0.000000
vt -39.750000 50.500000 0.000000
vt -34.750000 50.300000 0.000000
vt -39.750000 45.500000 0.000000
vt -34.750000 40.700000 0.000000
vt -39.750000 37.500000 0.000000
vt -34.750000 31.100000 0.000000
vt -39.750000 29.500000 0.000000
vt -34.750000 21.500000 0.000000
vt -39.750000 21.500000 0.000000
vt -50.500000 50.500000 0.000000
vt -50.500000 45.500000 0.000000
vt -61.250000 50.500000 0.000000
vt -61.250000 45.500000 0.000000
vt -72.000000 50.500000 0.000000
vt -72.000000 45.500000 0.000000
vt -82.750000 50.500000 0.000000
vt -82.750000 45.500000 0.000000
vt -87.750000 47.166667 0.000000
vt -87.750000 36.000000 0.000000
vt -87.750000 58.333333 0.000000
vt -82.750000 58.500000 0.000000
vt -82.750000 66.500000 0.000000
vt -87.750000 69.500000 0.000000
vt -82.750000 74.500000 0.000000
vt -90.750000 74.500000 0.000000
vt -95.750000 69.500000 0.000000
vt -98.750000 74.500000 0.000000
vt -103.750000 69.500000 0.000000
vt -106.750000 74.500000 0.000000
vt -111.750000 69.500000 0.000000
vt -111.750000 79.166667 0.000000
vt -106.750000 84.000000 0.000000
vt -111.750000 88.833333 0.000000
vt -106.750000 93.500000 0.000000
vt -111.750000 98.500000 0.000000
vt -102.083333 98.500000 0.000000
vt -98.750000 93.500000 0.000000
vt -92.416667 98.500000 0.000000
vt -90.750000 93.500000 0.000000
vt -82.750000 98.500000 0.000000
vt -82.750000 93.500000 0.000000
vt -87.750000 24.833333 0.000000
vt -82.750000 26.500000 0.000000
vt -82.750000 36.000000 0.000000
vt -82.750000 21.500000 0.000000
vt -87.750000 13.666667 0.000000
vt -82.750000 11.900000 0.000000
vt -87.750000 2.500000 0.000000
vt -82.750000 2.300000 0.000000
vt -87.750000 -2.500000 0.000000
vt -82.750000 -7.300000 0.000000
vt -87.750000 -10.500000 0.000000
vt -82.750000 -16.900000 0.000000
vt -87.750000 -18.500000 0.000000
vt -82.750000 -26.500000 0.000000
vt -87.750000 -26.500000 0.000000
vt -89.400000 -0.000000 0.000000
vt -95.750000 2.500000 0.000000
vt -97.250000 -2.500000 0.000000
vt -100.575000 -0.000000 0.000000
vt -106.750000 -2.500000 0.000000
vt -103.750000 2.500000 0.000000
vt -111.750000 2.500000 0.000000
vt -111.750000 -8.722222 0.000000
vt -106.750000 -12.611111 0.000000
vt -111.750000 -19.944444 0.000000
vt -106.750000 -22.722222 0.000000
vt -111.750000 -31.166667 0.000000
vt -106.750000 -32.833333 0.000000
vt -111.750000 -42.388889 0.000000
vt -106.750000 -42.944444 0.000000
vt -111.750000 -53.611111 0.000000
vt -106.750000 -53.055556 0.000000
vt -106.750000 -63.166667 0.000000
vt -111.750000 -64.833333 0.000000
vt -106.750000 -73.277778 0.000000
vt -111.750000 -76.055556 0.000000
vt -106.750000 -83.388889 0.000000
vt -111.750000 -87.277778 0.000000
vt -106.750000 -93.500000 0.000000
vt -111.750000 -98.500000 0.000000
vt -102.083333 -98.500000 0.000000
vt -98.750000 -93.500000 0.000000
vt -92.416667 -98.500000 0.000000
vt -90.750000 -93.500000 0.000000
vt -82.750000 -98.500000 0.000000
vt -82.750000 -93.500000 0.000000
vt -78.225000 22.727273 0.000000
vt -74.750000 21.500000 0.000000
vt -74.750000 26.500000 0.000000
vt -67.050000 22.727273 0.000000
vt -66.750000 26.500000 0.000000
vt -58.750000 26.500000 0.000000
vt -58.750000 21.500000 0.000000
vt -66.750000 21.500000 0.000000
vt -25.350000 2.500000 0.000000
vt -22.350000 -0.000000 0.000000
vt -34.950000 2.500000 0.000000
vt -33.525000 -0.000000 0.000000
vt -25.350000 -2.500000 0.000000
vt -44.550000 2.500000 0.000000
vt -44.700000 -0.000000 0.000000
vt -34.950000 -2.500000 0.000000
vt -54.150000 2.500000 0.000000
vt -54.150000 -2.500000 0.000000
vt -44.550000 -2.500000 0.000000
vt -55.875000 -0.000000 0.000000
vt -63.750000 2.500000 0.000000
vt -63.750000 -2.500000 0.000000
vt -5.125000 -125.000000 0.000000
vt -7.750000 -120.000000 0.000000
vt -15.750000 -125.000000 0.000000
vt -15.750000 -120.000000 0.000000
vt 106.750000 -109.250000 0.000000
vt 111.750000 -103.260870 0.000000
vt 106.750000 -98.500000 0.000000
vt 111.750000 -92.391304 0.000000
vt 106.750000 -93.500000 0.000000
vt 106.750000 -82.750000 0.000000
vt 111.750000 -81.521739 0.000000
vt 106.750000 -72.000000 0.000000
vt 111.750000 -70.652174 0.000000
vt 106.750000 -61.250000 0.000000
vt 111.750000 -59.782609 0.000000
vt 106.750000 -50.500000 0.000000
vt 111.750000 -48.913043 0.000000
vt 106.750000 -45.500000 0.000000
vt 111.750000 -38.043478 0.000000
vt 106.750000 -35.045455 0.000000
vt 111.750000 -27.173913 0.000000
vt 106.750000 -24.590909 0.000000
vt 111.750000 -16.304348 0.000000
vt 106.750000 -14.136364 0.000000
vt 111.750000 -5.434783 0.000000
vt 106.750000 -3.681818 0.000000
vt 111.750000 5.434783 0.000000
vt 106.750000 6.772727 0.000000
vt 111.750000 16.304348 0.000000
vt 106.750000 17.227273 0.000000
vt 111.750000 27.173913 0.000000
vt 106.750000 27.681818 0.000000
vt 111.750000 38.043478 0.000000
vt 106.750000 38.136364 0.000000
vt 106.750000 48.590909 0.000000
vt 111.750000 48.913043 0.000000
vt 106.750000 59.045455 0.000000
vt 111.750000 59.782609 0.000000
vt 106.750000 69.500000 0.000000
vt 111.750000 70.652174 0.000000
vt 106.750000 74.500000 0.000000
vt 111.750000 81.521739 0.000000
vt 106.750000 83.600000 0.000000
vt 111.750000 92.391304 0.000000
vt 106.750000 92.700000 0.000000
vt 106.750000 101.800000 0.000000
vt 111.750000 103.260870 0.000000
vt 106.750000 110.900000 0.000000
vt 111.750000 114.130435 0.000000
vt 106.750000 120.000000 0.000000
vt 111.750000 125.000000 0.000000
vt 101.400000 125.000000 0.000000
vt 96.361111 120.000000 0.000000
vt 91.050000 125.000000 0.000000
vt 85.972222 120.000000 0.000000
vt 80.700000 125.000000 0.000000
vt 75.583333 120.000000 0.000000
vt 70.350000 125.000000 0.000000
vt 65.194444 120.000000 0.000000
vt 60.000000 125.000000 0.000000
vt 54.805556 120.000000 0.000000
vt 49.650000 125.000000 0.000000
vt 44.416667 120.000000 0.000000
vt 39.300000 125.000000 0.000000
vt 34.027778 120.000000 0.000000
vt 28.950000 125.000000 0.000000
vt 23.638889 120.000000 0.000000
vt 18.600000 125.000000 0.000000
vt 13.250000 120.000000 0.000000
vt 8.250000 125.000000 0.000000
vt 8.250000 114.500000 0.000000
vt 11.175000 113.636364 0.000000
vt 8.250000 104.000000 0.000000
vt 13.250000 111.166667 0.000000
vt 11.175000 102.308182 0.000000
vt 13.250000 102.333333 0.000000
vt 13.250000 93.500000 0.000000
vt 8.250000 93.500000 0.000000
vt 97.916667 74.500000 0.000000
vt 97.916667 69.500000 0.000000
vt 89.083333 74.500000 0.000000
vt 89.083333 69.500000 0.000000
vt 80.250000 74.500000 0.000000
vt 80.250000 69.500000 0.000000
vt 96.650000 -45.500000 0.000000
vt 96.650000 -50.500000 0.000000
vt 86.550000 -45.500000 0.000000
vt 86.550000 -50.500000 0.000000
vt 76.450000 -45.500000 0.000000
vt 76.450000 -50.500000 0.000000
vt 66.350000 -45.500000 0.000000
vt 66.350000 -50.500000 0.000000
vt 56.250000 -45.500000 0.000000
vt 56.250000 -50.500000 0.000000
vt 97.916667 -98.500000 0.000000
vt 96.000000 -93.500000 0.000000
vt 89.083333 -98.500000 0.000000
vt 85.250000 -93.500000 0.000000
vt 80.250000 -98.500000 0.000000
vt 80.250000 -88.833333 0.000000
vt 85.250000 -85.500000 0.000000
vt 80.250000 -79.166667 0.000000
vt 85.250000 -77.500000 0.000000
vt 80.250000 -69.500000 0.000000
vt 85.250000 -69.500000 0.000000
vn -1.000000 0.000000 0.000000
vn -1.000000 0.000000 0.000000
vn -1.000000 0.000000 0.000000
vn -1.000000 0.000000 0.000000
vn -1.000000 0.000000 0.000000
vn -1.000000 0.000000 0.000000
vn -1.000000 0.000000 0.000000
vn -1.000000 0.000000 0.000000
vn 0.000000 0.000000 -1.000000
vn 0.000000 0.000000 -1.000000
vn 0.000000 0.000000 -1.000000
vn 0.000000 0.000000 -1.000000
vn 1.000000 0.000000 0.000000
vn 1.000000 0.000000 0.000000
vn 1.000000 0.000000 0.000000
vn 1.000000 0.000000 0.000000
vn 1.000000 0.000000 0.000000
vn 1.000000 0.000000 0.000000
vn 1.000000 0.000000 0.000000
vn 1.000000 0.000000 0.000000
vn 0.000000 0.000000 -1.000000
vn 0.000000 0.000000 -1.000000
vn 0.000000 0.000000 -1.000000
vn 0.000000 0.000000 -1.000000
vn 0.000000 0.000000 -1.000000
vn 0.000000 0.000000 -1.000000
vn 0.000000 0.000000 -1.000000
vn 0.000000 0.000000 -1.000000
vn 0.000000 0.000000 -1.000000
vn 0.000000 0.000000 -1.000000
vn -1.000000 0.000000 0.000000
vn -1.000000 0.000000 0.000000
vn -1.000000 0.000000 0.000000
vn -1.000000 0.000000 0.000000
vn -1.000000 0.000000 0.000000
vn -1.000000 0.000000 0.000000
vn -1.000000 0.000000 0.000000
vn -1.000000 0.000000 0.000000
vn -1.000000 0.000000 0.000000
vn -1.000000 0.000000 0.000000
vn -1.000000 0.000000 0.000000
vn -1.000000 0.000000 0.000000
vn 0.000000 0.000000 1.000000
vn 0.000000 0.000000 1.000000
vn 0.000000 0.000000 1.000000
vn 0.000000 0.000000 1.000000
vn 0.000000 0.000000 1.000000
vn 0.000000 0.000000 1.000000
vn 1.000000 0.000000 0.000000
vn 1.000000 0.000000 0.000000
vn 1.000000 0.000000 0.000000
vn 1.000000 0.000000 0.000000
vn 1.000000 0.000000 0.000000
vn 1.000000 0.000000 0.000000
vn 1.000000 0.000000 0.000000
vn 1.000000 0.000000 0.000000
vn 0.000000 0.000000 1.000000
vn 0.000000 0.000000 1.000000
vn 0.000000 0.000000 1.000000
vn 0.000000 0.000000 1.000000
vn -1.000000 0.000000 0.000000
vn -1.000000 0.000000 0.000000
vn -1.000000 0.000000 0.000000
vn -1.000000 0.000000 0.000000
vn -1.000000 0.000000 0.000000
vn -1.000000 0.000000 0.000000
vn -1.000000 0.000000 0.000000
vn -1.000000 0.000000 0.000000
vn 0.000000 0.000000 1.000000
vn 0.000000 0.000000 1.000000
vn 0.000000 0.000000 1.000000
vn 0.000000 0.000000 1.000000
vn 0.000000 0.000000 1.000000
vn 0.000000 0.000000 1.000000
vn 0.000000 0.000000 1.000000
vn 0.000000 0.000000 1.000000
vn -1.000000 0.000000 0.000000
vn -1.000000 0.000000 0.000000
vn -1.000000 0.000000 0.000000
vn -1.000000 0.000000 0.000000
vn 0.000000 0.000000 -1.000000
vn 0.000000 0.000000 -1.000000
vn 0.000000 0.000000 -1.000000
vn 0.000000 0.000000 -1.000000
vn 0.000000 0.000000 -1.000000
vn 0.000000 0.000000 -1.000000
vn 0.000000 0.000000 -1.000000
vn 0.000000 0.000000 -1.000000
vn 0.000000 0.000000 -1.000000
vn 0.000000 0.000000 -1.000000
vn 0.000000 0.000000 -1.000000
vn 0.000000 0.000000 -1.000000
vn -1.000000 0.000000 0.000000
vn -1.000000 0.000000 0.000000
vn -1.000000 0.000000 0.000000
vn -1.000000 0.000000 0.000000
vn -1.000000 0.000000 0.000000
vn -1.000000 0.000000 0.000000
vn -1.000000 0.000000 0.000000
vn -1.000000 0.000000 0.000000
vn 0.000000 0.000000 -1.000000
vn 0.000000 0.000000 -1.000000
vn 0.000000 0.000000 -1.000000
vn 0.000000 0.000000 -1.000000
vn 0.000000 0.000000 -1.000000
vn 0.000000 0.000000 -1.000000
vn 0.000000 0.000000 -1.000000
vn 0.000000 0.000000 -1.000000
vn -1.000000 0.000000 0.000000
vn -1.000000 0.000000 0.000000
vn -1.000000 0.000000 0.000000
vn -1.000000 0.000000 0.000000
vn -1.000000 0.000000 0.000000
vn -1.000000 0.000000 0.000000
vn -1.000000 0.000000 0.000000
vn -1.000000 0.000000 0.000000
vn -1.000000 0.000000 0.000000
vn -1.000000 0.000000 0.000000
vn -1.000000 0.000000 0.000000
vn -1.000000 0.000000 0.000000
vn -1.000000 0.000000 0.000000
vn -1.000000 0.000000 0.000000
vn -1.000000 0.000000 0.000000
vn -1.000000 0.000000 0.000000
vn -1.000000 0.000000 0.000000
vn -1.000000 0.000000 0.000000
vn -1.000000 0.000000 0.000000
vn -1.000000 0.000000 0.000000
vn 0.000000 0.000000 1.000000
vn 0.000000 0.000000 1.000000
vn 0.000000 0.000000 1.000000
vn 0.000000 0.000000 1.000000
vn 0.000000 0.000000 1.000000
vn 0.000000 0.000000 1.000000
vn 0.000000 0.000000 1.000000
vn 0.000000 0.000000 1.000000
vn -1.000000 0.000000 0.000000
vn -1.000000 0.000000 0.000000
vn -1.000000 0.000000 0.000000
vn -1.000000 0.000000 0.000000
vn -1.000000 0.000000 0.000000
vn -1.000000 0.000000 0.000000
vn -1.000000 0.000000 0.000000
vn -1.000000 0.000000 0.000000
vn 0.000000 0.000000 1.000000
vn 0.000000 0.000000 1.000000
vn 0.000000 0.000000 1.000000
vn 0.000000 0.000000 1.000000
vn 0.000000 0.000000 1.000000
vn 0.000000 0.000000 1.000000
vn 1.000000 0.000000 0.000000
vn 1.000000 0.000000 0.000000
vn 1.000000 0.000000 0.000000
vn 1.000000 0.000000 0.000000
vn 1.000000 0.000000 0.000000
vn 1.000000 0.000000 0.000000
vn 1.000000 0.000000 0.000000
vn 1.000000 0.000000 0.000000
vn 1.000000 0.000000 0.000000
vn 1.000000 0.000000 0.000000
vn 0.000000 0.000000 -1.000000
vn 0.000000 0.000000 -1.000000
vn 0.000000 0.000000 -1.000000
vn 0.000000 0.000000 -1.000000
vn 0.000000 0.000000 -1.000000
vn 0.000000 0.000000 -1.000000
vn 0.000000 0.000000 -1.000000
vn 0.000000 0.000000 -1.000000
vn 1.000000 0.000000 0.000000
vn 1.000000 0.000000 0.000000
vn 1.000000 0.000000 0.000000
vn 1.000000 0.000000 0.000000
vn 1.000000 0.000000 0.000000
vn 1.000000 0.000000 0.000000
vn 1.000000 0.000000 0.000000
vn 1.000000 0.000000 0.000000
vn 1.000000 0.000000 0.000000
vn 1.000000 0.000000 0.000000
vn 1.000000 0.000000 0.000000
vn 1.000000 0.000000 0.000000
vn 0.000000 0.000000 1.000000
vn 0.000000 0.000000 1.000000
vn 0.000000 0.000000 1.000000
vn 0.000000 0.000000 1.000000
vn 0.000000 0.000000 1.000000
vn 0.000000 0.000000 1.000000
vn 0.000000 0.000000 1.000000
vn 0.000000 0.000000 1.000000
vn 1.000000 0.000000 0.000000
vn 1.000000 0.000000 0.000000
vn 1.000000 0.000000 0.000000
vn 1.000000 0.000000 0.000000
vn 1.000000 0.000000 0.000000
vn 1.000000 0.000000 0.000000
vn 1.000000 0.000000 0.000000
vn 1.000000 0.000000 0.000000
vn 0.000000 0.000000 1.000000
vn 0.000000 0.000000 1.000000
vn 0.000000 0.000000 1.000000
vn 0.000000 0.000000 1.000000
vn -1.000000 0.000000 0.000000
vn -1.000000 0.000000 0.000000
vn -1.000000 0.000000 0.000000
vn -1.000000 0.000000 0.000000
vn -1.000000 0.000000 0.000000
vn -1.000000 0.000000 0.000000
vn -1.000000 0.000000 0.000000
vn -1.000000 0.000000 0.000000
vn 0.000000 0.000000 1.000000
vn 0.000000 0.000000 1.000000
vn 0.000000 0.000000 1.000000
vn 0.000000 0.000000 1.000000
vn 0.000000 0.000000 1.000000
vn 0.000000 0.000000 1.000000
vn 0.000000 0.000000 1.000000
vn 0.000000 0.000000 1.000000
vn 0.000000 0.000000 1.000000
vn 0.000000 0.000000 1.000000
vn 0.000000 0.000000 1.000000
vn 0.000000 0.000000 1.000000
vn -1.000000 0.000000 0.000000
vn -1.000000 0.000000 0.000000
vn -1.000000 0.000000 0.000000
vn -1.000000 0.000000 0.000000
vn -1.000000 0.000000 0.000000
vn -1.000000 0.000000 0.000000
vn -1.000000 0.000000 0.000000
vn -1.000000 0.000000 0.000000
vn -1.000000 0.000000 0.000000
vn -1.000000 0.000000 0.000000
vn -1.000000 0.000000 0.000000
vn -1.000000 0.000000 0.000000
vn 0.000000 0.000000 -1.000000
vn 0.000000 0.000000 -1.000000
vn 0.000000 0.000000 -1.000000
vn 0.000000 0.000000 -1.000000
vn 1.000000 0.000000 0.000000
vn 1.000000 0.000000 0.000000
vn 1.000000 0.000000 0.000000
vn 1.000000 0.000000 0.000000
vn 1.000000 0.000000 0.000000
vn 1.000000 0.000000 0.000000
vn 1.000000 0.000000 0.000000
vn 1.000000 0.000000 0.000000
vn 0.000000 0.000000 -1.000000
vn 0.000000 0.000000 -1.000000
vn 0.000000 0.000000 -1.000000
vn 0.000000 0.000000 -1.000000
vn 0.000000 0.000000 -1.000000
vn 0.000000 0.000000 -1.000000
vn 0.000000 0.000000 -1.000000
vn 0.000000 0.000000 -1.000000
vn 0.000000 0.000000 -1.000000
vn 0.000000 0.000000 -1.000000
vn 1.000000 0.000000 0.000000
vn 1.000000 0.000000 0.000000
vn 1.000000 0.000000 0.000000
vn 1.000000 0.000000 0.000000
vn 0.000000 0.000000 1.000000
vn 0.000000 0.000000 1.000000
vn 0.000000 0.000000 1.000000
vn 0.000000 0.000000 1.000000
vn 0.000000 0.000000 1.000000
vn 0.000000 0.000000 1.000000
vn 0.000000 0.000000 1.000000
vn 0.000000 0.000000 1.000000
vn 0.000000 0.000000 1.000000
vn 0.000000 0.000000 1.000000
vn 1.000000 0.000000 0.000000
vn 1.000000 0.000000 0.000000
vn 1.000000 0.000000 0.000000
vn 1.000000 0.000000 0.000000
vn 1.000000 0.000000 0.000000
vn 1.000000 0.000000 0.000000
vn 0.000000 0.000000 -1.000000
vn 0.000000 0.000000 -1.000000
vn 0.000000 0.000000 -1.000000
vn 0.000000 0.000000 -1.000000
vn 0.000000 0.000000 -1.000000
vn 0.000000 0.000000 -1.000000
vn 0.000000 0.000000 -1.000000
vn 0.000000 0.000000 -1.000000
vn 0.000000 0.000000 -1.000000
vn 0.000000 0.000000 -1.000000
vn 0.000000 0.000000 -1.000000
vn 0.000000 0.000000 -1.000000
vn 0.000000 0.000000 -1.000000
vn 0.000000 0.000000 -1.000000
vn -1.000000 0.000000 0.000000
vn -1.000000 0.000000 0.000000
vn -1.000000 0.000000 0.000000
vn -1.000000 0.000000 0.000000
vn -1.000000 0.000000 0.000000
vn -1.000000 0.000000 0.000000
vn -1.000000 0.000000 0.000000
vn -1.000000 0.000000 0.000000
vn -1.000000 0.000000 0.000000
vn -1.000000 0.000000 0.000000
vn 0.000000 0.000000 1.000000
vn 0.000000 0.000000 1.000000
vn 0.000000 0.000000 1.000000
vn 0.000000 0.000000 1.000000
vn 0.000000 0.000000 1.000000
vn 0.000000 0.000000 1.000000
vn 0.000000 0.000000 1.000000
vn 0.000000 0.000000 1.000000
vn 0.000000 0.000000 1.000000
vn 0.000000 0.000000 1.000000
vn 0.000000 0.000000 1.000000
vn 0.000000 0.000000 1.000000
vn -1.000000 0.000000 0.000000
vn -1.000000 0.000000 0.000000
vn -1.000000 0.000000 0.000000
vn -1.000000 0.000000 0.000000
vn 0.000000 0.000000 -1.000000
vn 0.000000 0.000000 -1.000000
vn 0.000000 0.000000 -1.000000
vn 0.000000 0.000000 -1.000000
vn 0.000000 0.000000 -1.000000
vn 0.000000 0.000000 -1.000000
vn 0.000000 0.000000 -1.000000
vn 0.000000 0.000000 -1.000000
vn -1.000000 0.000000 0.000000
vn -1.000000 0.000000 0.000000
vn -1.000000 0.000000 0.000000
vn -1.000000 0.000000 0.000000
vn -1.000000 0.000000 0.000000
vn -1.000000 0.000000 0.000000
vn 0.000000 0.000000 1.000000
vn 0.000000 0.000000 1.000000
vn 0.000000 0.000000 1.000000
vn 0.000000 0.000000 1.000000
vn 0.000000 0.000000 1.000000
vn 0.000000 0.000000 1.000000
vn 0.000000 0.000000 1.000000
vn 0.000000 0.000000 1.000000
vn 0.000000 0.000000 1.000000
vn 0.000000 0.000000 1.000000
vn 0.000000 0.000000 1.000000
vn 0.000000 0.000000 1.000000
vn -1.000000 0.000000 0.000000
vn -1.000000 0.000000 0.000000
vn -1.000000 0.000000 0.000000
vn -1.000000 0.000000 0.000000
vn 0.000000 0.000000 -1.000000
vn 0.000000 0.000000 -1.000000
vn 0.000000 0.000000 -1.000000
vn 0.000000 0.000000 -1.000000
vn 0.000000 0.000000 -1.000000
vn 0.000000 0.000000 -1.000000
vn 0.000000 0.000000 -1.000000
vn 0.000000 0.000000 -1.000000
vn 0.000000 0.000000 -1.000000
vn 0.000000 0.000000 -1.000000
vn 0.000000 0.000000 -1.000000
vn 0.000000 0.000000 -1.000000
vn -1.000000 0.000000 0.000000
vn -1.000000 0.000000 0.000000
vn -1.000000 0.000000 0.000000
vn -1.000000 0.000000 0.000000
vn -1.000000 0.000000 0.000000
vn -1.000000 0.000000 0.000000
vn 0.000000 0.000000 1.000000
vn 0.000000 0.000000 1.000000
vn 0.000000 0.000000 1.000000
vn 0.000000 0.000000 1.000000
vn 0.000000 0.000000 1.000000
vn 0.000000 0.000000 1.000000
vn 0.000000 0.000000 1.000000
vn 0.000000 0.000000 1.000000
vn -1.000000 0.000000 0.000000
vn -1.000000 0.000000 0.000000
vn -1.000000 0.000000 0.000000
vn -1.000000 0.000000 0.000000
vn -1.000000 0.000000 0.000000
vn -1.000000 0.000000 0.000000
vn -1.000000 0.000000 0.000000
vn -1.000000 0.000000 0.000000
vn 0.000000 0.000000 1.000000
vn 0.000000 0.000000 1.000000
vn 0.000000 0.000000 1.000000
vn 0.000000 0.000000 1.000000
vn 0.000000 0.000000 1.000000
vn 0.000000 0.000000 1.000000
vn 0.000000 0.000000 1.000000
vn 0.000000 0.000000 1.000000
vn -1.000000 0.000000 0.000000
vn -1.000000 0.000000 0.000000
vn -1.000000 0.000000 0.000000
vn -1.000000 0.000000 0.000000
vn 0.000000 0.000000 -1.000000
vn 0.000000 0.000000 -1.000000
vn 0.000000 0.000000 -1.000000
vn 0.000000 0.000000 -1.000000
vn 0.000000 0.000000 -1.000000
vn 0.000000 0.000000 -1.000000
vn 0.000000 0.000000 -1.000000
vn 0.000000 0.000000 -1.000000
vn 1.000000 0.000000 0.000000
vn 1.000000 0.000000 0.000000
vn 1.000000 0.000000 0.000000
vn 1.000000 0.000000 0.000000
vn 1.000000 0.000000 0.000000
vn 1.000000 0.000000 0.000000
vn 1.000000 0.000000 0.000000
vn 1.000000 0.000000 0.000000
vn 0.000000 0.000000 -1.000000
vn 0.000000 0.000000 -1.000000
vn 0.000000 0.000000 -1.000000
vn 0.000000 0.000000 -1.000000
vn 0.000000 0.000000 -1.000000
vn 0.000000 0.000000 -1.000000
vn -1.000000 0.000000 0.000000
vn -1.000000 0.000000 0.000000
vn -1.000000 0.000000 0.000000
vn -1.000000 0.000000 0.000000
vn -1.000000 0.000000 0.000000
vn -1.000000 0.000000 0.000000
vn -1.000000 0.000000 0.000000
vn -1.000000 0.000000 0.000000
vn 0.000000 0.000000 -1.000000
vn 0.000000 0.000000 -1.000000
vn 0.000000 0.000000 -1.000000
vn 0.000000 0.000000 -1.000000
vn 1.000000 0.000000 0.000000
vn 1.000000 0.000000 0.000000
vn 1.000000 0.000000 0.000000
vn 1.000000 0.000000 0.000000
vn 1.000000 0.000000 0.000000
vn 1.000000 0.000000 0.000000
vn 1.000000 0.000000 0.000000
vn 1.000000 0.000000 0.000000
vn 0.000000 0.000000 -1.000000
vn 0.000000 0.000000 -1.000000
vn 0.000000 0.000000 -1.000000
vn 0.000000 0.000000 -1.000000
vn 0.000000 0.000000 -1.000000
vn 0.000000 0.000000 -1.000000
vn 0.000000 0.000000 -1.000000
vn 0.000000 0.000000 -1.000000
vn 0.000000 0.000000 -1.000000
vn 0.000000 0.000000 -1.000000
vn -1.000000 0.000000 0.000000
vn -1.000000 0.000000 0.000000
vn -1.000000 0.000000 0.000000
vn -1.000000 0.000000 0.000000
vn -1.000000 0.000000 0.000000
vn -1.000000 0.000000 0.000000
vn -1.000000 0.000000 0.000000
vn -1.000000 0.000000 0.000000
vn 0.000000 0.000000 -1.000000
vn 0.000000 0.000000 -1.000000
vn 0.000000 0.000000 -1.000000
vn 0.000000 0.000000 -1.000000
vn 0.000000 0.000000 -1.000000
vn 0.000000 0.000000 -1.000000
vn 0.000000 0.000000 -1.000000
vn 0.000000 0.000000 -1.000000
vn 1.000000 0.000000 0.000000
vn 1.000000 0.000000 0.000000
vn 1.000000 0.000000 0.000000
vn 1.000000 0.000000 0.000000
vn 0.000000 0.000000 1.000000
vn 0.000000 0.000000 1.000000
vn 0.000000 0.000000 1.000000
vn 0.000000 0.000000 1.000000
vn 0.000000 0.000000 1.000000
vn 0.000000 0.000000 1.000000
vn 0.000000 0.000000 1.000000
vn 0.000000 0.000000 1.000000
vn 1.000000 0.000000 0.000000
vn 1.000000 0.000000 0.000000
vn 1.000000 0.000000 0.000000
vn 1.000000 0.000000 0.000000
vn 1.000000 0.000000 0.000000
vn 1.000000 0.000000 0.000000
vn 0.000000 0.000000 -1.000000
vn 0.000000 0.000000 -1.000000
vn 0.000000 0.000000 -1.000000
vn 0.000000 0.000000 -1.000000
vn 0.000000 0.000000 -1.000000
vn 0.000000 0.000000 -1.000000
vn 0.000000 0.000000 -1.000000
vn 0.000000 0.000000 -1.000000
vn 0.000000 0.000000 -1.000000
vn 0.000000 0.000000 -1.000000
vn -1.000000 0.000000 0.000000
vn -1.000000 0.000000 0.000000
vn -1.000000 0.000000 0.000000
vn -1.000000 0.000000 0.000000
vn -1.000000 0.000000 0.000000
vn -1.000000 0.000000 0.000000
vn -1.000000 0.000000 0.000000
vn -1.000000 0.000000 0.000000
vn 0.000000 0.000000 -1.000000
vn 0.000000 0.000000 -1.000000
vn 0.000000 0.000000 -1.000000
vn 0.000000 0.000000 -1.000000
vn 1.000000 0.000000 0.000000
vn 1.000000 0.000000 0.000000
vn 1.000000 0.000000 0.000000
vn 1.000000 0.000000 0.000000
vn 1.000000 0.000000 0.000000
vn 1.000000 0.000000 0.000000
vn 1.000000 0.000000 0.000000
vn 1.000000 0.000000 0.000000
vn 0.000000 0.000000 1.000000
vn 0.000000 0.000000 1.000000
vn 0.000000 0.000000 1.000000
vn 0.000000 0.000000 1.000000
vn 0.000000 0.000000 1.000000
vn 0.000000 0.000000 1.000000
vn 0.000000 0.000000 1.000000
vn 0.000000 0.000000 1.000000
vn 1.000000 0.000000 0.000000
vn 1.000000 0.000000 0.000000
vn 1.000000 0.000000 0.000000
vn 1.000000 0.000000 0.000000
vn 1.000000 0.000000 0.000000
vn 1.000000 0.000000 0.000000
vn 0.000000 0.000000 -1.000000
vn 0.000000 0.000000 -1.000000
vn 0.000000 0.000000 -1.000000
vn 0.000000 0.000000 -1.000000
vn 0.000000 0.000000 -1.000000
vn 0.000000 0.000000 -1.000000
vn 0.000000 0.000000 -1.000000
vn 0.000000 0.000000 -1.000000
vn 0.000000 0.000000 -1.000000
vn 0.000000 0.000000 -1.000000
vn -1.000000 0.000000 0.000000
vn -1.000000 0.000000 0.000000
vn -1.000000 0.000000 0.000000
vn -1.000000 0.000000 0.000000
vn -1.000000 0.000000 0.000000
vn -1.000000 0.000000 0.000000
vn -1.000000 0.000000 0.000000
vn -1.000000 0.000000 0.000000
vn 0.000000 0.000000 -1.000000
vn 0.000000 0.000000 -1.000000
vn 0.000000 0.000000 -1.000000
vn 0.000000 0.000000 -1.000000
vn 0.000000 0.000000 -1.000000
vn 0.000000 0.000000 -1.000000
vn 0.000000 0.000000 -1.000000
vn 0.000000 0.000000 -1.000000
vn -1.000000 0.000000 0.000000
vn -1.000000 0.000000 0.000000
vn -1.000000 0.000000 0.000000
vn -1.000000 0.000000 0.000000
vn -1.000000 0.000000 0.000000
vn -1.000000 0.000000 0.000000
vn 0.000000 0.000000 1.000000
vn 0.000000 0.000000 1.000000
vn 0.000000 0.000000 1.000000
vn 0.000000 0.000000 1.000000
vn 0.000000 0.000000 1.000000
vn 0.000000 0.000000 1.000000
vn 0.000000 0.000000 1.000000
vn 0.000000 0.000000 1.000000
vn -1.000000 0.000000 0.000000
vn -1.000000 0.000000 0.000000
vn -1.000000 0.000000 0.000000
vn -1.000000 0.000000 0.000000
vn 0.000000 0.000000 -1.000000
vn 0.000000 0.000000 -1.000000
vn 0.000000 0.000000 -1.000000
vn 0.000000 0.000000 -1.000000
vn 0.000000 0.000000 -1.000000
vn 0.000000 0.000000 -1.000000
vn 0.000000 0.000000 -1.000000
vn 0.000000 0.000000 -1.000000
vn 1.000000 0.000000 0.000000
vn 1.000000 0.000000 0.000000
vn 1.000000 0.000000 0.000000
vn 1.000000 0.000000 0.000000
vn 1.000000 0.000000 0.000000
vn 1.000000 0.000000 0.000000
vn 1.000000 0.000000 0.000000
vn 1.000000 0.000000 0.000000
vn 0.000000 0.000000 1.000000
vn 0.000000 0.000000 1.000000
vn 0.000000 0.000000 1.000000
vn 0.000000 0.000000 1.000000
vn 0.000000 0.000000 1.000000
vn 0.000000 0.000000 1.000000
vn 0.000000 0.000000 1.000000
vn 0.000000 0.000000 1.000000
vn 1.000000 0.000000 0.000000
vn 1.000000 0.000000 0.000000
vn 1.000000 0.000000 0.000000
vn 1.000000 0.000000 0.000000
vn 1.000000 0.000000 0.000000
vn 1.000000 0.000000 0.000000
vn 1.000000 0.000000 0.000000
vn 1.000000 0.000000 0.000000
vn 1.000000 0.000000 0.000000
vn 1.000000 0.000000 0.000000
vn 1.000000 0.000000 0.000000
vn 1.000000 0.000000 0.000000
vn 1.000000 0.000000 0.000000
vn 1.000000 0.000000 0.000000
vn 0.000000 0.000000 -1.000000
vn 0.000000 0.000000 -1.000000
vn 0.000000 0.000000 -1.000000
vn 0.000000 0.000000 -1.000000
vn 0.000000 0.000000 -1.000000
vn 0.000000 0.000000 -1.000000
vn 0.000000 0.000000 -1.000000
vn 0.000000 0.000000 -1.000000
vn 1.000000 0.000000 0.000000
vn 1.000000 0.000000 0.000000
vn 1.000000 0.000000 0.000000
vn 1.000000 0.000000 0.000000
vn 1.000000 0.000000 0.000000
vn 1.000000 0.000000 0.000000
vn 1.000000 0.000000 0.000000
vn 1.000000 0.000000 0.000000
vn 1.000000 0.000000 0.000000
vn 1.000000 0.000000 0.000000
vn 1.000000 0.000000 0.000000
vn 1.000000 0.000000 0.000000
vn 1.000000 0.000000 0.000000
vn 1.000000 0.000000 0.000000
vn 1.000000 0.000000 0.000000
vn 1.000000 0.000000 0.000000
vn 1.000000 0.000000 0.000000
vn 1.000000 0.000000 0.000000
vn 1.000000 0.000000 0.000000
vn 1.000000 0.000000 0.000000
vn 0.000000 0.000000 1.000000
vn 0.000000 0.000000 1.000000
vn 0.000000 0.000000 1.000000
vn 0.000000 0.000000 1.000000
vn 0.000000 0.000000 1.000000
vn 0.000000 0.000000 1.000000
vn 0.000000 0.000000 1.000000
vn 0.000000 0.000000 1.000000
vn -1.000000 0.000000 0.000000
vn -1.000000 0.000000 0.000000
vn -1.000000 0.000000 0.000000
vn -1.000000 0.000000 0.000000
vn 0.000000 0.000000 -1.000000
vn 0.000000 0.000000 -1.000000
vn 0.000000 0.000000 -1.000000
vn 0.000000 0.000000 -1.000000
vn 0.000000 0.000000 -1.000000
vn 0.000000 0.000000 -1.000000
vn 0.000000 0.000000 -1.000000
vn 0.000000 0.000000 -1.000000
vn -1.000000 0.000000 0.000000
vn -1.000000 0.000000 0.000000
vn -1.000000 0.000000 0.000000
vn -1.000000 0.000000 0.000000
vn -1.000000 0.000000 0.000000
vn -1.000000 0.000000 0.000000
vn -1.000000 0.000000 0.000000
vn -1.000000 0.000000 0.000000
vn -1.000000 0.000000 0.000000
vn -1.000000 0.000000 0.000000
vn -1.000000 0.000000 0.000000
vn -1.000000 0.000000 0.000000
vn -1.000000 0.000000 0.000000
vn -1.000000 0.000000 0.000000
vn -1.000000 0.000000 0.000000
vn -1.000000 0.000000 0.000000
vn -1.000000 0.000000 0.000000
vn -1.000000 0.000000 0.000000
vn -1.000000 0.000000 0.000000
vn -1.000000 0.000000 0.000000
vn 0.000000 0.000000 1.000000
vn 0.000000 0.000000 1.000000
vn 0.000000 0.000000 1.000000
vn 0.000000 0.000000 1.000000
vn 0.000000 0.000000 1.000000
vn 0.000000 0.000000 1.000000
vn 1.000000 0.000000 0.000000
vn 1.000000 0.000000 0.000000
vn 1.000000 0.000000 0.000000
vn 1.000000 0.000000 0.000000
vn 1.000000 0.000000 0.000000
vn 1.000000 0.000000 0.000000
vn 1.000000 0.000000 0.000000
vn 1.000000 0.000000 0.000000
vn 0.000000 0.000000 1.000000
vn 0.000000 0.000000 1.000000
vn 0.000000 0.000000 1.000000
vn 0.000000 0.000000 1.000000
vn -1.000000 0.000000 0.000000
vn -1.000000 0.000000 0.000000
vn -1.000000 0.000000 0.000000
vn -1.000000 0.000000 0.000000
vn -1.000000 0.000000 0.000000
vn -1.000000 0.000000 0.000000
vn -1.000000 0.000000 0.000000
vn -1.000000 0.000000 0.000000
vn -1.000000 0.000000 0.000000
vn -1.000000 0.000000 0.000000
vn -1.000000 0.000000 0.000000
vn -1.000000 0.000000 0.000000
vn 0.000000 0.000000 1.000000
vn 0.000000 0.000000 1.000000
vn 0.000000 0.000000 1.000000
vn 0.000000 0.000000 1.000000
vn 0.000000 0.000000 1.000000
vn 0.000000 0.000000 1.000000
vn 0.000000 0.000000 1.000000
vn 0.000000 0.000000 1.000000
vn -1.000000 0.000000 0.000000
vn -1.000000 0.000000 0.000000
vn -1.000000 0.000000 0.000000
vn -1.000000 0.000000 0.000000
vn 0.000000 0.000000 -1.000000
vn 0.000000 0.000000 -1.000000
vn 0.000000 0.000000 -1.000000
vn 0.000000 0.000000 -1.000000
vn 0.000000 0.000000 -1.000000
vn 0.000000 0.000000 -1.000000
vn 0.000000 0.000000 -1.000000
vn 0.000000 0.000000 -1.000000
vn -1.000000 0.000000 0.000000
vn -1.000000 0.000000 0.000000
vn -1.000000 0.000000 0.000000
vn -1.000000 0.000000 0.000000
vn -1.000000 0.000000 0.000000
vn -1.000000 0.000000 0.000000
vn 0.000000 0.000000 1.000000
vn 0.000000 0.000000 1.000000
vn 0.000000 0.000000 1.000000
vn 0.000000 0.000000 1.000000
vn 0.000000 0.000000 1.000000
vn 0.000000 0.000000 1.000000
vn 0.000000 0.000000 1.000000
vn 0.000000 0.000000 1.000000
vn 0.000000 0.000000 1.000000
vn 0.000000 0.000000 1.000000
vn 1.000000 0.000000 0.000000
vn 1.000000 0.000000 0.000000
vn 1.000000 0.000000 0.000000
vn 1.000000 0.000000 0.000000
vn 1.000000 0.000000 0.000000
vn 1.000000 0.000000 0.000000
vn 1.000000 0.000000 0.000000
vn 1.000000 0.000000 0.000000
vn 0.000000 0.000000 1.000000
vn 0.000000 0.000000 1.000000
vn 0.000000 0.000000 1.000000
vn 0.000000 0.000000 1.000000
vn -1.000000 0.000000 0.000000
vn -1.000000 0.000000 0.000000
vn -1.000000 0.000000 0.000000
vn -1.000000 0.000000 0.000000
vn -1.000000 0.000000 0.000000
vn -1.000000 0.000000 0.000000
vn -1.000000 0.000000 0.000000
vn -1.000000 0.000000 0.000000
vn -1.000000 0.000000 0.000000
vn -1.000000 0.000000 0.000000
vn -1.000000 0.000000 0.000000
vn -1.000000 0.000000 0.000000
vn 0.000000 0.000000 1.000000
vn 0.000000 0.000000 1.000000
vn 0.000000 0.000000 1.000000
vn 0.000000 0.000000 1.000000
vn 0.000000 0.000000 1.000000
vn 0.000000 0.000000 1.000000
vn 0.000000 0.000000 1.000000
vn 0.000000 0.000000 1.000000
vn 0.000000 0.000000 1.000000
vn 0.000000 0.000000 1.000000
vn 1.000000 0.000000 0.000000
vn 1.000000 0.000000 0.000000
vn 1.000000 0.000000 0.000000
vn 1.000000 0.000000 0.000000
vn 1.000000 0.000000 0.000000
vn 1.000000 0.000000 0.000000
vn 0.000000 0.000000 -1.000000
vn 0.000000 0.000000 -1.000000
vn 0.000000 0.000000 -1.000000
vn 0.000000 0.000000 -1.000000
vn 0.000000 0.000000 -1.000000
vn 0.000000 0.000000 -1.000000
vn 0.000000 0.000000 -1.000000
vn 0.000000 0.000000 -1.000000
vn 1.000000 0.000000 0.000000
vn 1.000000 0.000000 0.000000
vn 1.000000 0.000000 0.000000
vn 1.000000 0.000000 0.000000
vn 1.000000 0.000000 0.000000
vn 1.000000 0.000000 0.000000
vn 1.000000 0.000000 0.000000
vn 1.000000 0.000000 0.000000
vn 1.000000 0.000000 0.000000
vn 1.000000 0.000000 0.000000
vn 1.000000 0.000000 0.000000
vn 1.000000 0.000000 0.000000
vn 0.000000 0.000000 -1.000000
vn 0.000000 0.000000 -1.000000
vn 0.000000 0.000000 -1.000000
vn 0.000000 0.000000 -1.000000
vn 0.000000 0.000000 -1.000000
vn 0.000000 0.000000 -1.000000
vn 0.000000 0.000000 -1.000000
vn 0.000000 0.000000 -1.000000
vn 0.000000 0.000000 -1.000000
vn 0.000000 0.000000 -1.000000
vn 0.000000 0.000000 -1.000000
vn 0.000000 0.000000 -1.000000
vn 1.000000 0.000000 0.000000
vn 1.000000 0.000000 0.000000
vn 1.000000 0.000000 0.000000
vn 1.000000 0.000000 0.000000
vn 0.000000 0.000000 1.000000
vn 0.000000 0.000000 1.000000
vn 0.000000 0.000000 1.000000
vn 0.000000 0.000000 1.000000
vn 0.000000 0.000000 1.000000
vn 0.000000 0.000000 1.000000
vn 0.000000 0.000000 1.000000
vn 0.000000 0.000000 1.000000
vn 0.000000 0.000000 1.000000
vn 0.000000 0.000000 1.000000
vn 0.000000 0.000000 1.000000
vn 0.000000 0.000000 1.000000
vn 1.000000 0.000000 0.000000
vn 1.000000 0.000000 0.000000
vn 1.000000 0.000000 0.000000
vn 1.000000 0.000000 0.000000
vn 1.000000 0.000000 0.000000
vn 1.000000 0.000000 0.000000
vn 1.000000 0.000000 0.000000
vn 1.000000 0.000000 0.000000
vn 1.000000 0.000000 0.000000
vn 1.000000 0.000000 0.000000
vn 1.000000 0.000000 0.000000
vn 1.000000 0.000000 0.000000
vn 0.000000 0.000000 1.000000
vn 0.000000 0.000000 1.000000
vn 0.000000 0.000000 1.000000
vn 0.000000 0.000000 1.000000
vn 0.000000 0.000000 1.000000
vn 0.000000 0.000000 1.000000
vn 0.000000 0.000000 1.000000
vn 0.000000 0.000000 1.000000
vn 1.000000 0.000000 0.000000
vn 1.000000 0.000000 0.000000
vn 1.000000 0.000000 0.000000
vn 1.000000 0.000000 0.000000
vn 1.000000 0.000000 0.000000
vn 1.000000 0.000000 0.000000
vn 1.000000 0.000000 0.000000
vn 1.000000 0.000000 0.000000
vn 1.000000 0.000000 0.000000
vn 1.000000 0.000000 0.000000
vn 1.000000 0.000000 0.000000
vn 1.000000 0.000000 0.000000
vn 1.000000 0.000000 0.000000
vn 1.000000 0.000000 0.000000
vn 1.000000 0.000000 0.000000
vn 1.000000 0.000000 0.000000
vn 0.000000 0.000000 -1.000000
vn 0.000000 0.000000 -1.000000
vn 0.000000 0.000000 -1.000000
vn 0.000000 0.000000 -1.000000
vn 0.000000 0.000000 -1.000000
vn 0.000000 0.000000 -1.000000
vn 0.000000 0.000000 -1.000000
vn 0.000000 0.000000 -1.000000
vn 1.000000 0.000000 0.000000
vn 1.000000 0.000000 0.000000
vn 1.000000 0.000000 0.000000
vn 1.000000 0.000000 0.000000
vn 0.000000 0.000000 1.000000
vn 0.000000 0.000000 1.000000
vn 0.000000 0.000000 1.000000
vn 0.000000 0.000000 1.000000
vn 0.000000 0.000000 1.000000
vn 0.000000 0.000000 1.000000
vn 0.000000 0.000000 1.000000
vn 0.000000 0.000000 1.000000
vn 0.000000 0.000000 1.000000
vn 0.000000 0.000000 1.000000
vn 0.000000 0.000000 1.000000
vn 0.000000 0.000000 1.000000
vn 0.000000 0.000000 1.000000
vn 0.000000 0.000000 1.000000
vn 0.000000 0.000000 1.000000
vn 0.000000 0.000000 1.000000
vn 0.000000 0.000000 1.000000
vn 0.000000 0.000000 1.000000
vn 0.000000 0.000000 1.000000
vn 0.000000 0.000000 1.000000
vn 0.000000 0.000000 1.000000
vn 0.000000 0.000000 1.000000
vn 0.000000 0.000000 1.000000
vn 0.000000 0.000000 1.000000
vn 0.000000 0.000000 1.000000
vn 0.000000 0.000000 1.000000
vn -1.000000 0.000000 0.000000
vn -1.000000 0.000000 0.000000
vn -1.000000 0.000000 0.000000
vn -1.000000 0.000000 0.000000
vn -1.000000 0.000000 0.000000
vn -1.000000 0.000000 0.000000
vn -1.000000 0.000000 0.000000
vn -1.000000 0.000000 0.000000
vn -1.000000 0.000000 0.000000
vn -1.000000 0.000000 0.000000
vn -1.000000 0.000000 0.000000
vn -1.000000 0.000000 0.000000
vn -1.000000 0.000000 0.000000
vn -1.000000 0.000000 0.000000
vn -1.000000 0.000000 0.000000
vn -1.000000 0.000000 0.000000
vn -1.000000 0.000000 0.000000
vn -1.000000 0.000000 0.000000
vn -1.000000 0.000000 0.000000
vn -1.000000 0.000000 0.000000
vn -1.000000 0.000000 0.000000
vn -1.000000 0.000000 0.000000
vn -1.000000 0.000000 0.000000
vn -1.000000 0.000000 0.000000
vn -1.000000 0.000000 0.000000
vn -1.000000 0.000000 0.000000
vn -1.000000 0.000000 0.000000
vn -1.000000 0.000000 0.000000
vn -1.000000 0.000000 0.000000
vn -1.000000 0.000000 0.000000
vn -1.000000 0.000000 0.000000
vn -1.000000 0.000000 0.000000
vn -1.000000 0.000000 0.000000
vn -1.000000 0.000000 0.000000
vn -1.000000 0.000000 0.000000
vn -1.000000 0.000000 0.000000
vn -1.000000 0.000000 0.000000
vn -1.000000 0.000000 0.000000
vn -1.000000 0.000000 0.000000
vn -1.000000 0.000000 0.000000
vn -1.000000 0.000000 0.000000
vn -1.000000 0.000000 0.000000
vn -1.000000 0.000000 0.000000
vn -1.000000 0.000000 0.000000
vn -1.000000 0.000000 0.000000
vn -1.000000 0.000000 0.000000
vn -1.000000 0.000000 0.000000
vn -1.000000 0.000000 0.000000
vn 0.000000 0.000000 -1.000000
vn 0.000000 0.000000 -1.000000
vn 0.000000 0.000000 -1.000000
vn 0.000000 0.000000 -1.000000
vn 0.000000 0.000000 -1.000000
vn 0.000000 0.000000 -1.000000
vn 0.000000 0.000000 -1.000000
vn 0.000000 0.000000 -1.000000
vn 0.000000 0.000000 -1.000000
vn 0.000000 0.000000 -1.000000
vn 0.000000 0.000000 -1.000000
vn 0.000000 0.000000 -1.000000
vn 0.000000 0.000000 -1.000000
vn 0.000000 0.000000 -1.000000
vn 0.000000 0.000000 -1.000000
vn 0.000000 0.000000 -1.000000
vn 0.000000 0.000000 -1.000000
vn 0.000000 0.000000 -1.000000
vn 0.000000 0.000000 -1.000000
vn 0.000000 0.000000 -1.000000
vn 0.000000 0.000000 -1.000000
vn 0.000000 0.000000 -1.000000
vn 1.000000 0.000000 0.000000
vn 1.000000 0.000000 0.000000
vn 1.000000 0.000000 0.000000
vn 1.000000 0.000000 0.000000
vn 1.000000 0.000000 0.000000
vn 1.000000 0.000000 0.000000
vn 1.000000 0.000000 0.000000
vn 1.000000 0.000000 0.000000
vn 0.000000 0.000000 1.000000
vn 0.000000 0.000000 1.000000
vn 0.000000 0.000000 1.000000
vn 0.000000 0.000000 1.000000
vn -1.000000 0.000000 0.000000
vn -1.000000 0.000000 0.000000
vn -1.000000 0.000000 0.000000
vn -1.000000 0.000000 0.000000
vn -1.000000 0.000000 0.000000
vn -1.000000 0.000000 0.000000
vn -1.000000 0.000000 0.000000
vn -1.000000 0.000000 0.000000
vn 0.000000 0.000000 1.000000
vn 0.000000 0.000000 1.000000
vn 0.000000 0.000000 1.000000
vn 0.000000 0.000000 1.000000
vn 0.000000 0.000000 1.000000
vn 0.000000 0.000000 1.000000
vn 0.000000 0.000000 1.000000
vn 0.000000 0.000000 1.000000
vn 0.000000 0.000000 1.000000
vn 0.000000 0.000000 1.000000
vn 0.000000 0.000000 1.000000
vn 0.000000 0.000000 1.000000
vn 0.000000 0.000000 1.000000
vn 0.000000 0.000000 1.000000
vn 0.000000 0.000000 1.000000
vn 0.000000 0.000000 1.000000
vn 0.000000 0.000000 1.000000
vn 0.000000 0.000000 1.000000
vn 0.000000 0.000000 1.000000
vn 0.000000 0.000000 1.000000
vn 1.000000 0.000000 0.000000
vn 1.000000 0.000000 0.000000
vn 1.000000 0.000000 0.000000
vn 1.000000 0.000000 0.000000
vn 1.000000 0.000000 0.000000
vn 1.000000 0.000000 0.000000
vn 1.000000 0.000000 0.000000
vn 1.000000 0.000000 0.000000
vn 1.000000 0.000000 0.000000
vn 1.000000 0.000000 0.000000
vn 1.000000 0.000000 0.000000
vn 1.000000 0.000000 0.000000
vn 0.000000 0.000000 -1.000000
vn 0.000000 0.000000 -1.000000
vn 0.000000 0.000000 -1.000000
vn 0.000000 0.000000 -1.000000
vn 0.000000 0.000000 -1.000000
vn 0.000000 0.000000 -1.000000
vn 0.000000 0.000000 -1.000000
vn 0.000000 0.000000 -1.000000
vn 1.000000 0.000000 0.000000
vn 1.000000 0.000000 0.000000
vn 1.000000 0.000000 0.000000
vn 1.000000 0.000000 0.000000
vn 0.000000 0.000000 1.000000
vn 0.000000 0.000000 1.000000
vn 0.000000 0.000000 1.000000
vn 0.000000 0.000000 1.000000
vn 0.000000 0.000000 1.000000
vn 0.000000 0.000000 1.000000
vn 0.000000 0.000000 1.000000
vn 0.000000 0.000000 1.000000
vn 1.000000 0.000000 0.000000
vn 1.000000 0.000000 0.000000
vn 1.000000 0.000000 0.000000
vn 1.000000 0.000000 0.000000
vn 1.000000 0.000000 0.000000
vn 1.000000 0.000000 0.000000
vn 1.000000 0.000000 0.000000
vn 1.000000 0.000000 0.000000
vn 1.000000 0.000000 0.000000
vn 1.000000 0.000000 0.000000
vn 1.000000 0.000000 0.000000
vn 1.000000 0.000000 0.000000
vn 1.000000 0.000000 0.000000
vn 1.000000 0.000000 0.000000
vn 1.000000 0.000000 0.000000
vn 1.000000 0.000000 0.000000
vn 1.000000 0.000000 0.000000
vn 1.000000 0.000000 0.000000
vn 1.000000 0.000000 0.000000
vn 1.000000 0.000000 0.000000
vn 1.000000 0.000000 0.000000
vn 1.000000 0.000000 0.000000
vn 1.000000 0.000000 0.000000
vn 1.000000 0.000000 0.000000
vn 0.000000 0.000000 -1.000000
vn 0.000000 0.000000 -1.000000
vn 0.000000 0.000000 -1.000000
vn 0.000000 0.000000 -1.000000
vn 0.000000 0.000000 -1.000000
vn 0.000000 0.000000 -1.000000
vn 0.000000 0.000000 -1.000000
vn 0.000000 0.000000 -1.000000
vn 0.000000 0.000000 -1.000000
vn 0.000000 0.000000 -1.000000
vn 0.000000 0.000000 -1.000000
vn 0.000000 0.000000 -1.000000
vn 1.000000 0.000000 0.000000
vn 1.000000 0.000000 0.000000
vn 1.000000 0.000000 0.000000
vn 1.000000 0.000000 0.000000
vn 0.000000 0.000000 1.000000
vn 0.000000 0.000000 1.000000
vn 0.000000 0.000000 1.000000
vn 0.000000 0.000000 1.000000
vn 0.000000 0.000000 1.000000
vn 0.000000 0.000000 1.000000
vn 0.000000 0.000000 1.000000
vn 0.000000 0.000000 1.000000
vn 0.000000 0.000000 1.000000
vn 0.000000 0.000000 1.000000
vn 0.000000 0.000000 1.000000
vn 0.000000 0.000000 1.000000
vn 1.000000 0.000000 0.000000
vn 1.000000 0.000000 0.000000
vn 1.000000 0.000000 0.000000
vn 1.000000 0.000000 0.000000
vn 1.000000 0.000000 0.000000
vn 1.000000 0.000000 0.000000
vn 1.000000 0.000000 0.000000
vn 1.000000 0.000000 0.000000
vn 1.000000 0.000000 0.000000
vn 1.000000 0.000000 0.000000
vn 0.000000 0.000000 -1.000000
vn 0.000000 0.000000 -1.000000
vn 0.000000 0.000000 -1.000000
vn 0.000000 0.000000 -1.000000
vn 0.000000 0.000000 -1.000000
vn 0.000000 0.000000 -1.000000
vn -1.000000 0.000000 0.000000
vn -1.000000 0.000000 0.000000
vn -1.000000 0.000000 0.000000
vn -1.000000 0.000000 0.000000
vn -1.000000 0.000000 0.000000
vn -1.000000 0.000000 0.000000
vn -1.000000 0.000000 0.000000
vn -1.000000 0.000000 0.000000
vn 0.000000 0.000000 -1.000000
vn 0.000000 0.000000 -1.000000
vn 0.000000 0.000000 -1.000000
vn 0.000000 0.000000 -1.000000
vn 1.000000 0.000000 0.000000
vn 1.000000 0.000000 0.000000
vn 1.000000 0.000000 0.000000
vn 1.000000 0.000000 0.000000
vn 1.000000 0.000000 0.000000
vn 1.000000 0.000000 0.000000
vn 1.000000 0.000000 0.000000
vn 1.000000 0.000000 0.000000
vn 0.000000 0.000000 1.000000
vn 0.000000 0.000000 1.000000
vn 0.000000 0.000000 1.000000
vn 0.000000 0.000000 1.000000
vn 0.000000 0.000000 1.000000
vn 0.000000 0.000000 1.000000
vn 0.000000 0.000000 1.000000
vn 0.000000 0.000000 1.000000
vn 1.000000 0.000000 0.000000
vn 1.000000 0.000000 0.000000
vn 1.000000 0.000000 0.000000
vn 1.000000 0.000000 0.000000
vn 1.000000 0.000000 0.000000
vn 1.000000 0.000000 0.000000
vn 0.000000 0.000000 -1.000000
vn 0.000000 0.000000 -1.000000
vn 0.000000 0.000000 -1.000000
vn 0.000000 0.000000 -1.000000
vn 0.000000 0.000000 -1.000000
vn 0.000000 0.000000 -1.000000
vn 0.000000 0.000000 -1.000000
vn 0.000000 0.000000 -1.000000
vn 0.000000 0.000000 -1.000000
vn 0.000000 0.000000 -1.000000
vn 0.000000 0.000000 -1.000000
vn 0.000000 0.000000 -1.000000
vn 0.000000 1.000000 0.000000
vn 0.000000 1.000000 0.000000
vn 0.000000 1.000000 0.000000
vn 0.000000 1.000000 0.000000
vn 0.000000 1.000000 0.000000
vn 0.000000 1.000000 0.000000
vn 0.000000 1.000000 0.000000
vn 0.000000 1.000000 0.000000
vn 0.000000 1.000000 0.000000
vn 0.000000 1.000000 0.000000
vn 0.000000 1.000000 0.000000
vn 0.000000 1.000000 0.000000
vn 0.000000 1.000000 0.000000
vn 0.000000 1.000000 0.000000
vn 0.000000 1.000000 0.000000
vn 0.000000 1.000000 0.000000
vn 0.000000 1.000000 0.000000
vn 0.000000 1.000000 0.000000
vn 0.000000 1.000000 0.000000
vn 0.000000 1.000000 0.000000
vn 0.000000 1.000000 0.000000
vn 0.000000 1.000000 0.000000
vn 0.000000 1.000000 0.000000
vn 0.000000 1.000000 0.000000
vn 0.000000 1.000000 0.000000
vn 0.000000 1.000000 0.000000
vn 0.000000 1.000000 0.000000
vn 0.000000 1.000000 0.000000
vn 0.000000 1.000000 0.000000
vn 0.000000 1.000000 0.000000
vn 0.000000 1.000000 0.000000
vn 0.000000 1.000000 0.000000
vn 0.000000 1.000000 0.000000
vn 0.000000 1.000000 0.000000
vn 0.000000 1.000000 0.000000
vn 0.000000 1.000000 0.000000
vn 0.000000 1.000000 0.000000
vn 0.000000 1.000000 0.000000
vn 0.000000 1.000000 0.000000
vn 0.000000 1.000000 0.000000
vn 0.000000 1.000000 0.000000
vn 0.000000 1.000000 0.000000
vn 0.000000 1.000000 0.000000
vn 0.000000 1.000000 0.000000
vn 0.000000 1.000000 0.000000
vn 0.000000 1.000000 0.000000
vn 0.000000 1.000000 0.000000
vn 0.000000 1.000000 0.000000
vn 0.000000 1.000000 0.000000
vn 0.000000 1.000000 0.000000
vn 0.000000 1.000000 0.000000
vn 0.000000 1.000000 0.000000
vn 0.000000 1.000000 0.000000
vn 0.000000 1.000000 0.000000
vn 0.000000 1.000000 0.000000
vn 0.000000 1.000000 0.000000
vn 0.000000 1.000000 0.000000
vn 0.000000 1.000000 0.000000
vn 0.000000 1.000000 0.000000
vn 0.000000 1.000000 0.000000
vn 0.000000 1.000000 0.000000
vn 0.000000 1.000000 0.000000
vn 0.000000 1.000000 0.000000
vn 0.000000 1.000000 0.000000
vn 0.000000 1.000000 0.000000
vn 0.000000 1.000000 0.000000
vn 0.000000 1.000000 0.000000
vn 0.000000 1.000000 0.000000
vn 0.000000 1.000000 0.000000
vn 0.000000 1.000000 0.000000
vn 0.000000 1.000000 0.000000
vn 0.000000 1.000000 0.000000
vn 0.000000 1.000000 0.000000
vn 0.000000 1.000000 0.000000
vn 0.000000 1.000000 0.000000
vn 0.000000 1.000000 0.000000
vn 0.000000 1.000000 0.000000
vn 0.000000 1.000000 0.000000
vn 0.000000 1.000000 0.000000
vn 0.000000 1.000000 0.000000
vn 0.000000 1.000000 0.000000
vn 0.000000 1.000000 0.000000
vn 0.000000 1.000000 0.000000
vn 0.000000 1.000000 0.000000
vn 0.000000 1.000000 0.000000
vn 0.000000 1.000000 0.000000
vn 0.000000 1.000000 0.000000
vn 0.000000 1.000000 0.000000
vn 0.000000 1.000000 0.000000
vn 0.000000 1.000000 0.000000
vn 0.000000 1.000000 0.000000
vn 0.000000 1.000000 0.000000
vn 0.000000 1.000000 0.000000
vn 0.000000 1.000000 0.000000
vn 0.000000 1.000000 0.000000
vn 0.000000 1.000000 0.000000
vn 0.000000 1.000000 0.000000
vn 0.000000 1.000000 0.000000
vn 0.000000 1.000000 0.000000
vn 0.000000 1.000000 0.000000
vn 0.000000 1.000000 0.000000
vn 0.000000 1.000000 0.000000
vn 0.000000 1.000000 0.000000
vn 0.000000 1.000000 0.000000
vn 0.000000 1.000000 0.000000
vn 0.000000 1.000000 0.000000
vn 0.000000 1.000000 0.000000
vn 0.000000 1.000000 0.000000
vn 0.000000 1.000000 0.000000
vn 0.000000 1.000000 0.000000
vn 0.000000 1.000000 0.000000
vn 0.000000 1.000000 0.000000
vn 0.000000 1.000000 0.000000
vn 0.000000 1.000000 0.000000
vn 0.000000 1.000000 0.000000
vn 0.000000 1.000000 0.000000
vn 0.000000 1.000000 0.000000
vn 0.000000 1.000000 0.000000
vn 0.000000 1.000000 0.000000
vn 0.000000 1.000000 0.000000
vn 0.000000 1.000000 0.000000
vn 0.000000 1.000000 0.000000
vn 0.000000 1.000000 0.000000
vn 0.000000 1.000000 0.000000
vn 0.000000 1.000000 0.000000
vn 0.000000 1.000000 0.000000
vn 0.000000 1.000000 0.000000
vn 0.000000 1.000000 0.000000
vn 0.000000 1.000000 0.000000
vn 0.000000 1.000000 0.000000
vn 0.000000 1.000000 0.000000
vn 0.000000 1.000000 0.000000
vn 0.000000 1.000000 0.000000
vn 0.000000 1.000000 0.000000
vn 0.000000 1.000000 0.000000
vn 0.000000 1.000000 0.000000
vn 0.000000 1.000000 0.000000
vn 0.000000 1.000000 0.000000
vn 0.000000 1.000000 0.000000
vn 0.000000 1.000000 0.000000
vn 0.000000 1.000000 0.000000
vn 0.000000 1.000000 0.000000
vn 0.000000 1.000000 0.000000
vn 0.000000 1.000000 0.000000
vn 0.000000 1.000000 0.000000
vn 0.000000 1.000000 0.000000
vn 0.000000 1.000000 0.000000
vn 0.000000 1.000000 0.000000
vn 0.000000 1.000000 0.000000
vn 0.000000 1.000000 0.000000
vn 0.000000 1.000000 0.000000
vn 0.000000 1.000000 0.000000
vn 0.000000 1.000000 0.000000
vn 0.000000 1.000000 0.000000
vn 0.000000 1.000000 0.000000
vn 0.000000 1.000000 0.000000
vn 0.000000 1.000000 0.000000
vn 0.000000 1.000000 0.000000
vn 0.000000 1.000000 0.000000
vn 0.000000 1.000000 0.000000
vn 0.000000 1.000000 0.000000
vn 0.000000 1.000000 0.000000
vn 0.000000 1.000000 0.000000
vn 0.000000 1.000000 0.000000
vn 0.000000 1.000000 0.000000
vn 0.000000 1.000000 0.000000
vn 0.000000 1.000000 0.000000
vn 0.000000 1.000000 0.000000
vn 0.000000 1.000000 0.000000
vn 0.000000 1.000000 0.000000
vn 0.000000 1.000000 0.000000
vn 0.000000 1.000000 0.000000
vn 0.000000 1.000000 0.000000
vn 0.000000 1.000000 0.000000
vn 0.000000 1.000000 0.000000
vn 0.000000 1.000000 0.000000
vn 0.000000 1.000000 0.000000
vn 0.000000 1.000000 0.000000
vn 0.000000 1.000000 0.000000
vn 0.000000 1.000000 0.000000
vn 0.000000 1.000000 0.000000
vn 0.000000 1.000000 0.000000
vn 0.000000 1.000000 0.000000
vn 0.000000 1.000000 0.000000
vn 0.000000 1.000000 0.000000
vn 0.000000 1.000000 0.000000
vn 0.000000 1.000000 0.000000
vn 0.000000 1.000000 0.000000
vn 0.000000 1.000000 0.000000
vn 0.000000 1.000000 0.000000
vn 0.000000 1.000000 0.000000
vn 0.000000 1.000000 0.000000
vn 0.000000 1.000000 0.000000
vn 0.000000 1.000000 0.000000
vn 0.000000 1.000000 0.000000
vn 0.000000 1.000000 0.000000
vn 0.000000 1.000000 0.000000
vn 0.000000 1.000000 0.000000
vn 0.000000 1.000000 0.000000
vn 0.000000 1.000000 0.000000
vn 0.000000 1.000000 0.000000
vn 0.000000 1.000000 0.000000
vn 0.000000 1.000000 0.000000
vn 0.000000 1.000000 0.000000
vn 0.000000 1.000000 0.000000
vn 0.000000 1.000000 0.000000
vn 0.000000 1.000000 0.000000
vn 0.000000 1.000000 0.000000
vn 0.000000 1.000000 0.000000
vn 0.000000 1.000000 0.000000
vn 0.000000 1.000000 0.000000
vn 0.000000 1.000000 0.000000
vn 0.000000 1.000000 0.000000
vn 0.000000 1.000000 0.000000
vn 0.000000 1.000000 0.000000
vn 0.000000 1.000000 0.000000
vn 0.000000 1.000000 0.000000
vn 0.000000 1.000000 0.000000
vn 0.000000 1.000000 0.000000
vn 0.000000 1.000000 0.000000
vn 0.000000 1.000000 0.000000
vn 0.000000 1.000000 0.000000
vn 0.000000 1.000000 0.000000
vn 0.000000 1.000000 0.000000
vn 0.000000 1.000000 0.000000
vn 0.000000 1.000000 0.000000
vn 0.000000 1.000000 0.000000
vn 0.000000 1.000000 0.000000
vn 0.000000 1.000000 0.000000
vn 0.000000 1.000000 0.000000
vn 0.000000 1.000000 0.000000
vn 0.000000 1.000000 0.000000
vn 0.000000 1.000000 0.000000
vn 0.000000 1.000000 0.000000
vn 0.000000 1.000000 0.000000
vn 0.000000 1.000000 0.000000
vn 0.000000 1.000000 0.000000
vn 0.000000 1.000000 0.000000
vn 0.000000 1.000000 0.000000
vn 0.000000 1.000000 0.000000
vn 0.000000 1.000000 0.000000
vn 0.000000 1.000000 0.000000
vn 0.000000 1.000000 0.000000
vn 0.000000 1.000000 0.000000
vn 0.000000 1.000000 0.000000
vn 0.000000 1.000000 0.000000
vn 0.000000 1.000000 0.000000
vn 0.000000 1.000000 0.000000
vn 0.000000 1.000000 0.000000
vn 0.000000 1.000000 0.000000
vn 0.000000 1.000000 0.000000
vn 0.000000 1.000000 0.000000
vn 0.000000 1.000000 0.000000
vn 0.000000 1.000000 0.000000
vn 0.000000 1.000000 0.000000
vn 0.000000 1.000000 0.000000
vn 0.000000 1.000000 0.000000
vn 0.000000 1.000000 0.000000
vn 0.000000 1.000000 0.000000
vn 0.000000 1.000000 0.000000
vn 0.000000 1.000000 0.000000
vn 0.000000 1.000000 0.000000
vn 0.000000 1.000000 0.000000
vn 0.000000 1.000000 0.000000
vn 0.000000 1.000000 0.000000
vn 0.000000 1.000000 0.000000
vn 0.000000 1.000000 0.000000
vn 0.000000 1.000000 0.000000
vn 0.000000 1.000000 0.000000
vn 0.000000 1.000000 0.000000
vn 0.000000 1.000000 0.000000
vn 0.000000 1.000000 0.000000
vn 0.000000 1.000000 0.000000
vn 0.000000 1.000000 0.000000
vn 0.000000 1.000000 0.000000
vn 0.000000 1.000000 0.000000
vn 0.000000 1.000000 0.000000
vn 0.000000 1.000000 0.000000
vn 0.000000 1.000000 0.000000
vn 0.000000 1.000000 0.000000
vn 0.000000 1.000000 0.000000
vn 0.000000 1.000000 0.000000
vn 0.000000 1.000000 0.000000
vn 0.000000 1.000000 0.000000
vn 0.000000 1.000000 0.000000
vn 0.000000 1.000000 0.000000
vn 0.000000 1.000000 0.000000
vn 0.000000 1.000000 0.000000
vn 0.000000 1.000000 0.000000
vn 0.000000 1.000000 0.000000
vn 0.000000 1.000000 0.000000
vn 0.000000 1.000000 0.000000
vn 0.000000 1.000000 0.000000
vn 0.000000 1.000000 0.000000
vn 0.000000 1.000000 0.000000
vn 0.000000 1.000000 0.000000
vn 0.000000 1.000000 0.000000
vn 0.000000 1.000000 0.000000
vn 0.000000 1.000000 0.000000
vn 0.000000 1.000000 0.000000
vn 0.000000 1.000000 0.000000
vn 0.000000 1.000000 0.000000
vn 0.000000 1.000000 0.000000
vn 0.000000 1.000000 0.000000
vn 0.000000 1.000000 0.000000
vn 0.000000 1.000000 0.000000
vn 0.000000 1.000000 0.000000
vn 0.000000 1.000000 0.000000
vn 0.000000 1.000000 0.000000
vn 0.000000 1.000000 0.000000
vn 0.000000 1.000000 0.000000
vn 0.000000 1.000000 0.000000
vn 0.000000 1.000000 0.000000
vn 0.000000 1.000000 0.000000
vn 0.000000 1.000000 0.000000
vn 0.000000 1.000000 0.000000
vn 0.000000 1.000000 0.000000
vn 0.000000 1.000000 0.000000
vn 0.000000 1.000000 0.000000
vn 0.000000 1.000000 0.000000
vn 0.000000 1.000000 0.000000
vn 0.000000 1.000000 0.000000
vn 0.000000 1.000000 0.000000
vn 0.000000 1.000000 0.000000
vn 0.000000 1.000000 0.000000
vn 0.000000 1.000000 0.000000
vn 0.000000 1.000000 0.000000
vn 0.000000 1.000000 0.000000
vn 0.000000 1.000000 0.000000
vn 0.000000 1.000000 0.000000
vn 0.000000 1.000000 0.000000
vn 0.000000 1.000000 0.000000
vn 0.000000 1.000000 0.000000
vn 0.000000 1.000000 0.000000
vn 0.000000 1.000000 0.000000
vn 0.000000 1.000000 0.000000
vn 0.000000 1.000000 0.000000
vn 0.000000 1.000000 0.000000
vn 0.000000 1.000000 0.000000
vn 0.000000 1.000000 0.000000
vn 0.000000 1.000000 0.000000
vn 0.000000 1.000000 0.000000
vn 0.000000 1.000000 0.000000
vn 0.000000 1.000000 0.000000
vn 0.000000 1.000000 0.000000
vn 0.000000 1.000000 0.000000
vn 0.000000 1.000000 0.000000
vn 0.000000 1.000000 0.000000
vn 0.000000 1.000000 0.000000
vn 0.000000 1.000000 0.000000
vn 0.000000 1.000000 0.000000
vn 0.000000 1.000000 0.000000
vn 0.000000 1.000000 0.000000
vn 0.000000 1.000000 0.000000
vn 0.000000 1.000000 0.000000
vn 0.000000 1.000000 0.000000
vn 0.000000 1.000000 0.000000
vn 0.000000 1.000000 0.000000
vn 0.000000 1.000000 0.000000
vn 0.000000 1.000000 0.000000
vn 0.000000 1.000000 0.000000
vn 0.000000 1.000000 0.000000
vn 0.000000 1.000000 0.000000
vn 0.000000 1.000000 0.000000
vn 0.000000 1.000000 0.000000
vn 0.000000 1.000000 0.000000
vn 0.000000 1.000000 0.000000
vn 0.000000 1.000000 0.000000
vn 0.000000 1.000000 0.000000
vn 0.000000 1.000000 0.000000
vn 0.000000 1.000000 0.000000
vn 0.000000 1.000000 0.000000
vn 0.000000 1.000000 0.000000
vn 0.000000 1.000000 0.000000
vn 0.000000 1.000000 0.000000
vn 0.000000 1.000000 0.000000
vn 0.000000 1.000000 0.000000
vn 0.000000 1.000000 0.000000
vn 0.000000 1.000000 0.000000
vn 0.000000 1.000000 0.000000
vn 0.000000 1.000000 0.000000
vn 0.000000 1.000000 0.000000
vn 0.000000 1.000000 0.000000
vn 0.000000 1.000000 0.000000
vn 0.000000 1.000000 0.000000
vn 0.000000 1.000000 0.000000
vn 0.000000 1.000000 0.000000
vn 0.000000 1.000000 0.000000
vn 0.000000 1.000000 0.000000
vn 0.000000 1.000000 0.000000
vn 0.000000 1.000000 0.000000
vn 0.000000 1.000000 0.000000
vn 0.000000 1.000000 0.000000
vn 0.000000 1.000000 0.000000
vn 0.000000 1.000000 0.000000
vn 0.000000 1.000000 0.000000
vn 0.000000 1.000000 0.000000
vn 0.000000 1.000000 0.000000
vn 0.000000 1.000000 0.000000
vn 0.000000 1.000000 0.000000
vn 0.000000 1.000000 0.000000
vn 0.000000 1.000000 0.000000
vn 0.000000 1.000000 0.000000
vn 0.000000 1.000000 0.000000
vn 0.000000 1.000000 0.000000
vn 0.000000 1.000000 0.000000
vn 0.000000 1.000000 0.000000
vn 0.000000 1.000000 0.000000
vn 0.000000 1.000000 0.000000
vn 0.000000 1.000000 0.000000
vn 0.000000 1.000000 0.000000
vn 0.000000 1.000000 0.000000
vn 0.000000 1.000000 0.000000
vn 0.000000 1.000000 0.000000
vn 0.000000 1.000000 0.000000
vn 0.000000 1.000000 0.000000
vn 0.000000 1.000000 0.000000
vn 0.000000 1.000000 0.000000
vn 0.000000 1.000000 0.000000
vn 0.000000 1.000000 0.000000
vn 0.000000 1.000000 0.000000
vn 0.000000 1.000000 0.000000
vn 0.000000 1.000000 0.000000
vn 0.000000 1.000000 0.000000
vn 0.000000 1.000000 0.000000
vn 0.000000 1.000000 0.000000
vn 0.000000 1.000000 0.000000
vn 0.000000 1.000000 0.000000
vn 0.000000 1.000000 0.000000
vn 0.000000 1.000000 0.000000
vn 0.000000 1.000000 0.000000
vn 0.000000 1.000000 0.000000
vn 0.000000 1.000000 0.000000
vn 0.000000 1.000000 0.000000
vn 0.000000 1.000000 0.000000
vn 0.000000 1.000000 0.000000
vn 0.000000 1.000000 0.000000
vn 0.000000 1.000000 0.000000
vn 0.000000 1.000000 0.000000
vn 0.000000 1.000000 0.000000
vn 0.000000 1.000000 0.000000
vn 0.000000 1.000000 0.000000
vn 0.000000 1.000000 0.000000
vn 0.000000 1.000000 0.000000
vn 0.000000 1.000000 0.000000
vn 0.000000 1.000000 0.000000
vn 0.000000 1.000000 0.000000
vn 0.000000 1.000000 0.000000
vn 0.000000 1.000000 0.000000
vn 0.000000 1.000000 0.000000
vn 0.000000 1.000000 0.000000
vn 0.000000 1.000000 0.000000
vn 0.000000 1.000000 0.000000
vn 0.000000 1.000000 0.000000
vn 0.000000 1.000000 0.000000
vn 0.000000 1.000000 0.000000
vn 0.000000 1.000000 0.000000
vn 0.000000 1.000000 0.000000
vn 0.000000 1.000000 0.000000
vn 0.000000 1.000000 0.000000
vn 0.000000 1.000000 0.000000
vn 0.000000 1.000000 0.000000
vn 0.000000 1.000000 0.000000
vn 0.000000 1.000000 0.000000
vn 0.000000 1.000000 0.000000
vn 0.000000 1.000000 0.000000
vn 0.000000 1.000000 0.000000
vn 0.000000 1.000000 0.000000
vn 0.000000 1.000000 0.000000
vn 0.000000 1.000000 0.000000
vn 0.000000 1.000000 0.000000
vn 0.000000 1.000000 0.000000
vn 0.000000 1.000000 0.000000
vn 0.000000 1.000000 0.000000
vn 0.000000 1.000000 0.000000
vn 0.000000 1.000000 0.000000
vn 0.000000 1.000000 0.000000
vn 0.000000 1.000000 0.000000
vn 0.000000 1.000000 0.000000
vn 0.000000 1.000000 0.000000
vn 0.000000 1.000000 0.000000
vn 0.000000 1.000000 0.000000
vn 0.000000 1.000000 0.000000
vn 0.000000 1.000000 0.000000
vn 0.000000 1.000000 0.000000
vn 0.000000 1.000000 0.000000
vn 0.000000 1.000000 0.000000
vn 0.000000 1.000000 0.000000
vn 0.000000 1.000000 0.000000
vn 0.000000 1.000000 0.000000
vn 0.000000 1.000000 0.000000
vn 0.000000 1.000000 0.000000
vn 0.000000 1.000000 0.000000
vn 0.000000 1.000000 0.000000
vn 0.000000 1.000000 0.000000
vn 0.000000 1.000000 0.000000
vn 0.000000 1.000000 0.000000
vn 0.000000 1.000000 0.000000
vn 0.000000 1.000000 0.000000
vn 0.000000 1.000000 0.000000
vn 0.000000 1.000000 0.000000
vn 0.000000 1.000000 0.000000
vn 0.000000 1.000000 0.000000
vn 0.000000 1.000000 0.000000
vn 0.000000 1.000000 0.000000
vn 0.000000 1.000000 0.000000
vn 0.000000 1.000000 0.000000
vn -0.000000 -1.000000 -0.000000
vn -0.000000 -1.000000 -0.000000
vn -0.000000 -1.000000 -0.000000
vn -0.000000 -1.000000 -0.000000
vn -0.000000 -1.000000 -0.000000
vn -0.000000 -1.000000 -0.000000
vn -0.000000 -1.000000 -0.000000
vn -0.000000 -1.000000 -0.000000
vn -0.000000 -1.000000 -0.000000
vn -0.000000 -1.000000 -0.000000
vn -0.000000 -1.000000 -0.000000
vn -0.000000 -1.000000 -0.000000
vn -0.000000 -1.000000 -0.000000
vn -0.000000 -1.000000 -0.000000
vn -0.000000 -1.000000 -0.000000
vn -0.000000 -1.000000 -0.000000
vn -0.000000 -1.000000 -0.000000
vn -0.000000 -1.000000 -0.000000
vn -0.000000 -1.000000 -0.000000
vn -0.000000 -1.000000 -0.000000
vn -0.000000 -1.000000 -0.000000
vn -0.000000 -1.000000 -0.000000
vn -0.000000 -1.000000 -0.000000
vn -0.000000 -1.000000 -0.000000
vn -0.000000 -1.000000 -0.000000
vn -0.000000 -1.000000 -0.000000
vn -0.000000 -1.000000 -0.000000
vn -0.000000 -1.000000 -0.000000
vn -0.000000 -1.000000 -0.000000
vn -0.000000 -1.000000 -0.000000
vn -0.000000 -1.000000 -0.000000
vn -0.000000 -1.000000 -0.000000
vn -0.000000 -1.000000 -0.000000
vn -0.000000 -1.000000 -0.000000
vn -0.000000 -1.000000 -0.000000
vn -0.000000 -1.000000 -0.000000
vn -0.000000 -1.000000 -0.000000
vn -0.000000 -1.000000 -0.000000
vn -0.000000 -1.000000 -0.000000
vn -0.000000 -1.000000 -0.000000
vn -0.000000 -1.000000 -0.000000
vn -0.000000 -1.000000 -0.000000
vn -0.000000 -1.000000 -0.000000
vn -0.000000 -1.000000 -0.000000
vn -0.000000 -1.000000 -0.000000
vn -0.000000 -1.000000 -0.000000
vn -0.000000 -1.000000 -0.000000
vn -0.000000 -1.000000 -0.000000
vn -0.000000 -1.000000 -0.000000
vn -0.000000 -1.000000 -0.000000
vn -0.000000 -1.000000 -0.000000
vn -0.000000 -1.000000 -0.000000
vn -0.000000 -1.000000 -0.000000
vn -0.000000 -1.000000 -0.000000
vn -0.000000 -1.000000 -0.000000
vn -0.000000 -1.000000 -0.000000
vn -0.000000 -1.000000 -0.000000
vn -0.000000 -1.000000 -0.000000
vn -0.000000 -1.000000 -0.000000
vn -0.000000 -1.000000 -0.000000
vn -0.000000 -1.000000 -0.000000
vn -0.000000 -1.000000 -0.000000
vn -0.000000 -1.000000 -0.000000
vn -0.000000 -1.000000 -0.000000
vn -0.000000 -1.000000 -0.000000
vn -0.000000 -1.000000 -0.000000
vn -0.000000 -1.000000 -0.000000
vn -0.000000 -1.000000 -0.000000
vn -0.000000 -1.000000 -0.000000
vn -0.000000 -1.000000 -0.000000
vn -0.000000 -1.000000 -0.000000
vn -0.000000 -1.000000 -0.000000
vn -0.000000 -1.000000 -0.000000
vn -0.000000 -1.000000 -0.000000
vn -0.000000 -1.000000 -0.000000
vn -0.000000 -1.000000 -0.000000
vn -0.000000 -1.000000 -0.000000
vn -0.000000 -1.000000 -0.000000
vn -0.000000 -1.000000 -0.000000
vn -0.000000 -1.000000 -0.000000
vn -0.000000 -1.000000 -0.000000
vn -0.000000 -1.000000 -0.000000
vn -0.000000 -1.000000 -0.000000
vn -0.000000 -1.000000 -0.000000
vn -0.000000 -1.000000 -0.000000
vn -0.000000 -1.000000 -0.000000
vn -0.000000 -1.000000 -0.000000
vn -0.000000 -1.000000 -0.000000
vn -0.000000 -1.000000 -0.000000
vn -0.000000 -1.000000 -0.000000
vn -0.000000 -1.000000 -0.000000
vn -0.000000 -1.000000 -0.000000
vn -0.000000 -1.000000 -0.000000
vn -0.000000 -1.000000 -0.000000
vn -0.000000 -1.000000 -0.000000
vn -0.000000 -1.000000 -0.000000
vn -0.000000 -1.000000 -0.000000
vn -0.000000 -1.000000 -0.000000
vn -0.000000 -1.000000 -0.000000
vn -0.000000 -1.000000 -0.000000
vn -0.000000 -1.000000 -0.000000
vn -0.000000 -1.000000 -0.000000
vn -0.000000 -1.000000 -0.000000
vn -0.000000 -1.000000 -0.000000
vn -0.000000 -1.000000 -0.000000
vn -0.000000 -1.000000 -0.000000
vn -0.000000 -1.000000 -0.000000
vn -0.000000 -1.000000 -0.000000
vn -0.000000 -1.000000 -0.000000
vn -0.000000 -1.000000 -0.000000
vn -0.000000 -1.000000 -0.000000
vn -0.000000 -1.000000 -0.000000
vn -0.000000 -1.000000 -0.000000
vn -0.000000 -1.000000 -0.000000
vn -0.000000 -1.000000 -0.000000
vn -0.000000 -1.000000 -0.000000
vn -0.000000 -1.000000 -0.000000
vn -0.000000 -1.000000 -0.000000
vn -0.000000 -1.000000 -0.000000
vn -0.000000 -1.000000 -0.000000
vn -0.000000 -1.000000 -0.000000
vn -0.000000 -1.000000 -0.000000
vn -0.000000 -1.000000 -0.000000
vn -0.000000 -1.000000 -0.000000
vn -0.000000 -1.000000 -0.000000
vn -0.000000 -1.000000 -0.000000
vn -0.000000 -1.000000 -0.000000
vn -0.000000 -1.000000 -0.000000
vn -0.000000 -1.000000 -0.000000
vn -0.000000 -1.000000 -0.000000
vn -0.000000 -1.000000 -0.000000
vn -0.000000 -1.000000 -0.000000
vn -0.000000 -1.000000 -0.000000
vn -0.000000 -1.000000 -0.000000
vn -0.000000 -1.000000 -0.000000
vn -0.000000 -1.000000 -0.000000
vn -0.000000 -1.000000 -0.000000
vn -0.000000 -1.000000 -0.000000
vn -0.000000 -1.000000 -0.000000
vn -0.000000 -1.000000 -0.000000
vn -0.000000 -1.000000 -0.000000
vn -0.000000 -1.000000 -0.000000
vn -0.000000 -1.000000 -0.000000
vn -0.000000 -1.000000 -0.000000
vn -0.000000 -1.000000 -0.000000
vn -0.000000 -1.000000 -0.000000
vn -0.000000 -1.000000 -0.000000
vn -0.000000 -1.000000 -0.000000
vn -0.000000 -1.000000 -0.000000
vn -0.000000 -1.000000 -0.000000
vn -0.000000 -1.000000 -0.000000
vn -0.000000 -1.000000 -0.000000
vn -0.000000 -1.000000 -0.000000
vn -0.000000 -1.000000 -0.000000
vn -0.000000 -1.000000 -0.000000
vn -0.000000 -1.000000 -0.000000
vn -0.000000 -1.000000 -0.000000
vn -0.000000 -1.000000 -0.000000
vn -0.000000 -1.000000 -0.000000
vn -0.000000 -1.000000 -0.000000
vn -0.000000 -1.000000 -0.000000
vn -0.000000 -1.000000 -0.000000
vn -0.000000 -1.000000 -0.000000
vn -0.000000 -1.000000 -0.000000
vn -0.000000 -1.000000 -0.000000
vn -0.000000 -1.000000 -0.000000
vn -0.000000 -1.000000 -0.000000
vn -0.000000 -1.000000 -0.000000
vn -0.000000 -1.000000 -0.000000
vn -0.000000 -1.000000 -0.000000
vn -0.000000 -1.000000 -0.000000
vn -0.000000 -1.000000 -0.000000
vn -0.000000 -1.000000 -0.000000
vn -0.000000 -1.000000 -0.000000
vn -0.000000 -1.000000 -0.000000
vn -0.000000 -1.000000 -0.000000
vn -0.000000 -1.000000 -0.000000
vn -0.000000 -1.000000 -0.000000
vn -0.000000 -1.000000 -0.000000
vn -0.000000 -1.000000 -0.000000
vn -0.000000 -1.000000 -0.000000
vn -0.000000 -1.000000 -0.000000
vn -0.000000 -1.000000 -0.000000
vn -0.000000 -1.000000 -0.000000
vn -0.000000 -1.000000 -0.000000
vn -0.000000 -1.000000 -0.000000
vn -0.000000 -1.000000 -0.000000
vn -0.000000 -1.000000 -0.000000
vn -0.000000 -1.000000 -0.000000
vn -0.000000 -1.000000 -0.000000
vn -0.000000 -1.000000 -0.000000
vn -0.000000 -1.000000 -0.000000
vn -0.000000 -1.000000 -0.000000
vn -0.000000 -1.000000 -0.000000
vn -0.000000 -1.000000 -0.000000
vn -0.000000 -1.000000 -0.000000
vn -0.000000 -1.000000 -0.000000
vn -0.000000 -1.000000 -0.000000
vn -0.000000 -1.000000 -0.000000
vn -0.000000 -1.000000 -0.000000
vn -0.000000 -1.000000 -0.000000
vn -0.000000 -1.000000 -0.000000
vn -0.000000 -1.000000 -0.000000
vn -0.000000 -1.000000 -0.000000
vn -0.000000 -1.000000 -0.000000
vn -0.000000 -1.000000 -0.000000
vn -0.000000 -1.000000 -0.000000
vn -0.000000 -1.000000 -0.000000
vn -0.000000 -1.000000 -0.000000
vn -0.000000 -1.000000 -0.000000
vn -0.000000 -1.000000 -0.000000
vn -0.000000 -1.000000 -0.000000
vn -0.000000 -1.000000 -0.000000
vn -0.000000 -1.000000 -0.000000
vn -0.000000 -1.000000 -0.000000
vn -0.000000 -1.000000 -0.000000
vn -0.000000 -1.000000 -0.000000
vn -0.000000 -1.000000 -0.000000
vn -0.000000 -1.000000 -0.000000
vn -0.000000 -1.000000 -0.000000
vn -0.000000 -1.000000 -0.000000
vn -0.000000 -1.000000 -0.000000
vn -0.000000 -1.000000 -0.000000
vn -0.000000 -1.000000 -0.000000
vn -0.000000 -1.000000 -0.000000
vn -0.000000 -1.000000 -0.000000
vn -0.000000 -1.000000 -0.000000
vn -0.000000 -1.000000 -0.000000
vn -0.000000 -1.000000 -0.000000
vn -0.000000 -1.000000 -0.000000
vn -0.000000 -1.000000 -0.000000
vn -0.000000 -1.000000 -0.000000
vn -0.000000 -1.000000 -0.000000
vn -0.000000 -1.000000 -0.000000
vn -0.000000 -1.000000 -0.000000
vn -0.000000 -1.000000 -0.000000
vn -0.000000 -1.000000 -0.000000
vn -0.000000 -1.000000 -0.000000
vn -0.000000 -1.000000 -0.000000
vn -0.000000 -1.000000 -0.000000
vn -0.000000 -1.000000 -0.000000
vn -0.000000 -1.000000 -0.000000
vn -0.000000 -1.000000 -0.000000
vn -0.000000 -1.000000 -0.000000
vn -0.000000 -1.000000 -0.000000
vn -0.000000 -1.000000 -0.000000
vn -0.000000 -1.000000 -0.000000
vn -0.000000 -1.000000 -0.000000
vn -0.000000 -1.000000 -0.000000
vn -0.000000 -1.000000 -0.000000
vn -0.000000 -1.000000 -0.000000
vn -0.000000 -1.000000 -0.000000
vn -0.000000 -1.000000 -0.000000
vn -0.000000 -1.000000 -0.000000
vn -0.000000 -1.000000 -0.000000
vn -0.000000 -1.000000 -0.000000
vn -0.000000 -1.000000 -0.000000
vn -0.000000 -1.000000 -0.000000
vn -0.000000 -1.000000 -0.000000
vn -0.000000 -1.000000 -0.000000
vn -0.000000 -1.000000 -0.000000
vn -0.000000 -1.000000 -0.000000
vn -0.000000 -1.000000 -0.000000
vn -0.000000 -1.000000 -0.000000
vn -0.000000 -1.000000 -0.000000
vn -0.000000 -1.000000 -0.000000
vn -0.000000 -1.000000 -0.000000
vn -0.000000 -1.000000 -0.000000
vn -0.000000 -1.000000 -0.000000
vn -0.000000 -1.000000 -0.000000
vn -0.000000 -1.000000 -0.000000
vn -0.000000 -1.000000 -0.000000
vn -0.000000 -1.000000 -0.000000
vn -0.000000 -1.000000 -0.000000
vn -0.000000 -1.000000 -0.000000
vn -0.000000 -1.000000 -0.000000
vn -0.000000 -1.000000 -0.000000
vn -0.000000 -1.000000 -0.000000
vn -0.000000 -1.000000 -0.000000
vn -0.000000 -1.000000 -0.000000
vn -0.000000 -1.000000 -0.000000
vn -0.000000 -1.000000 -0.000000
vn -0.000000 -1.000000 -0.000000
vn -0.000000 -1.000000 -0.000000
vn -0.000000 -1.000000 -0.000000
vn -0.000000 -1.000000 -0.000000
vn -0.000000 -1.000000 -0.000000
vn -0.000000 -1.000000 -0.000000
vn -0.000000 -1.000000 -0.000000
vn -0.000000 -1.000000 -0.000000
vn -0.000000 -1.000000 -0.000000
vn -0.000000 -1.000000 -0.000000
vn -0.000000 -1.000000 -0.000000
vn -0.000000 -1.000000 -0.000000
vn -0.000000 -1.000000 -0.000000
vn -0.000000 -1.000000 -0.000000
vn -0.000000 -1.000000 -0.000000
vn -0.000000 -1.000000 -0.000000
vn -0.000000 -1.000000 -0.000000
vn -0.000000 -1.000000 -0.000000
vn -0.000000 -1.000000 -0.000000
vn -0.000000 -1.000000 -0.000000
vn -0.000000 -1.000000 -0.000000
vn -0.000000 -1.000000 -0.000000
vn -0.000000 -1.000000 -0.000000
vn -0.000000 -1.000000 -0.000000
vn -0.000000 -1.000000 -0.000000
vn -0.000000 -1.000000 -0.000000
vn -0.000000 -1.000000 -0.000000
vn -0.000000 -1.000000 -0.000000
vn -0.000000 -1.000000 -0.000000
vn -0.000000 -1.000000 -0.000000
vn -0.000000 -1.000000 -0.000000
vn -0.000000 -1.000000 -0.000000
vn -0.000000 -1.000000 -0.000000
vn -0.000000 -1.000000 -0.000000
vn -0.000000 -1.000000 -0.000000
vn -0.000000 -1.000000 -0.000000
vn -0.000000 -1.000000 -0.000000
vn -0.000000 -1.000000 -0.000000
vn -0.000000 -1.000000 -0.000000
vn -0.000000 -1.000000 -0.000000
vn -0.000000 -1.000000 -0.000000
vn -0.000000 -1.000000 -0.000000
vn -0.000000 -1.000000 -0.000000
vn -0.000000 -1.000000 -0.000000
vn -0.000000 -1.000000 -0.000000
vn -0.000000 -1.000000 -0.000000
vn -0.000000 -1.000000 -0.000000
vn -0.000000 -1.000000 -0.000000
vn -0.000000 -1.000000 -0.000000
vn -0.000000 -1.000000 -0.000000
vn -0.000000 -1.000000 -0.000000
vn -0.000000 -1.000000 -0.000000
vn -0.000000 -1.000000 -0.000000
vn -0.000000 -1.000000 -0.000000
vn -0.000000 -1.000000 -0.000000
vn -0.000000 -1.000000 -0.000000
vn -0.000000 -1.000000 -0.000000
vn -0.000000 -1.000000 -0.000000
vn -0.000000 -1.000000 -0.000000
vn -0.000000 -1.000000 -0.000000
vn -0.000000 -1.000000 -0.000000
vn -0.000000 -1.000000 -0.000000
vn -0.000000 -1.000000 -0.000000
vn -0.000000 -1.000000 -0.000000
vn -0.000000 -1.000000 -0.000000
vn -0.000000 -1.000000 -0.000000
vn -0.000000 -1.000000 -0.000000
vn -0.000000 -1.000000 -0.000000
vn -0.000000 -1.000000 -0.000000
vn -0.000000 -1.000000 -0.000000
vn -0.000000 -1.000000 -0.000000
vn -0.000000 -1.000000 -0.000000
vn -0.000000 -1.000000 -0.000000
vn -0.000000 -1.000000 -0.000000
vn -0.000000 -1.000000 -0.000000
vn -0.000000 -1.000000 -0.000000
vn -0.000000 -1.000000 -0.000000
vn -0.000000 -1.000000 -0.000000
vn -0.000000 -1.000000 -0.000000
vn -0.000000 -1.000000 -0.000000
vn -0.000000 -1.000000 -0.000000
vn -0.000000 -1.000000 -0.000000
vn -0.000000 -1.000000 -0.000000
vn -0.000000 -1.000000 -0.000000
vn -0.000000 -1.000000 -0.000000
vn -0.000000 -1.000000 -0.000000
vn -0.000000 -1.000000 -0.000000
vn -0.000000 -1.000000 -0.000000
vn -0.000000 -1.000000 -0.000000
vn -0.000000 -1.000000 -0.000000
vn -0.000000 -1.000000 -0.000000
vn -0.000000 -1.000000 -0.000000
vn -0.000000 -1.000000 -0.000000
vn -0.000000 -1.000000 -0.000000
vn -0.000000 -1.000000 -0.000000
vn -0.000000 -1.000000 -0.000000
vn -0.000000 -1.000000 -0.000000
vn -0.000000 -1.000000 -0.000000
vn -0.000000 -1.000000 -0.000000
vn -0.000000 -1.000000 -0.000000
vn -0.000000 -1.000000 -0.000000
vn -0.000000 -1.000000 -0.000000
vn -0.000000 -1.000000 -0.000000
vn -0.000000 -1.000000 -0.000000
vn -0.000000 -1.000000 -0.000000
vn -0.000000 -1.000000 -0.000000
vn -0.000000 -1.000000 -0.000000
vn -0.000000 -1.000000 -0.000000
vn -0.000000 -1.000000 -0.000000
vn -0.000000 -1.000000 -0.000000
vn -0.000000 -1.000000 -0.000000
vn -0.000000 -1.000000 -0.000000
vn -0.000000 -1.000000 -0.000000
vn -0.000000 -1.000000 -0.000000
vn -0.000000 -1.000000 -0.000000
vn -0.000000 -1.000000 -0.000000
vn -0.000000 -1.000000 -0.000000
vn -0.000000 -1.000000 -0.000000
vn -0.000000 -1.000000 -0.000000
vn -0.000000 -1.000000 -0.000000
vn -0.000000 -1.000000 -0.000000
vn -0.000000 -1.000000 -0.000000
vn -0.000000 -1.000000 -0.000000
vn -0.000000 -1.000000 -0.000000
vn -0.000000 -1.000000 -0.000000
vn -0.000000 -1.000000 -0.000000
vn -0.000000 -1.000000 -0.000000
vn -0.000000 -1.000000 -0.000000
vn -0.000000 -1.000000 -0.000000
vn -0.000000 -1.000000 -0.000000
vn -0.000000 -1.000000 -0.000000
vn -0.000000 -1.000000 -0.000000
vn -0.000000 -1.000000 -0.000000
vn -0.000000 -1.000000 -0.000000
vn -0.000000 -1.000000 -0.000000
vn -0.000000 -1.000000 -0.000000
vn -0.000000 -1.000000 -0.000000
vn -0.000000 -1.000000 -0.000000
vn -0.000000 -1.000000 -0.000000
vn -0.000000 -1.000000 -0.000000
vn -0.000000 -1.000000 -0.000000
vn -0.000000 -1.000000 -0.000000
vn -0.000000 -1.000000 -0.000000
vn -0.000000 -1.000000 -0.000000
vn -0.000000 -1.000000 -0.000000
vn -0.000000 -1.000000 -0.000000
vn -0.000000 -1.000000 -0.000000
vn -0.000000 -1.000000 -0.000000
vn -0.000000 -1.000000 -0.000000
vn -0.000000 -1.000000 -0.000000
vn -0.000000 -1.000000 -0.000000
vn -0.000000 -1.000000 -0.000000
vn -0.000000 -1.000000 -0.000000
vn -0.000000 -1.000000 -0.000000
vn -0.000000 -1.000000 -0.000000
vn -0.000000 -1.000000 -0.000000
vn -0.000000 -1.000000 -0.000000
vn -0.000000 -1.000000 -0.000000
vn -0.000000 -1.000000 -0.000000
vn -0.000000 -1.000000 -0.000000
vn -0.000000 -1.000000 -0.000000
vn -0.000000 -1.000000 -0.000000
vn -0.000000 -1.000000 -0.000000
vn -0.000000 -1.000000 -0.000000
vn -0.000000 -1.000000 -0.000000
vn -0.000000 -1.000000 -0.000000
vn -0.000000 -1.000000 -0.000000
vn -0.000000 -1.000000 -0.000000
vn -0.000000 -1.000000 -0.000000
vn -0.000000 -1.000000 -0.000000
vn -0.000000 -1.000000 -0.000000
vn -0.000000 -1.000000 -0.000000
vn -0.000000 -1.000000 -0.000000
vn -0.000000 -1.000000 -0.000000
vn -0.000000 -1.000000 -0.000000
vn -0.000000 -1.000000 -0.000000
vn -0.000000 -1.000000 -0.000000
vn -0.000000 -1.000000 -0.000000
vn -0.000000 -1.000000 -0.000000
vn -0.000000 -1.000000 -0.000000
vn -0.000000 -1.000000 -0.000000
vn -0.000000 -1.000000 -0.000000
vn -0.000000 -1.000000 -0.000000
vn -0.000000 -1.000000 -0.000000
vn -0.000000 -1.000000 -0.000000
vn -0.000000 -1.000000 -0.000000
vn -0.000000 -1.000000 -0.000000
vn -0.000000 -1.000000 -0.000000
vn -0.000000 -1.000000 -0.000000
vn -0.000000 -1.000000 -0.000000
vn -0.000000 -1.000000 -0.000000
vn -0.000000 -1.000000 -0.000000
vn -0.000000 -1.000000 -0.000000
vn -0.000000 -1.000000 -0.000000
vn -0.000000 -1.000000 -0.000000
vn -0.000000 -1.000000 -0.000000
vn -0.000000 -1.000000 -0.000000
vn -0.000000 -1.000000 -0.000000
vn -0.000000 -1.000000 -0.000000
vn -0.000000 -1.000000 -0.000000
vn -0.000000 -1.000000 -0.000000
vn -0.000000 -1.000000 -0.000000
vn -0.000000 -1.000000 -0.000000
vn -0.000000 -1.000000 -0.000000
vn -0.000000 -1.000000 -0.000000
vn -0.000000 -1.000000 -0.000000
vn -0.000000 -1.000000 -0.000000
vn -0.000000 -1.000000 -0.000000
vn -0.000000 -1.000000 -0.000000
vn -0.000000 -1.000000 -0.000000
vn -0.000000 -1.000000 -0.000000
vn -0.000000 -1.000000 -0.000000
vn -0.000000 -1.000000 -0.000000
vn -0.000000 -1.000000 -0.000000
vn -0.000000 -1.000000 -0.000000
vn -0.000000 -1.000000 -0.000000
vn -0.000000 -1.000000 -0.000000
vn -0.000000 -1.000000 -0.000000
vn -0.000000 -1.000000 -0.000000
vn -0.000000 -1.000000 -0.000000
vn -0.000000 -1.000000 -0.000000
vn -0.000000 -1.000000 -0.000000
vn -0.000000 -1.000000 -0.000000
usemtl Steel_-_Satin
f 1/1/1 2/2/2 8/3/3
f 8/3/3 2/2/2 7/4/4
f 7/4/4 2/2/2 3/5/5
f 7/4/4 3/5/5 6/6/6
f 6/6/6 3/5/5 4/7/7
f 6/6/6 4/7/7 5/8/8
f 9/9/9 1/10/10 10/11/11
f 10/11/11 1/10/10 8/12/12
f 11/13/13 12/14/14 16/15/15
f 16/15/15 12/14/14 15/16/16
f 15/16/16 12/14/14 13/17/17
f 15/16/16 13/17/17 14/18/18
f 14/18/18 13/17/17 9/19/19
f 14/18/18 9/19/19 10/20/20
f 17/21/21 18/22/22 24/23/23
f 24/23/23 18/22/22 23/24/24
f 23/24/24 18/22/22 19/25/25
f 23/24/24 19/25/25 22/26/26
f 22/26/26 19/25/25 20/27/27
f 22/26/26 20/27/27 21/28/28
f 21/28/28 20/27/27 11/29/29
f 21/28/28 11/29/29 16/30/30
f 25/31/31 26/32/32 34/33/33
f 34/33/33 26/32/32 33/34/34
f 33/34/34 26/32/32 27/35/35
f 33/34/34 27/35/35 32/36/36
f 32/36/36 27/35/35 28/37/37
f 32/36/36 28/37/37 31/38/38
f 31/38/38 28/37/37 29/39/39
f 31/38/38 29/39/39 30/40/40
f 30/40/40 29/39/39 17/41/41
f 30/40/40 17/41/41 24/42/42
f 35/43/43 36/44/44 38/45/45
f 38/45/45 36/44/44 37/46/46
f 37/46/46 36/44/44 25/47/47
f 37/46/46 25/47/47 34/48/48
f 39/49/49 40/50/50 44/51/51
f 44/51/51 40/50/50 43/52/52
f 43/52/52 40/50/50 41/53/53
f 43/52/52 41/53/53 42/54/54
f 42/54/54 41/53/53 35/55/55
f 42/54/54 35/55/55 38/56/56
f 45/57/57 39/58/58 46/59/59
f 46/59/59 39/58/58 44/60/60
f 47/61/61 48/62/62 52/63/63
f 52/63/63 48/62/62 51/64/64
f 51/64/64 48/62/62 49/65/65
f 51/64/64 49/65/65 50/66/66
f 50/66/66 49/65/65 45/67/67
f 50/66/66 45/67/67 46/68/68
f 53/69/69 54/70/70 58/71/71
f 58/71/71 54/70/70 57/72/72
f 57/72/72 54/70/70 55/73/73
f 57/72/72 55/73/73 56/74/74
f 56/74/74 55/73/73 47/75/75
f 56/74/74 47/75/75 52/76/76
f 59/77/77 53/78/78 60/79/79
f 60/79/79 53/78/78 58/80/80
f 61/81/81 62/82/82 70/83/83
f 70/83/83 62/82/82 69/84/84
f 69/84/84 62/82/82 63/85/85
f 69/84/84 63/85/85 68/86/86
f 68/86/86 63/85/85 64/87/87
f 68/86/86 64/87/87 67/88/88
f 67/88/88 64/87/87 65/89/89
f 67/88/88 65/89/89 66/90/90
f 66/90/90 65/89/89 59/91/91
f 66/90/90 59/91/91 60/92/92
f 71/93/93 72/94/94 76/95/95
f 76/95/95 72/94/94 75/96/96
f 75/96/96 72/94/94 73/97/97
f 75/96/96 73/97/97 74/98/98
f 74/98/98 73/97/97 61/99/99
f 74/98/98 61/99/99 70/100/100
f 77/101/101 78/102/102 82/103/103
f 82/103/103 78/102/102 81/104/104
f 81/104/104 78/102/102 79/105/105
f 81/104/104 79/105/105 80/106/106
f 80/106/106 79/105/105 71/107/107
f 80/106/106 71/107/107 76/108/108
f 83/109/109 84/110/110 100/111/111
f 100/111/111 84/110/110 99/112/112
f 99/112/112 84/110/110 85/113/113
f 99/112/112 85/113/113 98/114/114
f 98/114/114 85/113/113 86/115/115
f 98/114/114 86/115/115 97/116/116
f 97/116/116 86/115/115 87/117/117
f 97/116/116 87/117/117 96/118/118
f 96/118/118 87/117/117 88/119/119
f 96/118/118 88/119/119 95/120/120
f 95/120/120 88/119/119 89/121/121
f 95/120/120 89/121/121 94/122/122
f 94/122/122 89/121/121 90/123/123
f 94/122/122 90/123/123 93/124/124
f 93/124/124 90/123/123 91/125/125
f 93/124/124 91/125/125 92/126/126
f 92/126/126 91/125/125 77/127/127
f 92/126/126 77/127/127 82/128/128
f 101/129/129 102/130/130 106/131/131
f 106/131/131 102/130/130 105/132/132
f 105/132/132 102/130/130 103/133/133
f 105/132/132 103/133/133 104/134/134
f 104/134/134 103/133/133 83/135/135
f 104/134/134 83/135/135 100/136/136
f 107/137/137 108/138/138 112/139/139
f 112/139/139 108/138/138 111/140/140
f 111/140/140 108/138/138 109/141/141
f 111/140/140 109/141/141 110/142/142
f 110/142/142 109/141/141 101/143/143
f 110/142/142 101/143/143 106/144/144
f 113/145/145 114/146/146 116/147/147
f 116/147/147 114/146/146 115/148/148
f 115/148/148 114/146/146 107/149/149
f 115/148/148 107/149/149 112/150/150
f 117/151/151 118/152/152 124/153/153
f 124/153/153 118/152/152 123/154/154
f 123/154/154 118/152/152 119/155/155
f 123/154/154 119/155/155 122/156/156
f 122/156/156 119/155/155 120/157/157
f 122/156/156 120/157/157 121/158/158
f 121/158/158 120/157/157 113/159/159
f 121/158/158 113/159/159 116/160/160
f 125/161/161 126/162/162 130/163/163
f 130/163/163 126/162/162 129/164/164
f 129/164/164 126/162/162 127/165/165
f 129/164/164 127/165/165 128/166/166
f 128/166/166 127/165/165 117/167/167
f 128/166/166 117/167/167 124/168/168
f 131/169/169 132/170/170 140/171/171
f 140/171/171 132/170/170 139/172/172
f 139/172/172 132/170/170 133/173/173
f 139/172/172 133/173/173 138/174/174
f 138/174/174 133/173/173 134/175/175
f 138/174/174 134/175/175 137/176/176
f 137/176/176 134/175/175 135/177/177
f 137/176/176 135/177/177 136/178/178
f 136/178/178 135/177/177 125/179/179
f 136/178/178 125/179/179 130/180/180
f 141/181/181 142/182/182 146/183/183
f 146/183/183 142/182/182 145/184/184
f 145/184/184 142/182/182 143/185/185
f 145/184/184 143/185/185 144/186/186
f 144/186/186 143/185/185 131/187/187
f 144/186/186 131/187/187 140/188/188
f 147/189/189 148/190/190 152/191/191
f 152/191/191 148/190/190 151/192/192
f 151/192/192 148/190/190 149/193/193
f 151/192/192 149/193/193 150/194/194
f 150/194/194 149/193/193 141/195/195
f 150/194/194 141/195/195 146/196/196
f 153/197/197 147/198/198 154/199/199
f 154/199/199 147/198/198 152/200/200
f 155/201/201 156/202/202 160/203/203
f 160/203/203 156/202/202 159/204/204
f 159/204/204 156/202/202 157/205/205
f 159/204/204 157/205/205 158/206/206
f 158/206/206 157/205/205 153/207/207
f 158/206/206 153/207/207 154/208/208
f 161/209/209 162/210/210 170/211/211
f 170/211/211 162/210/210 169/212/212
f 169/212/212 162/210/210 163/213/213
f 169/212/212 163/213/213 168/214/214
f 168/214/214 163/213/213 164/215/215
f 168/214/214 164/215/215 167/216/216
f 167/216/216 164/215/215 165/217/217
f 167/216/216 165/217/217 166/218/218
f 166/218/218 165/217/217 155/219/219
f 166/218/218 155/219/219 160/220/220
f 171/221/221 172/222/222 180/223/223
f 180/223/223 172/222/222 179/224/224
f 179/224/224 172/222/222 173/225/225
f 179/224/224 173/225/225 178/226/226
f 178/226/226 173/225/225 174/227/227
f 178/226/226 174/227/227 177/228/228
f 177/228/228 174/227/227 175/229/229
f 177/228/228 175/229/229 176/230/230
f 176/230/230 175/229/229 161/231/231
f 176/230/230 161/231/231 170/232/232
f 181/233/233 171/234/234 182/235/235
f 182/235/235 171/234/234 180/236/236
f 183/237/237 184/238/238 188/239/239
f 188/239/239 184/238/238 187/240/240
f 187/240/240 184/238/238 185/241/241
f 187/240/240 185/241/241 186/242/242
f 186/242/242 185/241/241 181/243/243
f 186/242/242 181/243/243 182/244/244
f 189/245/245 190/246/246 196/247/247
f 196/247/247 190/246/246 195/248/248
f 195/248/248 190/246/246 191/249/249
f 195/248/248 191/249/249 194/250/250
f 194/250/250 191/249/249 192/251/251
f 194/250/250 192/251/251 193/252/252
f 193/252/252 192/251/251 183/253/253
f 193/252/252 183/253/253 188/254/254
f 197/255/255 189/256/256 198/257/257
f 198/257/257 189/256/256 196/258/258
f 199/259/259 200/260/260 206/261/261
f 206/261/261 200/260/260 205/262/262
f 205/262/262 200/260/260 201/263/263
f 205/262/262 201/263/263 204/264/264
f 204/264/264 201/263/263 202/265/265
f 204/264/264 202/265/265 203/266/266
f 203/266/266 202/265/265 197/267/267
f 203/266/266 197/267/267 198/268/268
f 207/269/269 208/270/270 210/271/271
f 210/271/271 208/270/270 209/272/272
f 209/272/272 208/270/270 199/273/273
f 209/272/272 199/273/273 206/274/274
f 211/275/275 212/276/276 222/277/277
f 222/277/277 212/276/276 221/278/278
f 221/278/278 212/276/276 213/279/279
f 221/278/278 213/279/279 220/280/280
f 220/280/280 213/279/279 214/281/281
f 220/280/280 214/281/281 219/282/282
f 219/282/282 214/281/281 215/283/283
f 219/282/282 215/283/283 218/284/284
f 218/284/284 215/283/283 216/285/285
f 218/284/284 216/285/285 217/286/286
f 217/286/286 216/285/285 207/287/287
f 217/286/286 207/287/287 210/288/288
f 223/289/289 224/290/290 230/291/291
f 230/291/291 224/290/290 229/292/292
f 229/292/292 224/290/290 225/293/293
f 229/292/292 225/293/293 228/294/294
f 228/294/294 225/293/293 226/295/295
f 228/294/294 226/295/295 227/296/296
f 227/296/296 226/295/295 211/297/297
f 227/296/296 211/297/297 222/298/298
f 231/299/299 232/300/300 240/301/301
f 240/301/301 232/300/300 239/302/302
f 239/302/302 232/300/300 233/303/303
f 239/302/302 233/303/303 238/304/304
f 238/304/304 233/303/303 234/305/305
f 238/304/304 234/305/305 237/306/306
f 237/306/306 234/305/305 235/307/307
f 237/306/306 235/307/307 236/308/308
f 236/308/308 235/307/307 223/309/309
f 236/308/308 223/309/309 230/310/310
f 241/311/311 231/312/312 242/313/313
f 242/313/313 231/312/312 240/314/314
f 243/315/315 244/316/316 248/317/317
f 248/317/317 244/316/316 247/318/318
f 247/318/318 244/316/316 245/319/319
f 247/318/318 245/319/319 246/320/320
f 246/320/320 245/319/319 241/321/321
f 246/320/320 241/321/321 242/322/322
f 249/323/323 250/324/324 252/325/325
f 252/325/325 250/324/324 251/326/326
f 251/326/326 250/324/324 243/327/327
f 251/326/326 243/327/327 248/328/328
f 253/329/329 254/330/330 262/331/331
f 262/331/331 254/330/330 261/332/332
f 261/332/332 254/330/330 255/333/333
f 261/332/332 255/333/333 260/334/334
f 260/334/334 255/333/333 256/335/335
f 260/334/334 256/335/335 259/336/336
f 259/336/336 256/335/335 257/337/337
f 259/336/336 257/337/337 258/338/338
f 258/338/338 257/337/337 249/339/339
f 258/338/338 249/339/339 252/340/340
f 263/341/341 253/342/342 264/343/343
f 264/343/343 253/342/342 262/344/344
f 265/345/345 266/346/346 274/347/347
f 274/347/347 266/346/346 273/348/348
f 273/348/348 266/346/346 267/349/349
f 273/348/348 267/349/349 272/350/350
f 272/350/350 267/349/349 268/351/351
f 272/350/350 268/351/351 271/352/352
f 271/352/352 268/351/351 269/353/353
f 271/352/352 269/353/353 270/354/354
f 270/354/354 269/353/353 263/355/355
f 270/354/354 263/355/355 264/356/356
f 275/357/357 276/358/358 278/359/359
f 278/359/359 276/358/358 277/360/360
f 277/360/360 276/358/358 265/361/361
f 277/360/360 265/361/361 274/362/362
f 279/363/363 280/364/364 284/365/365
f 284/365/365 280/364/364 283/366/366
f 283/366/366 280/364/364 281/367/367
f 283/366/366 281/367/367 282/368/368
f 282/368/368 281/367/367 275/369/369
f 282/368/368 275/369/369 278/370/370
f 285/371/371 286/372/372 290/373/373
f 290/373/373 286/372/372 289/374/374
f 289/374/374 286/372/372 287/375/375
f 289/374/374 287/375/375 288/376/376
f 288/376/376 287/375/375 279/377/377
f 288/376/376 279/377/377 284/378/378
f 291/379/379 292/380/380 296/381/381
f 296/381/381 292/380/380 295/382/382
f 295/382/382 292/380/380 293/383/383
f 295/382/382 293/383/383 294/384/384
f 294/384/384 293/383/383 285/385/385
f 294/384/384 285/385/385 290/386/386
f 297/387/387 291/388/388 298/389/389
f 298/389/389 291/388/388 296/390/390
f 299/391/391 300/392/392 304/393/393
f 304/393/393 300/392/392 303/394/394
f 303/394/394 300/392/392 301/395/395
f 303/394/394 301/395/395 302/396/396
f 302/396/396 301/395/395 297/397/397
f 302/396/396 297/397/397 298/398/398
f 305/399/399 306/400/400 310/401/401
f 310/401/401 306/400/400 309/402/402
f 309/402/402 306/400/400 307/403/403
f 309/402/402 307/403/403 308/404/404
f 308/404/404 307/403/403 299/405/405
f 308/404/404 299/405/405 304/406/406
f 311/407/407 312/408/408 314/409/409
f 314/409/409 312/408/408 313/410/410
f 313/410/410 312/408/408 305/411/411
f 313/410/410 305/411/411 310/412/412
f 315/413/413 316/414/414 320/415/415
f 320/415/415 316/414/414 319/416/416
f 319/416/416 316/414/414 317/417/417
f 319/416/416 317/417/417 318/418/418
f 318/418/418 317/417/417 311/419/419
f 318/418/418 311/419/419 314/420/420
f 321/421/421 315/422/422 322/423/423
f 322/423/423 315/422/422 320/424/424
f 323/425/425 324/426/426 328/427/427
f 328/427/427 324/426/426 327/428/428
f 327/428/428 324/426/426 325/429/429
f 327/428/428 325/429/429 326/430/430
f 326/430/430 325/429/429 321/431/431
f 326/430/430 321/431/431 322/432/432
f 329/433/433 330/434/434 336/435/435
f 336/435/435 330/434/434 335/436/436
f 335/436/436 330/434/434 331/437/437
f 335/436/436 331/437/437 334/438/438
f 334/438/438 331/437/437 332/439/439
f 334/438/438 332/439/439 333/440/440
f 333/440/440 332/439/439 323/441/441
f 333/440/440 323/441/441 328/442/442
f 337/443/443 338/444/444 342/445/445
f 342/445/445 338/444/444 341/446/446
f 341/446/446 338/444/444 339/447/447
f 341/446/446 339/447/447 340/448/448
f 340/448/448 339/447/447 329/449/449
f 340/448/448 329/449/449 336/450/450
f 343/451/451 344/452/452 348/453/453
f 348/453/453 344/452/452 347/454/454
f 347/454/454 344/452/452 345/455/455
f 347/454/454 345/455/455 346/456/456
f 346/456/456 345/455/455 337/457/457
f 346/456/456 337/457/457 342/458/458
f 349/459/459 343/460/460 350/461/461
f 350/461/461 343/460/460 348/462/462
f 351/463/463 352/464/464 356/465/465
f 356/465/465 352/464/464 355/466/466
f 355/466/466 352/464/464 353/467/467
f 355/466/466 353/467/467 354/468/468
f 354/468/468 353/467/467 349/469/469
f 354/468/468 349/469/469 350/470/470
f 357/471/471 358/472/472 360/473/473
f 360/473/473 358/472/472 359/474/474
f 359/474/474 358/472/472 351/475/475
f 359/474/474 351/475/475 356/476/476
f 361/477/477 362/478/478 368/479/479
f 368/479/479 362/478/478 367/480/480
f 367/480/480 362/478/478 363/481/481
f 367/480/480 363/481/481 366/482/482
f 366/482/482 363/481/481 364/483/483
f 366/482/482 364/483/483 365/484/484
f 365/484/484 364/483/483 357/485/485
f 365/484/484 357/485/485 360/486/486
f 369/487/487 370/488/488 374/489/489
f 374/489/489 370/488/488 373/490/490
f 373/490/490 370/488/488 371/491/491
f 373/490/490 371/491/491 372/492/492
f 372/492/492 371/491/491 361/493/493
f 372/492/492 361/493/493 368/494/494
f 375/495/495 369/496/496 376/497/497
f 376/497/497 369/496/496 374/498/498
f 377/499/499 378/500/500 382/501/501
f 382/501/501 378/500/500 381/502/502
f 381/502/502 378/500/500 379/503/503
f 381/502/502 379/503/503 380/504/504
f 380/504/504 379/503/503 375/505/505
f 380/504/504 375/505/505 376/506/506
f 383/507/507 384/508/508 388/509/509
f 388/509/509 384/508/508 387/510/510
f 387/510/510 384/508/508 385/511/511
f 387/510/510 385/511/511 386/512/512
f 386/512/512 385/511/511 377/513/513
f 386/512/512 377/513/513 382/514/514
f 389/515/515 390/516/516 392/517/517
f 392/517/517 390/516/516 391/518/518
f 391/518/518 390/516/516 383/519/519
f 391/518/518 383/519/519 388/520/520
f 393/521/521 394/522/522 400/523/523
f 400/523/523 394/522/522 399/524/524
f 399/524/524 394/522/522 395/525/525
f 399/524/524 395/525/525 398/526/526
f 398/526/526 395/525/525 396/527/527
f 398/526/526 396/527/527 397/528/528
f 397/528/528 396/527/527 389/529/529
f 397/528/528 389/529/529 392/530/530
f 401/531/531 402/532/532 406/533/533
f 406/533/533 402/532/532 405/534/534
f 405/534/534 402/532/532 403/535/535
f 405/534/534 403/535/535 404/536/536
f 404/536/536 403/535/535 393/537/537
f 404/536/536 393/537/537 400/538/538
f 407/539/539 408/540/540 412/541/541
f 412/541/541 408/540/540 411/542/542
f 411/542/542 408/540/540 409/543/543
f 411/542/542 409/543/543 410/544/544
f 410/544/544 409/543/543 401/545/545
f 410/544/544 401/545/545 406/546/546
f 413/547/547 414/548/548 416/549/549
f 416/549/549 414/548/548 415/550/550
f 415/550/550 414/548/548 407/551/551
f 415/550/550 407/551/551 412/552/552
f 417/553/553 418/554/554 422/555/555
f 422/555/555 418/554/554 421/556/556
f 421/556/556 418/554/554 419/557/557
f 421/556/556 419/557/557 420/558/558
f 420/558/558 419/557/557 413/559/559
f 420/558/558 413/559/559 416/560/560
f 423/561/561 417/562/562 424/563/563
f 424/563/563 417/562/562 422/564/564
f 425/565/565 426/566/566 430/567/567
f 430/567/567 426/566/566 429/568/568
f 429/568/568 426/566/566 427/569/569
f 429/568/568 427/569/569 428/570/570
f 428/570/570 427/569/569 423/571/571
f 428/570/570 423/571/571 424/572/572
f 431/573/573 432/574/574 436/575/575
f 436/575/575 432/574/574 435/576/576
f 435/576/576 432/574/574 433/577/577
f 435/576/576 433/577/577 434/578/578
f 434/578/578 433/577/577 425/579/579
f 434/578/578 425/579/579 430/580/580
f 437/581/581 438/582/582 442/583/583
f 442/583/583 438/582/582 441/584/584
f 441/584/584 438/582/582 439/585/585
f 441/584/584 439/585/585 440/586/586
f 440/586/586 439/585/585 431/587/587
f 440/586/586 431/587/587 436/588/588
f 443/589/589 444/590/590 454/591/591
f 454/591/591 444/590/590 453/592/592
f 453/592/592 444/590/590 445/593/593
f 453/592/592 445/593/593 452/594/594
f 452/594/594 445/593/593 446/595/595
f 452/594/594 446/595/595 451/596/596
f 451/596/596 446/595/595 447/597/597
f 451/596/596 447/597/597 450/598/598
f 450/598/598 447/597/597 448/599/599
f 450/598/598 448/599/599 449/600/600
f 449/600/600 448/599/599 437/601/601
f 449/600/600 437/601/601 442/602/602
f 455/603/603 456/604/604 460/605/605
f 460/605/605 456/604/604 459/606/606
f 459/606/606 456/604/604 457/607/607
f 459/606/606 457/607/607 458/608/608
f 458/608/608 457/607/607 443/609/609
f 458/608/608 443/609/609 454/610/610
f 461/611/611 462/612/612 478/613/613
f 478/613/613 462/612/612 477/614/614
f 477/614/614 462/612/612 463/615/615
f 477/614/614 463/615/615 476/616/616
f 476/616/616 463/615/615 464/617/617
f 476/616/616 464/617/617 475/618/618
f 475/618/618 464/617/617 465/619/619
f 475/618/618 465/619/619 474/620/620
f 474/620/620 465/619/619 466/621/621
f 474/620/620 466/621/621 473/622/622
f 473/622/622 466/621/621 467/623/623
f 473/622/622 467/623/623 472/624/624
f 472/624/624 467/623/623 468/625/625
f 472/624/624 468/625/625 471/626/626
f 471/626/626 468/625/625 469/627/627
f 471/626/626 469/627/627 470/628/628
f 470/628/628 469/627/627 455/629/629
f 470/628/628 455/629/629 460/630/630
f 479/631/631 480/632/632 484/633/633
f 484/633/633 480/632/632 483/634/634
f 483/634/634 480/632/632 481/635/635
f 483/634/634 481/635/635 482/636/636
f 482/636/636 481/635/635 461/637/637
f 482/636/636 461/637/637 478/638/638
f 485/639/639 479/640/640 486/641/641
f 486/641/641 479/640/640 484/642/642
f 487/643/643 488/644/644 492/645/645
f 492/645/645 488/644/644 491/646/646
f 491/646/646 488/644/644 489/647/647
f 491/646/646 489/647/647 490/648/648
f 490/648/648 489/647/647 485/649/649
f 490/648/648 485/649/649 486/650/650
f 493/651/651 494/652/652 510/653/653
f 510/653/653 494/652/652 509/654/654
f 509/654/654 494/652/652 495/655/655
f 509/654/654 495/655/655 508/656/656
f 508/656/656 495/655/655 496/657/657
f 508/656/656 496/657/657 507/658/658
f 507/658/658 496/657/657 497/659/659
f 507/658/658 497/659/659 506/660/660
f 506/660/660 497/659/659 498/661/661
f 506/660/660 498/661/661 505/662/662
f 505/662/662 498/661/661 499/663/663
f 505/662/662 499/663/663 504/664/664
f 504/664/664 499/663/663 500/665/665
f 504/664/664 500/665/665 503/666/666
f 503/666/666 500/665/665 501/667/667
f 503/666/666 501/667/667 502/668/668
f 502/668/668 501/667/667 487/669/669
f 502/668/668 487/669/669 492/670/670
f 511/671/671 512/672/672 514/673/673
f 514/673/673 512/672/672 513/674/674
f 513/674/674 512/672/672 493/675/675
f 513/674/674 493/675/675 510/676/676
f 515/677/677 516/678/678 520/679/679
f 520/679/679 516/678/678 519/680/680
f 519/680/680 516/678/678 517/681/681
f 519/680/680 517/681/681 518/682/682
f 518/682/682 517/681/681 511/683/683
f 518/682/682 511/683/683 514/684/684
f 521/685/685 515/686/686 522/687/687
f 522/687/687 515/686/686 520/688/688
f 523/689/689 524/690/690 532/691/691
f 532/691/691 524/690/690 531/692/692
f 531/692/692 524/690/690 525/693/693
f 531/692/692 525/693/693 530/694/694
f 530/694/694 525/693/693 526/695/695
f 530/694/694 526/695/695 529/696/696
f 529/696/696 526/695/695 527/697/697
f 529/696/696 527/697/697 528/698/698
f 528/698/698 527/697/697 521/699/699
f 528/698/698 521/699/699 522/700/700
f 533/701/701 534/702/702 538/703/703
f 538/703/703 534/702/702 537/704/704
f 537/704/704 534/702/702 535/705/705
f 537/704/704 535/705/705 536/706/706
f 536/706/706 535/705/705 523/707/707
f 536/706/706 523/707/707 532/708/708
f 539/709/709 533/710/710 540/711/711
f 540/711/711 533/710/710 538/712/712
f 541/713/713 542/714/714 546/715/715
f 546/715/715 542/714/714 545/716/716
f 545/716/716 542/714/714 543/717/717
f 545/716/716 543/717/717 544/718/718
f 544/718/718 543/717/717 539/719/719
f 544/718/718 539/719/719 540/720/720
f 547/721/721 548/722/722 550/723/723
f 550/723/723 548/722/722 549/724/724
f 549/724/724 548/722/722 541/725/725
f 549/724/724 541/725/725 546/726/726
f 551/727/727 552/728/728 558/729/729
f 558/729/729 552/728/728 557/730/730
f 557/730/730 552/728/728 553/731/731
f 557/730/730 553/731/731 556/732/732
f 556/732/732 553/731/731 554/733/733
f 556/732/732 554/733/733 555/734/734
f 555/734/734 554/733/733 547/735/735
f 555/734/734 547/735/735 550/736/736
f 559/737/737 560/738/738 564/739/739
f 564/739/739 560/738/738 563/740/740
f 563/740/740 560/738/738 561/741/741
f 563/740/740 561/741/741 562/742/742
f 562/742/742 561/741/741 551/743/743
f 562/742/742 551/743/743 558/744/744
f 565/745/745 559/746/746 566/747/747
f 566/747/747 559/746/746 564/748/748
f 567/749/749 568/750/750 576/751/751
f 576/751/751 568/750/750 575/752/752
f 575/752/752 568/750/750 569/753/753
f 575/752/752 569/753/753 574/754/754
f 574/754/754 569/753/753 570/755/755
f 574/754/754 570/755/755 573/756/756
f 573/756/756 570/755/755 571/757/757
f 573/756/756 571/757/757 572/758/758
f 572/758/758 571/757/757 565/759/759
f 572/758/758 565/759/759 566/760/760
f 577/761/761 578/762/762 584/763/763
f 584/763/763 578/762/762 583/764/764
f 583/764/764 578/762/762 579/765/765
f 583/764/764 579/765/765 582/766/766
f 582/766/766 579/765/765 580/767/767
f 582/766/766 580/767/767 581/768/768
f 581/768/768 580/767/767 567/769/769
f 581/768/768 567/769/769 576/770/770
f 585/771/771 586/772/772 588/773/773
f 588/773/773 586/772/772 587/774/774
f 587/774/774 586/772/772 577/775/775
f 587/774/774 577/775/775 584/776/776
f 589/777/777 590/778/778 594/779/779
f 594/779/779 590/778/778 593/780/780
f 593/780/780 590/778/778 591/781/781
f 593/780/780 591/781/781 592/782/782
f 592/782/782 591/781/781 585/783/783
f 592/782/782 585/783/783 588/784/784
f 595/785/785 596/786/786 604/787/787
f 604/787/787 596/786/786 603/788/788
f 603/788/788 596/786/786 597/789/789
f 603/788/788 597/789/789 602/790/790
f 602/790/790 597/789/789 598/791/791
f 602/790/790 598/791/791 601/792/792
f 601/792/792 598/791/791 599/793/793
f 601/792/792 599/793/793 600/794/794
f 600/794/794 599/793/793 589/795/795
f 600/794/794 589/795/795 594/796/796
f 605/797/797 606/798/798 614/799/799
f 614/799/799 606/798/798 613/800/800
f 613/800/800 606/798/798 607/801/801
f 613/800/800 607/801/801 612/802/802
f 612/802/802 607/801/801 608/803/803
f 612/802/802 608/803/803 611/804/804
f 611/804/804 608/803/803 609/805/805
f 611/804/804 609/805/805 610/806/806
f 610/806/806 609/805/805 595/807/807
f 610/806/806 595/807/807 604/808/808
f 615/809/809 605/810/810 616/811/811
f 616/811/811 605/810/810 614/812/812
f 617/813/813 618/814/814 626/815/815
f 626/815/815 618/814/814 625/816/816
f 625/816/816 618/814/814 619/817/817
f 625/816/816 619/817/817 624/818/818
f 624/818/818 619/817/817 620/819/819
f 624/818/818 620/819/819 623/820/820
f 623/820/820 620/819/819 621/821/821
f 623/820/820 621/821/821 622/822/822
f 622/822/822 621/821/821 615/823/823
f 622/822/822 615/823/823 616/824/824
f 627/825/825 628/826/826 636/827/827
f 636/827/827 628/826/826 635/828/828
f 635/828/828 628/826/826 629/829/829
f 635/828/828 629/829/829 634/830/830
f 634/830/830 629/829/829 630/831/831
f 634/830/830 630/831/831 633/832/832
f 633/832/832 630/831/831 631/833/833
f 633/832/832 631/833/833 632/834/834
f 632/834/834 631/833/833 617/835/835
f 632/834/834 617/835/835 626/836/836
f 637/837/837 638/838/838 642/839/839
f 642/839/839 638/838/838 641/840/840
f 641/840/840 638/838/838 639/841/841
f 641/840/840 639/841/841 640/842/842
f 640/842/842 639/841/841 627/843/843
f 640/842/842 627/843/843 636/844/844
f 643/845/845 644/846/846 656/847/847
f 656/847/847 644/846/846 655/848/848
f 655/848/848 644/846/846 645/849/849
f 655/848/848 645/849/849 654/850/850
f 654/850/850 645/849/849 646/851/851
f 654/850/850 646/851/851 653/852/852
f 653/852/852 646/851/851 647/853/853
f 653/852/852 647/853/853 652/854/854
f 652/854/854 647/853/853 648/855/855
f 652/854/854 648/855/855 651/856/856
f 651/856/856 648/855/855 649/857/857
f 651/856/856 649/857/857 650/858/858
f 650/858/858 649/857/857 637/859/859
f 650/858/858 637/859/859 642/860/860
f 657/861/861 658/862/862 662/863/863
f 662/863/863 658/862/862 661/864/864
f 661/864/864 658/862/862 659/865/865
f 661/864/864 659/865/865 660/866/866
f 660/866/866 659/865/865 643/867/867
f 660/866/866 643/867/867 656/868/868
f 663/869/869 657/870/870 664/871/871
f 664/871/871 657/870/870 662/872/872
f 665/873/873 666/874/874 688/875/875
f 688/875/875 666/874/874 687/876/876
f 687/876/876 666/874/874 667/877/877
f 687/876/876 667/877/877 686/878/878
f 686/878/878 667/877/877 668/879/879
f 686/878/878 668/879/879 685/880/880
f 685/880/880 668/879/879 669/881/881
f 685/880/880 669/881/881 684/882/882
f 684/882/882 669/881/881 670/883/883
f 684/882/882 670/883/883 683/884/884
f 683/884/884 670/883/883 671/885/885
f 683/884/884 671/885/885 682/886/886
f 682/886/886 671/885/885 672/887/887
f 682/886/886 672/887/887 681/888/888
f 681/888/888 672/887/887 673/889/889
f 681/888/888 673/889/889 680/890/890
f 680/890/890 673/889/889 674/891/891
f 680/890/890 674/891/891 679/892/892
f 679/892/892 674/891/891 675/893/893
f 679/892/892 675/893/893 678/894/894
f 678/894/894 675/893/893 676/895/895
f 678/894/894 676/895/895 677/896/896
f 677/896/896 676/895/895 663/897/897
f 677/896/896 663/897/897 664/898/898
f 689/899/899 690/900/900 734/901/901
f 734/901/901 690/900/900 733/902/902
f 733/902/902 690/900/900 691/903/903
f 733/902/902 691/903/903 732/904/904
f 732/904/904 691/903/903 692/905/905
f 732/904/904 692/905/905 731/906/906
f 731/906/906 692/905/905 693/907/907
f 731/906/906 693/907/907 730/908/908
f 730/908/908 693/907/907 694/909/909
f 730/908/908 694/909/909 729/910/910
f 729/910/910 694/909/909 695/911/911
f 729/910/910 695/911/911 728/912/912
f 728/912/912 695/911/911 696/913/913
f 728/912/912 696/913/913 727/914/914
f 727/914/914 696/913/913 697/915/915
f 727/914/914 697/915/915 726/916/916
f 726/916/916 697/915/915 698/917/917
f 726/916/916 698/917/917 725/918/918
f 725/918/918 698/917/917 699/919/919
f 725/918/918 699/919/919 724/920/920
f 724/920/920 699/919/919 700/921/921
f 724/920/920 700/921/921 723/922/922
f 723/922/922 700/921/921 701/923/923
f 723/922/922 701/923/923 722/924/924
f 722/924/924 701/923/923 702/925/925
f 722/924/924 702/925/925 721/926/926
f 721/926/926 702/925/925 703/927/927
f 721/926/926 703/927/927 720/928/928
f 720/928/928 703/927/927 704/929/929
f 720/928/928 704/929/929 719/930/930
f 719/930/930 704/929/929 705/931/931
f 719/930/930 705/931/931 718/932/932
f 718/932/932 705/931/931 706/933/933
f 718/932/932 706/933/933 717/934/934
f 717/934/934 706/933/933 707/935/935
f 717/934/934 707/935/935 716/936/936
f 716/936/936 707/935/935 708/937/937
f 716/936/936 708/937/937 715/938/938
f 715/938/938 708/937/937 709/939/939
f 715/938/938 709/939/939 714/940/940
f 714/940/940 709/939/939 710/941/941
f 714/940/940 710/941/941 713/942/942
f 713/942/942 710/941/941 711/943/943
f 713/942/942 711/943/943 712/944/944
f 712/944/944 711/943/943 665/945/945
f 712/944/944 665/945/945 688/946/946
f 735/947/947 736/948/948 754/949/949
f 754/949/949 736/948/948 753/950/950
f 753/950/950 736/948/948 737/951/951
f 753/950/950 737/951/951 752/952/952
f 752/952/952 737/951/951 738/953/953
f 752/952/952 738/953/953 751/954/954
f 751/954/954 738/953/953 739/955/955
f 751/954/954 739/955/955 750/956/956
f 750/956/956 739/955/955 740/957/957
f 750/956/956 740/957/957 749/958/958
f 749/958/958 740/957/957 741/959/959
f 749/958/958 741/959/959 748/960/960
f 748/960/960 741/959/959 742/961/961
f 748/960/960 742/961/961 747/962/962
f 747/962/962 742/961/961 743/963/963
f 747/962/962 743/963/963 746/964/964
f 746/964/964 743/963/963 744/965/965
f 746/964/964 744/965/965 745/966/966
f 745/966/966 744/965/965 689/967/967
f 745/966/966 689/967/967 734/968/968
f 755/969/969 756/970/970 760/971/971
f 760/971/971 756/970/970 759/972/972
f 759/972/972 756/970/970 757/973/973
f 759/972/972 757/973/973 758/974/974
f 758/974/974 757/973/973 735/975/975
f 758/974/974 735/975/975 754/976/976
f 761/977/977 755/978/978 762/979/979
f 762/979/979 755/978/978 760/980/980
f 763/981/981 764/982/982 768/983/983
f 768/983/983 764/982/982 767/984/984
f 767/984/984 764/982/982 765/985/985
f 767/984/984 765/985/985 766/986/986
f 766/986/986 765/985/985 761/987/987
f 766/986/986 761/987/987 762/988/988
f 769/989/989 770/990/990 786/991/991
f 786/991/991 770/990/990 785/992/992
f 785/992/992 770/990/990 771/993/993
f 785/992/992 771/993/993 784/994/994
f 784/994/994 771/993/993 772/995/995
f 784/994/994 772/995/995 783/996/996
f 783/996/996 772/995/995 773/997/997
f 783/996/996 773/997/997 782/998/998
f 782/998/998 773/997/997 774/999/999
f 782/998/998 774/999/999 781/1000/1000
f 781/1000/1000 774/999/999 775/1001/1001
f 781/1000/1000 775/1001/1001 780/1002/1002
f 780/1002/1002 775/1001/1001 776/1003/1003
f 780/1002/1002 776/1003/1003 779/1004/1004
f 779/1004/1004 776/1003/1003 777/1005/1005
f 779/1004/1004 777/1005/1005 778/1006/1006
f 778/1006/1006 777/1005/1005 763/1007/1007
f 778/1006/1006 763/1007/1007 768/1008/1008
f 787/1009/1009 788/1010/1010 796/1011/1011
f 796/1011/1011 788/1010/1010 795/1012/1012
f 795/1012/1012 788/1010/1010 789/1013/1013
f 795/1012/1012 789/1013/1013 794/1014/1014
f 794/1014/1014 789/1013/1013 790/1015/1015
f 794/1014/1014 790/1015/1015 793/1016/1016
f 793/1016/1016 790/1015/1015 791/1017/1017
f 793/1016/1016 791/1017/1017 792/1018/1018
f 792/1018/1018 791/1017/1017 769/1019/1019
f 792/1018/1018 769/1019/1019 786/1020/1020
f 797/1021/1021 798/1022/1022 802/1023/1023
f 802/1023/1023 798/1022/1022 801/1024/1024
f 801/1024/1024 798/1022/1022 799/1025/1025
f 801/1024/1024 799/1025/1025 800/1026/1026
f 800/1026/1026 799/1025/1025 787/1027/1027
f 800/1026/1026 787/1027/1027 796/1028/1028
f 803/1029/1029 797/1030/1030 804/1031/1031
f 804/1031/1031 797/1030/1030 802/1032/1032
f 805/1033/1033 806/1034/1034 810/1035/1035
f 810/1035/1035 806/1034/1034 809/1036/1036
f 809/1036/1036 806/1034/1034 807/1037/1037
f 809/1036/1036 807/1037/1037 808/1038/1038
f 808/1038/1038 807/1037/1037 803/1039/1039
f 808/1038/1038 803/1039/1039 804/1040/1040
f 811/1041/1041 812/1042/1042 832/1043/1043
f 832/1043/1043 812/1042/1042 831/1044/1044
f 831/1044/1044 812/1042/1042 813/1045/1045
f 831/1044/1044 813/1045/1045 830/1046/1046
f 830/1046/1046 813/1045/1045 814/1047/1047
f 830/1046/1046 814/1047/1047 829/1048/1048
f 829/1048/1048 814/1047/1047 815/1049/1049
f 829/1048/1048 815/1049/1049 828/1050/1050
f 828/1050/1050 815/1049/1049 816/1051/1051
f 828/1050/1050 816/1051/1051 827/1052/1052
f 827/1052/1052 816/1051/1051 817/1053/1053
f 827/1052/1052 817/1053/1053 826/1054/1054
f 826/1054/1054 817/1053/1053 818/1055/1055
f 826/1054/1054 818/1055/1055 825/1056/1056
f 825/1056/1056 818/1055/1055 819/1057/1057
f 825/1056/1056 819/1057/1057 824/1058/1058
f 824/1058/1058 819/1057/1057 820/1059/1059
f 824/1058/1058 820/1059/1059 823/1060/1060
f 823/1060/1060 820/1059/1059 821/1061/1061
f 823/1060/1060 821/1061/1061 822/1062/1062
f 822/1062/1062 821/1061/1061 805/1063/1063
f 822/1062/1062 805/1063/1063 810/1064/1064
f 833/1065/1065 834/1066/1066 842/1067/1067
f 842/1067/1067 834/1066/1066 841/1068/1068
f 841/1068/1068 834/1066/1066 835/1069/1069
f 841/1068/1068 835/1069/1069 840/1070/1070
f 840/1070/1070 835/1069/1069 836/1071/1071
f 840/1070/1070 836/1071/1071 839/1072/1072
f 839/1072/1072 836/1071/1071 837/1073/1073
f 839/1072/1072 837/1073/1073 838/1074/1074
f 838/1074/1074 837/1073/1073 811/1075/1075
f 838/1074/1074 811/1075/1075 832/1076/1076
f 843/1077/1077 833/1078/1078 844/1079/1079
f 844/1079/1079 833/1078/1078 842/1080/1080
f 845/1081/1081 846/1082/1082 854/1083/1083
f 854/1083/1083 846/1082/1082 853/1084/1084
f 853/1084/1084 846/1082/1082 847/1085/1085
f 853/1084/1084 847/1085/1085 852/1086/1086
f 852/1086/1086 847/1085/1085 848/1087/1087
f 852/1086/1086 848/1087/1087 851/1088/1088
f 851/1088/1088 848/1087/1087 849/1089/1089
f 851/1088/1088 849/1089/1089 850/1090/1090
f 850/1090/1090 849/1089/1089 843/1091/1091
f 850/1090/1090 843/1091/1091 844/1092/1092
f 855/1093/1093 856/1094/1094 862/1095/1095
f 862/1095/1095 856/1094/1094 861/1096/1096
f 861/1096/1096 856/1094/1094 857/1097/1097
f 861/1096/1096 857/1097/1097 860/1098/1098
f 860/1098/1098 857/1097/1097 858/1099/1099
f 860/1098/1098 858/1099/1099 859/1100/1100
f 859/1100/1100 858/1099/1099 845/1101/1101
f 859/1100/1100 845/1101/1101 854/1102/1102
f 863/1103/1103 864/1104/1104 866/1105/1105
f 866/1105/1105 864/1104/1104 865/1106/1106
f 865/1106/1106 864/1104/1104 855/1107/1107
f 865/1106/1106 855/1107/1107 862/1108/1108
f 867/1109/1109 868/1110/1110 872/1111/1111
f 872/1111/1111 868/1110/1110 871/1112/1112
f 871/1112/1112 868/1110/1110 869/1113/1113
f 871/1112/1112 869/1113/1113 870/1114/1114
f 870/1114/1114 869/1113/1113 863/1115/1115
f 870/1114/1114 863/1115/1115 866/1116/1116
f 873/1117/1117 867/1118/1118 874/1119/1119
f 874/1119/1119 867/1118/1118 872/1120/1120
f 875/1121/1121 876/1122/1122 880/1123/1123
f 880/1123/1123 876/1122/1122 879/1124/1124
f 879/1124/1124 876/1122/1122 877/1125/1125
f 879/1124/1124 877/1125/1125 878/1126/1126
f 878/1126/1126 877/1125/1125 873/1127/1127
f 878/1126/1126 873/1127/1127 874/1128/1128
f 881/1129/1129 882/1130/1130 886/1131/1131
f 886/1131/1131 882/1130/1130 885/1132/1132
f 885/1132/1132 882/1130/1130 883/1133/1133
f 885/1132/1132 883/1133/1133 884/1134/1134
f 884/1134/1134 883/1133/1133 875/1135/1135
f 884/1134/1134 875/1135/1135 880/1136/1136
f 887/1137/1137 888/1138/1138 890/1139/1139
f 890/1139/1139 888/1138/1138 889/1140/1140
f 889/1140/1140 888/1138/1138 881/1141/1141
f 889/1140/1140 881/1141/1141 886/1142/1142
f 4/1143/1143 891/1144/1144 5/1145/1145
f 5/1145/1145 891/1144/1144 898/1146/1146
f 898/1146/1146 891/1144/1144 892/1147/1147
f 898/1146/1146 892/1147/1147 897/1148/1148
f 897/1148/1148 892/1147/1147 893/1149/1149
f 897/1148/1148 893/1149/1149 896/1150/1150
f 896/1150/1150 893/1149/1149 894/1151/1151
f 896/1150/1150 894/1151/1151 895/1152/1152
f 895/1152/1152 894/1151/1151 887/1153/1153
f 895/1152/1152 887/1153/1153 890/1154/1154
f 898/1155/1155 684/1156/1156 5/1157/1157
f 5/1157/1157 684/1156/1156 683/1158/1158
f 5/1157/1157 683/1158/1158 16/1159/1159
f 16/1159/1159 683/1158/1158 682/1160/1160
f 16/1159/1159 682/1160/1160 21/1161/1161
f 21/1161/1161 682/1160/1160 681/1162/1162
f 21/1161/1161 681/1162/1162 22/1163/1163
f 22/1163/1163 681/1162/1162 680/1164/1164
f 22/1163/1163 680/1164/1164 23/1165/1165
f 23/1165/1165 680/1164/1164 679/1166/1166
f 23/1165/1165 679/1166/1166 24/1167/1167
f 24/1167/1167 679/1166/1166 678/1168/1168
f 24/1167/1167 678/1168/1168 656/1169/1169
f 656/1169/1169 678/1168/1168 660/1170/1170
f 660/1170/1170 678/1168/1168 677/1171/1171
f 660/1170/1170 677/1171/1171 661/1172/1172
f 661/1172/1172 677/1171/1171 664/1173/1173
f 661/1172/1172 664/1173/1173 662/1174/1174
f 684/1156/1156 898/1155/1155 685/1175/1175
f 685/1175/1175 898/1155/1155 897/1176/1176
f 685/1175/1175 897/1176/1176 896/1177/1177
f 685/1175/1175 896/1177/1177 686/1178/1178
f 686/1178/1178 896/1177/1177 895/1179/1179
f 686/1178/1178 895/1179/1179 687/1180/1180
f 687/1180/1180 895/1179/1179 890/1181/1181
f 687/1180/1180 890/1181/1181 688/1182/1182
f 688/1182/1182 890/1181/1181 712/1183/1183
f 712/1183/1183 890/1181/1181 889/1184/1184
f 712/1183/1183 889/1184/1184 713/1185/1185
f 713/1185/1185 889/1184/1184 886/1186/1186
f 713/1185/1185 886/1186/1186 714/1187/1187
f 714/1187/1187 886/1186/1186 862/1188/1188
f 714/1187/1187 862/1188/1188 861/1189/1189
f 886/1186/1186 885/1190/1190 862/1188/1188
f 862/1188/1188 885/1190/1190 865/1191/1191
f 865/1191/1191 885/1190/1190 884/1192/1192
f 865/1191/1191 884/1192/1192 866/1193/1193
f 866/1193/1193 884/1192/1192 880/1194/1194
f 866/1193/1193 880/1194/1194 879/1195/1195
f 866/1193/1193 879/1195/1195 870/1196/1196
f 870/1196/1196 879/1195/1195 878/1197/1197
f 870/1196/1196 878/1197/1197 871/1198/1198
f 871/1198/1198 878/1197/1197 874/1199/1199
f 871/1198/1198 874/1199/1199 872/1200/1200
f 714/1187/1187 861/1189/1189 715/1201/1201
f 715/1201/1201 861/1189/1189 860/1202/1202
f 715/1201/1201 860/1202/1202 716/1203/1203
f 716/1203/1203 860/1202/1202 859/1204/1204
f 716/1203/1203 859/1204/1204 717/1205/1205
f 717/1205/1205 859/1204/1204 854/1206/1206
f 717/1205/1205 854/1206/1206 718/1207/1207
f 718/1207/1207 854/1206/1206 832/1208/1208
f 718/1207/1207 832/1208/1208 719/1209/1209
f 719/1209/1209 832/1208/1208 831/1210/1210
f 719/1209/1209 831/1210/1210 720/1211/1211
f 720/1211/1211 831/1210/1210 830/1212/1212
f 720/1211/1211 830/1212/1212 721/1213/1213
f 721/1213/1213 830/1212/1212 829/1214/1214
f 721/1213/1213 829/1214/1214 722/1215/1215
f 722/1215/1215 829/1214/1214 828/1216/1216
f 722/1215/1215 828/1216/1216 723/1217/1217
f 723/1217/1217 828/1216/1216 827/1218/1218
f 723/1217/1217 827/1218/1218 724/1219/1219
f 724/1219/1219 827/1218/1218 826/1220/1220
f 724/1219/1219 826/1220/1220 725/1221/1221
f 725/1221/1221 826/1220/1220 825/1222/1222
f 725/1221/1221 825/1222/1222 726/1223/1223
f 726/1223/1223 825/1222/1222 824/1224/1224
f 726/1223/1223 824/1224/1224 823/1225/1225
f 854/1206/1206 853/1226/1226 832/1208/1208
f 832/1208/1208 853/1226/1226 838/1227/1227
f 838/1227/1227 853/1226/1226 852/1228/1228
f 838/1227/1227 852/1228/1228 839/1229/1229
f 839/1229/1229 852/1228/1228 851/1230/1230
f 839/1229/1229 851/1230/1230 840/1231/1231
f 840/1231/1231 851/1230/1230 850/1232/1232
f 840/1231/1231 850/1232/1232 841/1233/1233
f 841/1233/1233 850/1232/1232 842/1234/1234
f 842/1234/1234 850/1232/1232 844/1235/1235
f 726/1223/1223 823/1225/1225 727/1236/1236
f 727/1236/1236 823/1225/1225 822/1237/1237
f 727/1236/1236 822/1237/1237 728/1238/1238
f 728/1238/1238 822/1237/1237 810/1239/1239
f 728/1238/1238 810/1239/1239 729/1240/1240
f 729/1240/1240 810/1239/1239 796/1241/1241
f 729/1240/1240 796/1241/1241 730/1242/1242
f 730/1242/1242 796/1241/1241 795/1243/1243
f 730/1242/1242 795/1243/1243 731/1244/1244
f 731/1244/1244 795/1243/1243 794/1245/1245
f 731/1244/1244 794/1245/1245 793/1246/1246
f 810/1239/1239 809/1247/1247 796/1241/1241
f 796/1241/1241 809/1247/1247 800/1248/1248
f 800/1248/1248 809/1247/1247 808/1249/1249
f 800/1248/1248 808/1249/1249 801/1250/1250
f 801/1250/1250 808/1249/1249 802/1251/1251
f 802/1251/1251 808/1249/1249 804/1252/1252
f 731/1244/1244 793/1246/1246 732/1253/1253
f 732/1253/1253 793/1246/1246 792/1254/1254
f 732/1253/1253 792/1254/1254 733/1255/1255
f 733/1255/1255 792/1254/1254 786/1256/1256
f 733/1255/1255 786/1256/1256 734/1257/1257
f 734/1257/1257 786/1256/1256 745/1258/1258
f 745/1258/1258 786/1256/1256 785/1259/1259
f 745/1258/1258 785/1259/1259 746/1260/1260
f 746/1260/1260 785/1259/1259 784/1261/1261
f 746/1260/1260 784/1261/1261 747/1262/1262
f 747/1262/1262 784/1261/1261 783/1263/1263
f 747/1262/1262 783/1263/1263 748/1264/1264
f 748/1264/1264 783/1263/1263 782/1265/1265
f 748/1264/1264 782/1265/1265 749/1266/1266
f 749/1266/1266 782/1265/1265 781/1267/1267
f 749/1266/1266 781/1267/1267 750/1268/1268
f 750/1268/1268 781/1267/1267 780/1269/1269
f 750/1268/1268 780/1269/1269 751/1270/1270
f 751/1270/1270 780/1269/1269 779/1271/1271
f 751/1270/1270 779/1271/1271 752/1272/1272
f 752/1272/1272 779/1271/1271 778/1273/1273
f 752/1272/1272 778/1273/1273 753/1274/1274
f 753/1274/1274 778/1273/1273 768/1275/1275
f 753/1274/1274 768/1275/1275 754/1276/1276
f 754/1276/1276 768/1275/1275 758/1277/1277
f 758/1277/1277 768/1275/1275 900/1278/1278
f 758/1277/1277 900/1278/1278 759/1279/1279
f 759/1279/1279 900/1278/1278 767/1280/1280
f 759/1279/1279 767/1280/1280 899/1281/1281
f 899/1281/1281 767/1280/1280 766/1282/1282
f 899/1281/1281 766/1282/1282 762/1283/1283
f 768/1275/1275 767/1280/1280 900/1278/1278
f 762/1283/1283 760/1284/1284 899/1281/1281
f 899/1281/1281 760/1284/1284 759/1279/1279
f 24/1167/1167 656/1169/1169 905/1285/1285
f 905/1285/1285 656/1169/1169 655/1286/1286
f 905/1285/1285 655/1286/1286 30/1287/1287
f 30/1287/1287 655/1286/1286 904/1288/1288
f 30/1287/1287 904/1288/1288 31/1289/1289
f 31/1289/1289 904/1288/1288 654/1290/1290
f 31/1289/1289 654/1290/1290 32/1291/1291
f 32/1291/1291 654/1290/1290 903/1292/1292
f 32/1291/1291 903/1292/1292 33/1293/1293
f 33/1293/1293 903/1292/1292 653/1294/1294
f 33/1293/1293 653/1294/1294 652/1295/1295
f 655/1286/1286 654/1290/1290 904/1288/1288
f 654/1290/1290 653/1294/1294 903/1292/1292
f 33/1293/1293 652/1295/1295 902/1296/1296
f 902/1296/1296 652/1295/1295 651/1297/1297
f 902/1296/1296 651/1297/1297 34/1298/1298
f 34/1298/1298 651/1297/1297 70/1299/1299
f 34/1298/1298 70/1299/1299 37/1300/1300
f 37/1300/1300 70/1299/1299 69/1301/1301
f 37/1300/1300 69/1301/1301 38/1302/1302
f 38/1302/1302 69/1301/1301 68/1303/1303
f 38/1302/1302 68/1303/1303 52/1304/1304
f 52/1304/1304 68/1303/1303 67/1305/1305
f 52/1304/1304 67/1305/1305 56/1306/1306
f 56/1306/1306 67/1305/1305 66/1307/1307
f 56/1306/1306 66/1307/1307 57/1308/1308
f 57/1308/1308 66/1307/1307 60/1309/1309
f 57/1308/1308 60/1309/1309 58/1310/1310
f 70/1299/1299 651/1297/1297 901/1311/1311
f 901/1311/1311 651/1297/1297 650/1312/1312
f 901/1311/1311 650/1312/1312 74/1313/1313
f 74/1313/1313 650/1312/1312 906/1314/1314
f 74/1313/1313 906/1314/1314 75/1315/1315
f 75/1315/1315 906/1314/1314 642/1316/1316
f 75/1315/1315 642/1316/1316 76/1317/1317
f 76/1317/1317 642/1316/1316 80/1318/1318
f 80/1318/1318 642/1316/1316 641/1319/1319
f 80/1318/1318 641/1319/1319 81/1320/1320
f 81/1320/1320 641/1319/1319 640/1321/1321
f 81/1320/1320 640/1321/1321 82/1322/1322
f 82/1322/1322 640/1321/1321 915/1323/1323
f 82/1322/1322 915/1323/1323 92/1324/1324
f 92/1324/1324 915/1323/1323 635/1325/1325
f 92/1324/1324 635/1325/1325 914/1326/1326
f 914/1326/1326 635/1325/1325 634/1327/1327
f 914/1326/1326 634/1327/1327 93/1328/1328
f 93/1328/1328 634/1327/1327 633/1329/1329
f 93/1328/1328 633/1329/1329 913/1330/1330
f 913/1330/1330 633/1329/1329 94/1331/1331
f 913/1330/1330 94/1331/1331 93/1328/1328
f 650/1312/1312 642/1316/1316 906/1314/1314
f 640/1321/1321 636/1332/1332 915/1323/1323
f 915/1323/1323 636/1332/1332 635/1325/1325
f 633/1329/1329 632/1333/1333 94/1331/1331
f 94/1331/1331 632/1333/1333 912/1334/1334
f 94/1331/1331 912/1334/1334 95/1335/1335
f 95/1335/1335 912/1334/1334 632/1333/1333
f 95/1335/1335 632/1333/1333 626/1336/1336
f 625/1337/1337 938/1338/1338 626/1336/1336
f 626/1336/1336 938/1338/1338 604/1339/1339
f 626/1336/1336 604/1339/1339 911/1340/1340
f 911/1340/1340 604/1339/1339 96/1341/1341
f 911/1340/1340 96/1341/1341 95/1335/1335
f 624/1342/1342 939/1343/1343 625/1337/1337
f 625/1337/1337 939/1343/1343 610/1344/1344
f 625/1337/1337 610/1344/1344 938/1338/1338
f 938/1338/1338 610/1344/1344 604/1339/1339
f 623/1345/1345 940/1346/1346 624/1342/1342
f 624/1342/1342 940/1346/1346 611/1347/1347
f 624/1342/1342 611/1347/1347 939/1343/1343
f 939/1343/1343 611/1347/1347 610/1344/1344
f 623/1345/1345 622/1348/1348 940/1346/1346
f 940/1346/1346 622/1348/1348 613/1349/1349
f 940/1346/1346 613/1349/1349 612/1350/1350
f 613/1349/1349 622/1348/1348 941/1351/1351
f 941/1351/1351 622/1348/1348 616/1352/1352
f 941/1351/1351 616/1352/1352 614/1353/1353
f 614/1353/1353 613/1349/1349 941/1351/1351
f 612/1350/1350 611/1347/1347 940/1346/1346
f 604/1339/1339 603/1354/1354 96/1341/1341
f 96/1341/1341 603/1354/1354 910/1355/1355
f 96/1341/1341 910/1355/1355 97/1356/1356
f 97/1356/1356 910/1355/1355 603/1354/1354
f 97/1356/1356 603/1354/1354 602/1357/1357
f 601/1358/1358 98/1359/1359 602/1357/1357
f 602/1357/1357 98/1359/1359 909/1360/1360
f 602/1357/1357 909/1360/1360 97/1356/1356
f 97/1356/1356 909/1360/1360 98/1359/1359
f 98/1359/1359 601/1358/1358 908/1361/1361
f 908/1361/1361 601/1358/1358 600/1362/1362
f 908/1361/1361 600/1362/1362 99/1363/1363
f 99/1363/1363 600/1362/1362 907/1364/1364
f 99/1363/1363 907/1364/1364 100/1365/1365
f 100/1365/1365 907/1364/1364 593/1366/1366
f 100/1365/1365 593/1366/1366 104/1367/1367
f 104/1367/1367 593/1366/1366 592/1368/1368
f 104/1367/1367 592/1368/1368 105/1369/1369
f 105/1369/1369 592/1368/1368 588/1370/1370
f 105/1369/1369 588/1370/1370 106/1371/1371
f 106/1371/1371 588/1370/1370 110/1372/1372
f 110/1372/1372 588/1370/1370 920/1373/1373
f 110/1372/1372 920/1373/1373 111/1374/1374
f 111/1374/1374 920/1373/1373 587/1375/1375
f 111/1374/1374 587/1375/1375 916/1376/1376
f 916/1376/1376 587/1375/1375 584/1377/1377
f 916/1376/1376 584/1377/1377 334/1378/1378
f 334/1378/1378 584/1377/1377 335/1379/1379
f 335/1379/1379 584/1377/1377 583/1380/1380
f 335/1379/1379 583/1380/1380 336/1381/1381
f 336/1381/1381 583/1380/1380 582/1382/1382
f 336/1381/1381 582/1382/1382 360/1383/1383
f 360/1383/1383 582/1382/1382 581/1384/1384
f 360/1383/1383 581/1384/1384 365/1385/1385
f 365/1385/1385 581/1384/1384 576/1386/1386
f 365/1385/1385 576/1386/1386 366/1387/1387
f 366/1387/1387 576/1386/1386 388/1388/1388
f 366/1387/1387 388/1388/1388 367/1389/1389
f 367/1389/1389 388/1388/1388 387/1390/1390
f 367/1389/1389 387/1390/1390 386/1391/1391
f 600/1362/1362 594/1392/1392 907/1364/1364
f 907/1364/1364 594/1392/1392 593/1366/1366
f 588/1370/1370 587/1375/1375 920/1373/1373
f 388/1388/1388 576/1386/1386 391/1393/1393
f 391/1393/1393 576/1386/1386 575/1394/1394
f 391/1393/1393 575/1394/1394 392/1395/1395
f 392/1395/1395 575/1394/1394 574/1396/1396
f 392/1395/1395 574/1396/1396 558/1397/1397
f 558/1397/1397 574/1396/1396 573/1398/1398
f 558/1397/1397 573/1398/1398 562/1399/1399
f 562/1399/1399 573/1398/1398 572/1400/1400
f 562/1399/1399 572/1400/1400 563/1401/1401
f 563/1401/1401 572/1400/1400 566/1402/1402
f 563/1401/1401 566/1402/1402 564/1403/1403
f 558/1397/1397 557/1404/1404 392/1395/1395
f 392/1395/1395 557/1404/1404 397/1405/1405
f 397/1405/1405 557/1404/1404 556/1406/1406
f 397/1405/1405 556/1406/1406 398/1407/1407
f 398/1407/1407 556/1406/1406 555/1408/1408
f 398/1407/1407 555/1408/1408 399/1409/1409
f 399/1409/1409 555/1408/1408 550/1410/1410
f 399/1409/1409 550/1410/1410 400/1411/1411
f 400/1411/1411 550/1410/1410 450/1412/1412
f 400/1411/1411 450/1412/1412 449/1413/1413
f 450/1412/1412 550/1410/1410 451/1414/1414
f 451/1414/1414 550/1410/1410 549/1415/1415
f 451/1414/1414 549/1415/1415 546/1416/1416
f 545/1417/1417 942/1418/1418 546/1416/1416
f 546/1416/1416 942/1418/1418 532/1419/1419
f 546/1416/1416 532/1419/1419 452/1420/1420
f 452/1420/1420 532/1419/1419 453/1421/1421
f 453/1421/1421 532/1419/1419 531/1422/1422
f 453/1421/1421 531/1422/1422 454/1423/1423
f 454/1423/1423 531/1422/1422 530/1424/1424
f 454/1423/1423 530/1424/1424 514/1425/1425
f 514/1425/1425 530/1424/1424 529/1426/1426
f 514/1425/1425 529/1426/1426 518/1427/1427
f 518/1427/1427 529/1426/1426 528/1428/1428
f 518/1427/1427 528/1428/1428 519/1429/1429
f 519/1429/1429 528/1428/1428 522/1430/1430
f 519/1429/1429 522/1430/1430 520/1431/1431
f 544/1432/1432 919/1433/1433 545/1417/1417
f 545/1417/1417 919/1433/1433 536/1434/1434
f 545/1417/1417 536/1434/1434 942/1418/1418
f 942/1418/1418 536/1434/1434 532/1419/1419
f 544/1432/1432 540/1435/1435 919/1433/1433
f 919/1433/1433 540/1435/1435 538/1436/1436
f 919/1433/1433 538/1436/1436 537/1437/1437
f 537/1437/1437 536/1434/1434 919/1433/1433
f 454/1423/1423 514/1425/1425 943/1438/1438
f 943/1438/1438 514/1425/1425 513/1439/1439
f 943/1438/1438 513/1439/1439 458/1440/1440
f 458/1440/1440 513/1439/1439 944/1441/1441
f 458/1440/1440 944/1441/1441 459/1442/1442
f 459/1442/1442 944/1441/1441 510/1443/1443
f 459/1442/1442 510/1443/1443 460/1444/1444
f 460/1444/1444 510/1443/1443 470/1445/1445
f 470/1445/1445 510/1443/1443 509/1446/1446
f 470/1445/1445 509/1446/1446 471/1447/1447
f 471/1447/1447 509/1446/1446 508/1448/1448
f 471/1447/1447 508/1448/1448 472/1449/1449
f 472/1449/1449 508/1448/1448 507/1450/1450
f 472/1449/1449 507/1450/1450 473/1451/1451
f 473/1451/1451 507/1450/1450 506/1452/1452
f 473/1451/1451 506/1452/1452 505/1453/1453
f 513/1439/1439 510/1443/1443 944/1441/1441
f 473/1451/1451 505/1453/1453 474/1454/1454
f 474/1454/1454 505/1453/1453 504/1455/1455
f 474/1454/1454 504/1455/1455 475/1456/1456
f 475/1456/1456 504/1455/1455 503/1457/1457
f 475/1456/1456 503/1457/1457 476/1458/1458
f 476/1458/1458 503/1457/1457 502/1459/1459
f 476/1458/1458 502/1459/1459 477/1460/1460
f 477/1460/1460 502/1459/1459 492/1461/1461
f 477/1460/1460 492/1461/1461 478/1462/1462
f 478/1462/1462 492/1461/1461 482/1463/1463
f 482/1463/1463 492/1461/1461 491/1464/1464
f 482/1463/1463 491/1464/1464 483/1465/1465
f 483/1465/1465 491/1464/1464 490/1466/1466
f 483/1465/1465 490/1466/1466 484/1467/1467
f 484/1467/1467 490/1466/1466 486/1468/1468
f 458/1440/1440 454/1423/1423 943/1438/1438
f 452/1420/1420 451/1414/1414 546/1416/1416
f 442/1469/1469 405/1470/1470 449/1413/1413
f 449/1413/1413 405/1470/1470 404/1471/1471
f 449/1413/1413 404/1471/1471 400/1411/1411
f 441/1472/1472 410/1473/1473 442/1469/1469
f 442/1469/1469 410/1473/1473 406/1474/1474
f 442/1469/1469 406/1474/1474 405/1470/1470
f 410/1473/1473 441/1472/1472 411/1475/1475
f 411/1475/1475 441/1472/1472 440/1476/1476
f 411/1475/1475 440/1476/1476 412/1477/1477
f 412/1477/1477 440/1476/1476 436/1478/1478
f 412/1477/1477 436/1478/1478 435/1479/1479
f 412/1477/1477 435/1479/1479 415/1480/1480
f 415/1480/1480 435/1479/1479 434/1481/1481
f 415/1480/1480 434/1481/1481 416/1482/1482
f 416/1482/1482 434/1481/1481 430/1483/1483
f 416/1482/1482 430/1483/1483 429/1484/1484
f 416/1482/1482 429/1484/1484 420/1485/1485
f 420/1485/1485 429/1484/1484 428/1486/1486
f 420/1485/1485 428/1486/1486 421/1487/1487
f 421/1487/1487 428/1486/1486 424/1488/1488
f 421/1487/1487 424/1488/1488 422/1489/1489
f 367/1389/1389 386/1391/1391 368/1490/1490
f 368/1490/1490 386/1391/1391 382/1491/1491
f 368/1490/1490 382/1491/1491 381/1492/1492
f 368/1490/1490 381/1492/1492 372/1493/1493
f 372/1493/1493 381/1492/1492 380/1494/1494
f 372/1493/1493 380/1494/1494 373/1495/1495
f 373/1495/1495 380/1494/1494 376/1496/1496
f 373/1495/1495 376/1496/1496 374/1497/1497
f 336/1381/1381 360/1383/1383 917/1498/1498
f 917/1498/1498 360/1383/1383 359/1499/1499
f 917/1498/1498 359/1499/1499 340/1500/1500
f 340/1500/1500 359/1499/1499 341/1501/1501
f 341/1501/1501 359/1499/1499 918/1502/1502
f 341/1501/1501 918/1502/1502 342/1503/1503
f 342/1503/1503 918/1502/1502 356/1504/1504
f 342/1503/1503 356/1504/1504 346/1505/1505
f 346/1505/1505 356/1504/1504 355/1506/1506
f 346/1505/1505 355/1506/1506 347/1507/1507
f 347/1507/1507 355/1506/1506 354/1508/1508
f 347/1507/1507 354/1508/1508 348/1509/1509
f 348/1509/1509 354/1508/1508 350/1510/1510
f 359/1499/1499 356/1504/1504 918/1502/1502
f 340/1500/1500 336/1381/1381 917/1498/1498
f 916/1376/1376 334/1378/1378 112/1511/1511
f 112/1511/1511 334/1378/1378 333/1512/1512
f 112/1511/1511 333/1512/1512 115/1513/1513
f 115/1513/1513 333/1512/1512 328/1514/1514
f 115/1513/1513 328/1514/1514 116/1515/1515
f 116/1515/1515 328/1514/1514 278/1516/1516
f 116/1515/1515 278/1516/1516 923/1517/1517
f 923/1517/1517 278/1516/1516 277/1518/1518
f 923/1517/1517 277/1518/1518 121/1519/1519
f 121/1519/1519 277/1518/1518 924/1520/1520
f 121/1519/1519 924/1520/1520 122/1521/1521
f 122/1521/1521 924/1520/1520 274/1522/1522
f 122/1521/1521 274/1522/1522 925/1523/1523
f 925/1523/1523 274/1522/1522 252/1524/1524
f 925/1523/1523 252/1524/1524 123/1525/1525
f 123/1525/1525 252/1524/1524 251/1526/1526
f 123/1525/1525 251/1526/1526 926/1527/1527
f 926/1527/1527 251/1526/1526 248/1528/1528
f 926/1527/1527 248/1528/1528 124/1529/1529
f 124/1529/1529 248/1528/1528 936/1530/1530
f 124/1529/1529 936/1530/1530 237/1531/1531
f 237/1531/1531 936/1530/1530 238/1532/1532
f 238/1532/1532 936/1530/1530 248/1528/1528
f 238/1532/1532 248/1528/1528 247/1533/1533
f 327/1534/1534 922/1535/1535 328/1514/1514
f 328/1514/1514 922/1535/1535 314/1536/1536
f 328/1514/1514 314/1536/1536 278/1516/1516
f 278/1516/1516 314/1536/1536 282/1537/1537
f 282/1537/1537 314/1536/1536 313/1538/1538
f 282/1537/1537 313/1538/1538 283/1539/1539
f 283/1539/1539 313/1538/1538 310/1540/1540
f 283/1539/1539 310/1540/1540 284/1541/1541
f 284/1541/1541 310/1540/1540 288/1542/1542
f 288/1542/1542 310/1540/1540 309/1543/1543
f 288/1542/1542 309/1543/1543 289/1544/1544
f 289/1544/1544 309/1543/1543 308/1545/1545
f 289/1544/1544 308/1545/1545 290/1546/1546
f 290/1546/1546 308/1545/1545 304/1547/1547
f 290/1546/1546 304/1547/1547 303/1548/1548
f 326/1549/1549 921/1550/1550 327/1534/1534
f 327/1534/1534 921/1550/1550 318/1551/1551
f 327/1534/1534 318/1551/1551 922/1535/1535
f 922/1535/1535 318/1551/1551 314/1536/1536
f 326/1549/1549 322/1552/1552 921/1550/1550
f 921/1550/1550 322/1552/1552 320/1553/1553
f 921/1550/1550 320/1553/1553 319/1554/1554
f 319/1554/1554 318/1551/1551 921/1550/1550
f 290/1546/1546 303/1548/1548 294/1555/1555
f 294/1555/1555 303/1548/1548 302/1556/1556
f 294/1555/1555 302/1556/1556 295/1557/1557
f 295/1557/1557 302/1556/1556 298/1558/1558
f 295/1557/1557 298/1558/1558 296/1559/1559
f 277/1518/1518 274/1522/1522 924/1520/1520
f 274/1522/1522 273/1560/1560 252/1524/1524
f 252/1524/1524 273/1560/1560 258/1561/1561
f 258/1561/1561 273/1560/1560 272/1562/1562
f 258/1561/1561 272/1562/1562 259/1563/1563
f 259/1563/1563 272/1562/1562 260/1564/1564
f 260/1564/1564 272/1562/1562 271/1565/1565
f 260/1564/1564 271/1565/1565 270/1566/1566
f 260/1564/1564 270/1566/1566 261/1567/1567
f 261/1567/1567 270/1566/1566 264/1568/1568
f 261/1567/1567 264/1568/1568 262/1569/1569
f 246/1570/1570 239/1571/1571 247/1533/1533
f 247/1533/1533 239/1571/1571 946/1572/1572
f 247/1533/1533 946/1572/1572 238/1532/1532
f 238/1532/1532 946/1572/1572 239/1571/1571
f 239/1571/1571 246/1570/1570 945/1573/1573
f 945/1573/1573 246/1570/1570 242/1574/1574
f 945/1573/1573 242/1574/1574 240/1575/1575
f 240/1575/1575 239/1571/1571 945/1573/1573
f 124/1529/1529 237/1531/1531 128/1576/1576
f 128/1576/1576 237/1531/1531 236/1577/1577
f 128/1576/1576 236/1577/1577 947/1578/1578
f 947/1578/1578 236/1577/1577 230/1579/1579
f 947/1578/1578 230/1579/1579 129/1580/1580
f 129/1580/1580 230/1579/1579 932/1581/1581
f 129/1580/1580 932/1581/1581 130/1582/1582
f 130/1582/1582 932/1581/1581 136/1583/1583
f 136/1583/1583 932/1581/1581 230/1579/1579
f 136/1583/1583 230/1579/1579 927/1584/1584
f 927/1584/1584 230/1579/1579 229/1585/1585
f 927/1584/1584 229/1585/1585 137/1586/1586
f 137/1586/1586 229/1585/1585 228/1587/1587
f 137/1586/1586 228/1587/1587 928/1588/1588
f 928/1588/1588 228/1587/1587 138/1589/1589
f 928/1588/1588 138/1589/1589 137/1586/1586
f 228/1587/1587 227/1590/1590 138/1589/1589
f 138/1589/1589 227/1590/1590 929/1591/1591
f 138/1589/1589 929/1591/1591 139/1592/1592
f 139/1592/1592 929/1591/1591 222/1593/1593
f 139/1592/1592 222/1593/1593 937/1594/1594
f 937/1594/1594 222/1593/1593 144/1595/1595
f 937/1594/1594 144/1595/1595 140/1596/1596
f 227/1590/1590 222/1593/1593 929/1591/1591
f 144/1595/1595 222/1593/1593 948/1597/1597
f 948/1597/1597 222/1593/1593 221/1598/1598
f 948/1597/1597 221/1598/1598 145/1599/1599
f 145/1599/1599 221/1598/1598 146/1600/1600
f 146/1600/1600 221/1598/1598 935/1601/1601
f 146/1600/1600 935/1601/1601 160/1602/1602
f 160/1602/1602 935/1601/1601 220/1603/1603
f 160/1602/1602 220/1603/1603 949/1604/1604
f 949/1604/1604 220/1603/1603 219/1605/1605
f 949/1604/1604 219/1605/1605 166/1606/1606
f 166/1606/1606 219/1605/1605 950/1607/1607
f 166/1606/1606 950/1607/1607 167/1608/1608
f 167/1608/1608 950/1607/1607 218/1609/1609
f 167/1608/1608 218/1609/1609 168/1610/1610
f 168/1610/1610 218/1609/1609 951/1611/1611
f 168/1610/1610 951/1611/1611 217/1612/1612
f 217/1612/1612 951/1611/1611 218/1609/1609
f 221/1598/1598 220/1603/1603 935/1601/1601
f 219/1605/1605 218/1609/1609 950/1607/1607
f 210/1613/1613 952/1614/1614 217/1612/1612
f 217/1612/1612 952/1614/1614 169/1615/1615
f 217/1612/1612 169/1615/1615 168/1610/1610
f 209/1616/1616 176/1617/1617 210/1613/1613
f 210/1613/1613 176/1617/1617 170/1618/1618
f 210/1613/1613 170/1618/1618 952/1614/1614
f 952/1614/1614 170/1618/1618 169/1615/1615
f 176/1617/1617 209/1616/1616 177/1619/1619
f 177/1619/1619 209/1616/1616 206/1620/1620
f 177/1619/1619 206/1620/1620 188/1621/1621
f 188/1621/1621 206/1620/1620 953/1622/1622
f 188/1621/1621 953/1622/1622 193/1623/1623
f 193/1623/1623 953/1622/1622 205/1624/1624
f 193/1623/1623 205/1624/1624 954/1625/1625
f 954/1625/1625 205/1624/1624 204/1626/1626
f 954/1625/1625 204/1626/1626 194/1627/1627
f 194/1627/1627 204/1626/1626 955/1628/1628
f 194/1627/1627 955/1628/1628 195/1629/1629
f 195/1629/1629 955/1628/1628 203/1630/1630
f 195/1629/1629 203/1630/1630 956/1631/1631
f 956/1631/1631 203/1630/1630 198/1632/1632
f 956/1631/1631 198/1632/1632 196/1633/1633
f 206/1620/1620 205/1624/1624 953/1622/1622
f 204/1626/1626 203/1630/1630 955/1628/1628
f 196/1633/1633 195/1629/1629 956/1631/1631
f 194/1627/1627 193/1623/1623 954/1625/1625
f 177/1619/1619 188/1621/1621 178/1634/1634
f 178/1634/1634 188/1621/1621 187/1635/1635
f 178/1634/1634 187/1635/1635 179/1636/1636
f 179/1636/1636 187/1635/1635 186/1637/1637
f 179/1636/1636 186/1637/1637 180/1638/1638
f 180/1638/1638 186/1637/1637 182/1639/1639
f 166/1606/1606 160/1602/1602 949/1604/1604
f 146/1600/1600 160/1602/1602 930/1640/1640
f 930/1640/1640 160/1602/1602 159/1641/1641
f 930/1640/1640 159/1641/1641 158/1642/1642
f 154/1643/1643 931/1644/1644 158/1642/1642
f 158/1642/1642 931/1644/1644 151/1645/1645
f 158/1642/1642 151/1645/1645 930/1640/1640
f 930/1640/1640 151/1645/1645 150/1646/1646
f 930/1640/1640 150/1646/1646 146/1600/1600
f 154/1643/1643 152/1647/1647 931/1644/1644
f 931/1644/1644 152/1647/1647 151/1645/1645
f 145/1599/1599 144/1595/1595 948/1597/1597
f 140/1596/1596 139/1592/1592 937/1594/1594
f 137/1586/1586 136/1583/1583 927/1584/1584
f 129/1580/1580 128/1576/1576 947/1578/1578
f 124/1529/1529 123/1525/1525 926/1527/1527
f 123/1525/1525 122/1521/1521 925/1523/1523
f 121/1519/1519 116/1515/1515 923/1517/1517
f 112/1511/1511 111/1374/1374 916/1376/1376
f 99/1363/1363 98/1359/1359 908/1361/1361
f 93/1328/1328 92/1324/1324 914/1326/1326
f 74/1313/1313 70/1299/1299 901/1311/1311
f 38/1302/1302 52/1304/1304 933/1648/1648
f 933/1648/1648 52/1304/1304 51/1649/1649
f 933/1648/1648 51/1649/1649 42/1650/1650
f 42/1650/1650 51/1649/1649 934/1651/1651
f 42/1650/1650 934/1651/1651 43/1652/1652
f 43/1652/1652 934/1651/1651 44/1653/1653
f 44/1653/1653 934/1651/1651 46/1654/1654
f 46/1654/1654 934/1651/1651 50/1655/1655
f 50/1655/1655 934/1651/1651 51/1649/1649
f 42/1650/1650 38/1302/1302 933/1648/1648
f 34/1298/1298 33/1293/1293 902/1296/1296
f 30/1287/1287 24/1167/1167 905/1285/1285
f 16/1159/1159 15/1656/1656 5/1157/1157
f 5/1157/1157 15/1656/1656 6/1657/1657
f 6/1657/1657 15/1656/1656 14/1658/1658
f 6/1657/1657 14/1658/1658 7/1659/1659
f 7/1659/1659 14/1658/1658 10/1660/1660
f 7/1659/1659 10/1660/1660 8/1661/1661
f 95/1335/1335 626/1336/1336 911/1340/1340
f 894/1662/1662 666/1663/1663 887/1664/1664
f 887/1664/1664 666/1663/1663 665/1665/1665
f 887/1664/1664 665/1665/1665 711/1666/1666
f 666/1663/1663 894/1662/1662 667/1667/1667
f 667/1667/1667 894/1662/1662 893/1668/1668
f 667/1667/1667 893/1668/1668 668/1669/1669
f 668/1669/1669 893/1668/1668 892/1670/1670
f 668/1669/1669 892/1670/1670 891/1671/1671
f 668/1669/1669 891/1671/1671 669/1672/1672
f 669/1672/1672 891/1671/1671 4/1673/1673
f 669/1672/1672 4/1673/1673 670/1674/1674
f 670/1674/1674 4/1673/1673 11/1675/1675
f 670/1674/1674 11/1675/1675 671/1676/1676
f 671/1676/1676 11/1675/1675 20/1677/1677
f 671/1676/1676 20/1677/1677 672/1678/1678
f 672/1678/1678 20/1677/1677 19/1679/1679
f 672/1678/1678 19/1679/1679 673/1680/1680
f 673/1680/1680 19/1679/1679 18/1681/1681
f 673/1680/1680 18/1681/1681 674/1682/1682
f 674/1682/1682 18/1681/1681 17/1683/1683
f 674/1682/1682 17/1683/1683 675/1684/1684
f 675/1684/1684 17/1683/1683 643/1685/1685
f 675/1684/1684 643/1685/1685 659/1686/1686
f 4/1673/1673 3/1687/1687 11/1675/1675
f 11/1675/1675 3/1687/1687 12/1688/1688
f 12/1688/1688 3/1687/1687 13/1689/1689
f 13/1689/1689 3/1687/1687 2/1690/1690
f 13/1689/1689 2/1690/1690 9/1691/1691
f 9/1691/1691 2/1690/1690 1/1692/1692
f 643/1685/1685 17/1683/1683 988/1693/1693
f 988/1693/1693 17/1683/1683 29/1694/1694
f 988/1693/1693 29/1694/1694 644/1695/1695
f 644/1695/1695 29/1694/1694 989/1696/1696
f 644/1695/1695 989/1696/1696 645/1697/1697
f 645/1697/1697 989/1696/1696 28/1698/1698
f 645/1697/1697 28/1698/1698 27/1699/1699
f 29/1694/1694 28/1698/1698 989/1696/1696
f 645/1697/1697 27/1699/1699 990/1700/1700
f 990/1700/1700 27/1699/1699 26/1701/1701
f 990/1700/1700 26/1701/1701 646/1702/1702
f 646/1702/1702 26/1701/1701 647/1703/1703
f 647/1703/1703 26/1701/1701 991/1704/1704
f 647/1703/1703 991/1704/1704 648/1705/1705
f 648/1705/1705 991/1704/1704 25/1706/1706
f 648/1705/1705 25/1706/1706 61/1707/1707
f 61/1707/1707 25/1706/1706 36/1708/1708
f 61/1707/1707 36/1708/1708 62/1709/1709
f 62/1709/1709 36/1708/1708 35/1710/1710
f 62/1709/1709 35/1710/1710 63/1711/1711
f 63/1711/1711 35/1710/1710 47/1712/1712
f 63/1711/1711 47/1712/1712 64/1713/1713
f 64/1713/1713 47/1712/1712 55/1714/1714
f 64/1713/1713 55/1714/1714 65/1715/1715
f 65/1715/1715 55/1714/1714 54/1716/1716
f 65/1715/1715 54/1716/1716 59/1717/1717
f 59/1717/1717 54/1716/1716 53/1718/1718
f 26/1701/1701 25/1706/1706 991/1704/1704
f 47/1712/1712 35/1710/1710 993/1719/1719
f 993/1719/1719 35/1710/1710 41/1720/1720
f 993/1719/1719 41/1720/1720 48/1721/1721
f 48/1721/1721 41/1720/1720 994/1722/1722
f 48/1721/1721 994/1722/1722 49/1723/1723
f 49/1723/1723 994/1722/1722 45/1724/1724
f 45/1724/1724 994/1722/1722 39/1725/1725
f 39/1725/1725 994/1722/1722 40/1726/1726
f 40/1726/1726 994/1722/1722 41/1720/1720
f 48/1721/1721 47/1712/1712 993/1719/1719
f 648/1705/1705 61/1707/1707 992/1727/1727
f 992/1727/1727 61/1707/1707 73/1728/1728
f 992/1727/1727 73/1728/1728 649/1729/1729
f 649/1729/1729 73/1728/1728 995/1730/1730
f 649/1729/1729 995/1730/1730 637/1731/1731
f 637/1731/1731 995/1730/1730 72/1732/1732
f 637/1731/1731 72/1732/1732 71/1733/1733
f 73/1728/1728 72/1732/1732 995/1730/1730
f 71/1733/1733 79/1734/1734 637/1731/1731
f 637/1731/1731 79/1734/1734 638/1735/1735
f 638/1735/1735 79/1734/1734 78/1736/1736
f 638/1735/1735 78/1736/1736 639/1737/1737
f 639/1737/1737 78/1736/1736 77/1738/1738
f 639/1737/1737 77/1738/1738 958/1739/1739
f 958/1739/1739 77/1738/1738 628/1740/1740
f 958/1739/1739 628/1740/1740 627/1741/1741
f 77/1738/1738 91/1742/1742 628/1740/1740
f 628/1740/1740 91/1742/1742 996/1743/1743
f 628/1740/1740 996/1743/1743 629/1744/1744
f 629/1744/1744 996/1743/1743 90/1745/1745
f 629/1744/1744 90/1745/1745 630/1746/1746
f 630/1746/1746 90/1745/1745 997/1747/1747
f 630/1746/1746 997/1747/1747 89/1748/1748
f 89/1748/1748 997/1747/1747 90/1745/1745
f 91/1742/1742 90/1745/1745 996/1743/1743
f 88/1749/1749 998/1750/1750 89/1748/1748
f 89/1748/1748 998/1750/1750 631/1751/1751
f 89/1748/1748 631/1751/1751 630/1746/1746
f 87/1752/1752 987/1753/1753 88/1749/1749
f 88/1749/1749 987/1753/1753 617/1754/1754
f 88/1749/1749 617/1754/1754 631/1751/1751
f 86/1755/1755 999/1756/1756 87/1752/1752
f 87/1752/1752 999/1756/1756 596/1757/1757
f 87/1752/1752 596/1757/1757 595/1758/1758
f 85/1759/1759 1000/1760/1760 86/1755/1755
f 86/1755/1755 1000/1760/1760 597/1761/1761
f 86/1755/1755 597/1761/1761 596/1757/1757
f 84/1762/1762 1001/1763/1763 85/1759/1759
f 85/1759/1759 1001/1763/1763 598/1764/1764
f 85/1759/1759 598/1764/1764 597/1761/1761
f 1001/1763/1763 84/1762/1762 599/1765/1765
f 599/1765/1765 84/1762/1762 83/1766/1766
f 599/1765/1765 83/1766/1766 963/1767/1767
f 963/1767/1767 83/1766/1766 590/1768/1768
f 963/1767/1767 590/1768/1768 589/1769/1769
f 83/1766/1766 103/1770/1770 590/1768/1768
f 590/1768/1768 103/1770/1770 591/1771/1771
f 591/1771/1771 103/1770/1770 102/1772/1772
f 591/1771/1771 102/1772/1772 585/1773/1773
f 585/1773/1773 102/1772/1772 101/1774/1774
f 585/1773/1773 101/1774/1774 109/1775/1775
f 585/1773/1773 109/1775/1775 1002/1776/1776
f 1002/1776/1776 109/1775/1775 108/1777/1777
f 1002/1776/1776 108/1777/1777 586/1778/1778
f 586/1778/1778 108/1777/1777 986/1779/1779
f 586/1778/1778 986/1779/1779 577/1780/1780
f 577/1780/1780 986/1779/1779 331/1781/1781
f 577/1780/1780 331/1781/1781 330/1782/1782
f 108/1777/1777 107/1783/1783 986/1779/1779
f 986/1779/1779 107/1783/1783 331/1781/1781
f 331/1781/1781 107/1783/1783 332/1784/1784
f 332/1784/1784 107/1783/1783 114/1785/1785
f 332/1784/1784 114/1785/1785 323/1786/1786
f 323/1786/1786 114/1785/1785 113/1787/1787
f 323/1786/1786 113/1787/1787 311/1788/1788
f 311/1788/1788 113/1787/1787 275/1789/1789
f 311/1788/1788 275/1789/1789 281/1790/1790
f 275/1789/1789 113/1787/1787 1003/1791/1791
f 1003/1791/1791 113/1787/1787 120/1792/1792
f 1003/1791/1791 120/1792/1792 276/1793/1793
f 276/1793/1793 120/1792/1792 1005/1794/1794
f 276/1793/1793 1005/1794/1794 265/1795/1795
f 265/1795/1795 1005/1794/1794 119/1796/1796
f 265/1795/1795 119/1796/1796 249/1797/1797
f 249/1797/1797 119/1796/1796 118/1798/1798
f 249/1797/1797 118/1798/1798 250/1799/1799
f 250/1799/1799 118/1798/1798 1006/1800/1800
f 250/1799/1799 1006/1800/1800 243/1801/1801
f 243/1801/1801 1006/1800/1800 117/1802/1802
f 243/1801/1801 117/1802/1802 967/1803/1803
f 967/1803/1803 117/1802/1802 234/1804/1804
f 967/1803/1803 234/1804/1804 233/1805/1805
f 120/1792/1792 119/1796/1796 1005/1794/1794
f 118/1798/1798 117/1802/1802 1006/1800/1800
f 117/1802/1802 127/1806/1806 234/1804/1804
f 234/1804/1804 127/1806/1806 235/1807/1807
f 235/1807/1807 127/1806/1806 965/1808/1808
f 235/1807/1807 965/1808/1808 223/1809/1809
f 223/1809/1809 965/1808/1808 126/1810/1810
f 223/1809/1809 126/1810/1810 964/1811/1811
f 964/1811/1811 126/1810/1810 125/1812/1812
f 964/1811/1811 125/1812/1812 135/1813/1813
f 127/1806/1806 126/1810/1810 965/1808/1808
f 134/1814/1814 1007/1815/1815 135/1813/1813
f 135/1813/1813 1007/1815/1815 223/1809/1809
f 135/1813/1813 223/1809/1809 964/1811/1811
f 133/1816/1816 969/1817/1817 134/1814/1814
f 134/1814/1814 969/1817/1817 225/1818/1818
f 134/1814/1814 225/1818/1818 224/1819/1819
f 132/1820/1820 1008/1821/1821 133/1816/1816
f 133/1816/1816 1008/1821/1821 226/1822/1822
f 133/1816/1816 226/1822/1822 225/1818/1818
f 131/1823/1823 985/1824/1824 132/1820/1820
f 132/1820/1820 985/1824/1824 211/1825/1825
f 132/1820/1820 211/1825/1825 1008/1821/1821
f 1008/1821/1821 211/1825/1825 226/1822/1822
f 131/1823/1823 143/1826/1826 985/1824/1824
f 985/1824/1824 143/1826/1826 211/1825/1825
f 211/1825/1825 143/1826/1826 970/1827/1827
f 970/1827/1827 143/1826/1826 142/1828/1828
f 970/1827/1827 142/1828/1828 212/1829/1829
f 212/1829/1829 142/1828/1828 141/1830/1830
f 212/1829/1829 141/1830/1830 971/1831/1831
f 971/1831/1831 141/1830/1830 155/1832/1832
f 971/1831/1831 155/1832/1832 213/1833/1833
f 213/1833/1833 155/1832/1832 972/1834/1834
f 213/1833/1833 972/1834/1834 214/1835/1835
f 214/1835/1835 972/1834/1834 165/1836/1836
f 214/1835/1835 165/1836/1836 973/1837/1837
f 973/1837/1837 165/1836/1836 164/1838/1838
f 973/1837/1837 164/1838/1838 215/1839/1839
f 215/1839/1839 164/1838/1838 163/1840/1840
f 215/1839/1839 163/1840/1840 974/1841/1841
f 974/1841/1841 163/1840/1840 216/1842/1842
f 974/1841/1841 216/1842/1842 215/1839/1839
f 155/1832/1832 141/1830/1830 976/1843/1843
f 976/1843/1843 141/1830/1830 149/1844/1844
f 976/1843/1843 149/1844/1844 148/1845/1845
f 976/1843/1843 148/1845/1845 157/1846/1846
f 157/1846/1846 148/1845/1845 147/1847/1847
f 157/1846/1846 147/1847/1847 153/1848/1848
f 157/1846/1846 156/1849/1849 976/1843/1843
f 976/1843/1843 156/1849/1849 155/1832/1832
f 155/1832/1832 165/1836/1836 972/1834/1834
f 163/1840/1840 162/1850/1850 216/1842/1842
f 216/1842/1842 162/1850/1850 975/1851/1851
f 216/1842/1842 975/1851/1851 207/1852/1852
f 207/1852/1852 975/1851/1851 161/1853/1853
f 207/1852/1852 161/1853/1853 175/1854/1854
f 162/1850/1850 161/1853/1853 975/1851/1851
f 207/1852/1852 175/1854/1854 208/1855/1855
f 208/1855/1855 175/1854/1854 174/1856/1856
f 208/1855/1855 174/1856/1856 199/1857/1857
f 199/1857/1857 174/1856/1856 183/1858/1858
f 199/1857/1857 183/1858/1858 979/1859/1859
f 979/1859/1859 183/1858/1858 192/1860/1860
f 979/1859/1859 192/1860/1860 200/1861/1861
f 200/1861/1861 192/1860/1860 978/1862/1862
f 200/1861/1861 978/1862/1862 201/1863/1863
f 201/1863/1863 978/1862/1862 191/1864/1864
f 201/1863/1863 191/1864/1864 977/1865/1865
f 977/1865/1865 191/1864/1864 190/1866/1866
f 977/1865/1865 190/1866/1866 202/1867/1867
f 202/1867/1867 190/1866/1866 980/1868/1868
f 202/1867/1867 980/1868/1868 197/1869/1869
f 197/1869/1869 980/1868/1868 189/1870/1870
f 189/1870/1870 980/1868/1868 190/1866/1866
f 174/1856/1856 173/1871/1871 183/1858/1858
f 183/1858/1858 173/1871/1871 184/1872/1872
f 184/1872/1872 173/1871/1871 172/1873/1873
f 184/1872/1872 172/1873/1873 185/1874/1874
f 185/1874/1874 172/1873/1873 171/1875/1875
f 185/1874/1874 171/1875/1875 181/1876/1876
f 192/1860/1860 191/1864/1864 978/1862/1862
f 202/1867/1867 201/1863/1863 977/1865/1865
f 200/1861/1861 199/1857/1857 979/1859/1859
f 215/1839/1839 214/1835/1835 973/1837/1837
f 213/1833/1833 212/1829/1829 971/1831/1831
f 212/1829/1829 211/1825/1825 970/1827/1827
f 134/1814/1814 224/1819/1819 1007/1815/1815
f 1007/1815/1815 224/1819/1819 223/1809/1809
f 232/1877/1877 966/1878/1878 233/1805/1805
f 233/1805/1805 966/1878/1878 244/1879/1879
f 233/1805/1805 244/1879/1879 243/1801/1801
f 231/1880/1880 968/1881/1881 232/1877/1877
f 232/1877/1877 968/1881/1881 245/1882/1882
f 232/1877/1877 245/1882/1882 244/1879/1879
f 231/1880/1880 241/1883/1883 968/1881/1881
f 968/1881/1881 241/1883/1883 245/1882/1882
f 249/1797/1797 257/1884/1884 265/1795/1795
f 265/1795/1795 257/1884/1884 266/1885/1885
f 266/1885/1885 257/1884/1884 256/1886/1886
f 266/1885/1885 256/1886/1886 267/1887/1887
f 267/1887/1887 256/1886/1886 255/1888/1888
f 267/1887/1887 255/1888/1888 268/1889/1889
f 268/1889/1889 255/1888/1888 254/1890/1890
f 268/1889/1889 254/1890/1890 269/1891/1891
f 269/1891/1891 254/1890/1890 253/1892/1892
f 269/1891/1891 253/1892/1892 263/1893/1893
f 276/1793/1793 275/1789/1789 1003/1791/1791
f 311/1788/1788 281/1790/1790 312/1894/1894
f 312/1894/1894 281/1790/1790 280/1895/1895
f 312/1894/1894 280/1895/1895 305/1896/1896
f 305/1896/1896 280/1895/1895 279/1897/1897
f 305/1896/1896 279/1897/1897 287/1898/1898
f 305/1896/1896 287/1898/1898 306/1899/1899
f 306/1899/1899 287/1898/1898 286/1900/1900
f 306/1899/1899 286/1900/1900 307/1901/1901
f 307/1901/1901 286/1900/1900 285/1902/1902
f 307/1901/1901 285/1902/1902 299/1903/1903
f 299/1903/1903 285/1902/1902 300/1904/1904
f 300/1904/1904 285/1902/1902 293/1905/1905
f 300/1904/1904 293/1905/1905 301/1906/1906
f 301/1906/1906 293/1905/1905 292/1907/1907
f 301/1906/1906 292/1907/1907 297/1908/1908
f 297/1908/1908 292/1907/1907 291/1909/1909
f 323/1786/1786 311/1788/1788 1004/1910/1910
f 1004/1910/1910 311/1788/1788 317/1911/1911
f 1004/1910/1910 317/1911/1911 324/1912/1912
f 324/1912/1912 317/1911/1911 1009/1913/1913
f 324/1912/1912 1009/1913/1913 325/1914/1914
f 325/1914/1914 1009/1913/1913 321/1915/1915
f 321/1915/1915 1009/1913/1913 315/1916/1916
f 315/1916/1916 1009/1913/1913 316/1917/1917
f 316/1917/1917 1009/1913/1913 317/1911/1911
f 324/1912/1912 323/1786/1786 1004/1910/1910
f 577/1780/1780 330/1782/1782 578/1918/1918
f 578/1918/1918 330/1782/1782 329/1919/1919
f 578/1918/1918 329/1919/1919 579/1920/1920
f 579/1920/1920 329/1919/1919 357/1921/1921
f 579/1920/1920 357/1921/1921 580/1922/1922
f 580/1922/1922 357/1921/1921 364/1923/1923
f 580/1922/1922 364/1923/1923 567/1924/1924
f 567/1924/1924 364/1923/1923 363/1925/1925
f 567/1924/1924 363/1925/1925 383/1926/1926
f 383/1926/1926 363/1925/1925 362/1927/1927
f 383/1926/1926 362/1927/1927 384/1928/1928
f 384/1928/1928 362/1927/1927 385/1929/1929
f 385/1929/1929 362/1927/1927 361/1930/1930
f 385/1929/1929 361/1930/1930 377/1931/1931
f 377/1931/1931 361/1930/1930 378/1932/1932
f 378/1932/1932 361/1930/1930 371/1933/1933
f 378/1932/1932 371/1933/1933 379/1934/1934
f 379/1934/1934 371/1933/1933 370/1935/1935
f 379/1934/1934 370/1935/1935 375/1936/1936
f 375/1936/1936 370/1935/1935 369/1937/1937
f 357/1921/1921 329/1919/1919 1010/1938/1938
f 1010/1938/1938 329/1919/1919 339/1939/1939
f 1010/1938/1938 339/1939/1939 358/1940/1940
f 358/1940/1940 339/1939/1939 338/1941/1941
f 358/1940/1940 338/1941/1941 1011/1942/1942
f 1011/1942/1942 338/1941/1941 337/1943/1943
f 1011/1942/1942 337/1943/1943 351/1944/1944
f 351/1944/1944 337/1943/1943 345/1945/1945
f 351/1944/1944 345/1945/1945 352/1946/1946
f 352/1946/1946 345/1945/1945 344/1947/1947
f 352/1946/1946 344/1947/1947 353/1948/1948
f 353/1948/1948 344/1947/1947 343/1949/1949
f 353/1948/1948 343/1949/1949 349/1950/1950
f 351/1944/1944 358/1940/1940 1011/1942/1942
f 358/1940/1940 357/1921/1921 1010/1938/1938
f 383/1926/1926 390/1951/1951 567/1924/1924
f 567/1924/1924 390/1951/1951 568/1952/1952
f 568/1952/1952 390/1951/1951 389/1953/1953
f 568/1952/1952 389/1953/1953 569/1954/1954
f 569/1954/1954 389/1953/1953 551/1955/1955
f 569/1954/1954 551/1955/1955 570/1956/1956
f 570/1956/1956 551/1955/1955 561/1957/1957
f 570/1956/1956 561/1957/1957 571/1958/1958
f 571/1958/1958 561/1957/1957 560/1959/1959
f 571/1958/1958 560/1959/1959 565/1960/1960
f 565/1960/1960 560/1959/1959 559/1961/1961
f 389/1953/1953 396/1962/1962 551/1955/1955
f 551/1955/1955 396/1962/1962 552/1963/1963
f 552/1963/1963 396/1962/1962 395/1964/1964
f 552/1963/1963 395/1964/1964 553/1965/1965
f 553/1965/1965 395/1964/1964 394/1966/1966
f 553/1965/1965 394/1966/1966 554/1967/1967
f 554/1967/1967 394/1966/1966 393/1968/1968
f 554/1967/1967 393/1968/1968 547/1969/1969
f 547/1969/1969 393/1968/1968 447/1970/1970
f 547/1969/1969 447/1970/1970 446/1971/1971
f 447/1970/1970 393/1968/1968 448/1972/1972
f 448/1972/1972 393/1968/1968 403/1973/1973
f 448/1972/1972 403/1973/1973 402/1974/1974
f 448/1972/1972 402/1974/1974 437/1975/1975
f 437/1975/1975 402/1974/1974 401/1976/1976
f 437/1975/1975 401/1976/1976 409/1977/1977
f 437/1975/1975 409/1977/1977 438/1978/1978
f 438/1978/1978 409/1977/1977 408/1979/1979
f 438/1978/1978 408/1979/1979 439/1980/1980
f 439/1980/1980 408/1979/1979 407/1981/1981
f 439/1980/1980 407/1981/1981 431/1982/1982
f 431/1982/1982 407/1981/1981 432/1983/1983
f 432/1983/1983 407/1981/1981 414/1984/1984
f 432/1983/1983 414/1984/1984 433/1985/1985
f 433/1985/1985 414/1984/1984 413/1986/1986
f 433/1985/1985 413/1986/1986 425/1987/1987
f 425/1987/1987 413/1986/1986 426/1988/1988
f 426/1988/1988 413/1986/1986 419/1989/1989
f 426/1988/1988 419/1989/1989 427/1990/1990
f 427/1990/1990 419/1989/1989 418/1991/1991
f 427/1990/1990 418/1991/1991 423/1992/1992
f 423/1992/1992 418/1991/1991 417/1993/1993
f 445/1994/1994 541/1995/1995 446/1971/1971
f 446/1971/1971 541/1995/1995 548/1996/1996
f 446/1971/1971 548/1996/1996 547/1969/1969
f 541/1995/1995 445/1994/1994 523/1997/1997
f 523/1997/1997 445/1994/1994 444/1998/1998
f 523/1997/1997 444/1998/1998 524/1999/1999
f 524/1999/1999 444/1998/1998 443/2000/2000
f 524/1999/1999 443/2000/2000 525/2001/2001
f 525/2001/2001 443/2000/2000 511/2002/2002
f 525/2001/2001 511/2002/2002 526/2003/2003
f 526/2003/2003 511/2002/2002 517/2004/2004
f 526/2003/2003 517/2004/2004 527/2005/2005
f 527/2005/2005 517/2004/2004 516/2006/2006
f 527/2005/2005 516/2006/2006 521/2007/2007
f 521/2007/2007 516/2006/2006 515/2008/2008
f 511/2002/2002 443/2000/2000 983/2009/2009
f 983/2009/2009 443/2000/2000 457/2010/2010
f 983/2009/2009 457/2010/2010 512/2011/2011
f 512/2011/2011 457/2010/2010 982/2012/2012
f 512/2011/2011 982/2012/2012 493/2013/2013
f 493/2013/2013 982/2012/2012 456/2014/2014
f 493/2013/2013 456/2014/2014 455/2015/2015
f 457/2010/2010 456/2014/2014 982/2012/2012
f 455/2015/2015 469/2016/2016 493/2013/2013
f 493/2013/2013 469/2016/2016 494/2017/2017
f 494/2017/2017 469/2016/2016 468/2018/2018
f 494/2017/2017 468/2018/2018 495/2019/2019
f 495/2019/2019 468/2018/2018 467/2020/2020
f 495/2019/2019 467/2020/2020 496/2021/2021
f 496/2021/2021 467/2020/2020 466/2022/2022
f 496/2021/2021 466/2022/2022 497/2023/2023
f 497/2023/2023 466/2022/2022 465/2024/2024
f 497/2023/2023 465/2024/2024 498/2025/2025
f 498/2025/2025 465/2024/2024 499/2026/2026
f 499/2026/2026 465/2024/2024 464/2027/2027
f 499/2026/2026 464/2027/2027 500/2028/2028
f 500/2028/2028 464/2027/2027 463/2029/2029
f 500/2028/2028 463/2029/2029 501/2030/2030
f 501/2030/2030 463/2029/2029 462/2031/2031
f 501/2030/2030 462/2031/2031 487/2032/2032
f 487/2032/2032 462/2031/2031 461/2033/2033
f 487/2032/2032 461/2033/2033 481/2034/2034
f 487/2032/2032 481/2034/2034 488/2035/2035
f 488/2035/2035 481/2034/2034 480/2036/2036
f 488/2035/2035 480/2036/2036 489/2037/2037
f 489/2037/2037 480/2036/2036 479/2038/2038
f 489/2037/2037 479/2038/2038 485/2039/2039
f 512/2011/2011 511/2002/2002 983/2009/2009
f 541/1995/1995 523/1997/1997 981/2040/2040
f 981/2040/2040 523/1997/1997 535/2041/2041
f 981/2040/2040 535/2041/2041 542/2042/2042
f 542/2042/2042 535/2041/2041 957/2043/2043
f 542/2042/2042 957/2043/2043 543/2044/2044
f 543/2044/2044 957/2043/2043 539/2045/2045
f 539/2045/2045 957/2043/2043 533/2046/2046
f 533/2046/2046 957/2043/2043 534/2047/2047
f 534/2047/2047 957/2043/2043 535/2041/2041
f 542/2042/2042 541/1995/1995 981/2040/2040
f 586/1778/1778 585/1773/1773 1002/1776/1776
f 589/1769/1769 599/1765/1765 963/1767/1767
f 599/1765/1765 598/1764/1764 1001/1763/1763
f 609/2048/2048 961/2049/2049 595/1758/1758
f 595/1758/1758 961/2049/2049 617/1754/1754
f 595/1758/1758 617/1754/1754 987/1753/1753
f 608/2050/2050 960/2051/2051 609/2048/2048
f 609/2048/2048 960/2051/2051 618/2052/2052
f 609/2048/2048 618/2052/2052 961/2049/2049
f 961/2049/2049 618/2052/2052 617/1754/1754
f 607/2053/2053 959/2054/2054 608/2050/2050
f 608/2050/2050 959/2054/2054 619/2055/2055
f 608/2050/2050 619/2055/2055 960/2051/2051
f 960/2051/2051 619/2055/2055 618/2052/2052
f 607/2053/2053 606/2056/2056 959/2054/2054
f 959/2054/2054 606/2056/2056 621/2057/2057
f 959/2054/2054 621/2057/2057 620/2058/2058
f 621/2057/2057 606/2056/2056 962/2059/2059
f 962/2059/2059 606/2056/2056 605/2060/2060
f 962/2059/2059 605/2060/2060 615/2061/2061
f 615/2061/2061 621/2057/2057 962/2059/2059
f 620/2058/2058 619/2055/2055 959/2054/2054
f 627/1741/1741 639/1737/1737 958/1739/1739
f 649/1729/1729 648/1705/1705 992/1727/1727
f 646/1702/1702 645/1697/1697 990/1700/1700
f 644/1695/1695 643/1685/1685 988/1693/1693
f 675/1684/1684 659/1686/1686 676/2062/2062
f 676/2062/2062 659/1686/1686 658/2063/2063
f 676/2062/2062 658/2063/2063 663/2064/2064
f 663/2064/2064 658/2063/2063 657/2065/2065
f 887/1664/1664 711/1666/1666 888/2066/2066
f 888/2066/2066 711/1666/1666 710/2067/2067
f 888/2066/2066 710/2067/2067 881/2068/2068
f 881/2068/2068 710/2067/2067 709/2069/2069
f 881/2068/2068 709/2069/2069 855/2070/2070
f 855/2070/2070 709/2069/2069 856/2071/2071
f 856/2071/2071 709/2069/2069 708/2072/2072
f 856/2071/2071 708/2072/2072 857/2073/2073
f 857/2073/2073 708/2072/2072 707/2074/2074
f 857/2073/2073 707/2074/2074 858/2075/2075
f 858/2075/2075 707/2074/2074 706/2076/2076
f 858/2075/2075 706/2076/2076 845/2077/2077
f 845/2077/2077 706/2076/2076 705/2078/2078
f 845/2077/2077 705/2078/2078 811/2079/2079
f 811/2079/2079 705/2078/2078 704/2080/2080
f 811/2079/2079 704/2080/2080 812/2081/2081
f 812/2081/2081 704/2080/2080 703/2082/2082
f 812/2081/2081 703/2082/2082 813/2083/2083
f 813/2083/2083 703/2082/2082 702/2084/2084
f 813/2083/2083 702/2084/2084 814/2085/2085
f 814/2085/2085 702/2084/2084 701/2086/2086
f 814/2085/2085 701/2086/2086 815/2087/2087
f 815/2087/2087 701/2086/2086 700/2088/2088
f 815/2087/2087 700/2088/2088 816/2089/2089
f 816/2089/2089 700/2088/2088 699/2090/2090
f 816/2089/2089 699/2090/2090 817/2091/2091
f 817/2091/2091 699/2090/2090 698/2092/2092
f 817/2091/2091 698/2092/2092 818/2093/2093
f 818/2093/2093 698/2092/2092 697/2094/2094
f 818/2093/2093 697/2094/2094 819/2095/2095
f 819/2095/2095 697/2094/2094 820/2096/2096
f 820/2096/2096 697/2094/2094 696/2097/2097
f 820/2096/2096 696/2097/2097 821/2098/2098
f 821/2098/2098 696/2097/2097 695/2099/2099
f 821/2098/2098 695/2099/2099 805/2100/2100
f 805/2100/2100 695/2099/2099 694/2101/2101
f 805/2100/2100 694/2101/2101 787/2102/2102
f 787/2102/2102 694/2101/2101 693/2103/2103
f 787/2102/2102 693/2103/2103 788/2104/2104
f 788/2104/2104 693/2103/2103 692/2105/2105
f 788/2104/2104 692/2105/2105 789/2106/2106
f 789/2106/2106 692/2105/2105 790/2107/2107
f 790/2107/2107 692/2105/2105 691/2108/2108
f 790/2107/2107 691/2108/2108 791/2109/2109
f 791/2109/2109 691/2108/2108 690/2110/2110
f 791/2109/2109 690/2110/2110 769/2111/2111
f 769/2111/2111 690/2110/2110 689/2112/2112
f 769/2111/2111 689/2112/2112 744/2113/2113
f 769/2111/2111 744/2113/2113 770/2114/2114
f 770/2114/2114 744/2113/2113 743/2115/2115
f 770/2114/2114 743/2115/2115 771/2116/2116
f 771/2116/2116 743/2115/2115 742/2117/2117
f 771/2116/2116 742/2117/2117 772/2118/2118
f 772/2118/2118 742/2117/2117 741/2119/2119
f 772/2118/2118 741/2119/2119 773/2120/2120
f 773/2120/2120 741/2119/2119 740/2121/2121
f 773/2120/2120 740/2121/2121 774/2122/2122
f 774/2122/2122 740/2121/2121 739/2123/2123
f 774/2122/2122 739/2123/2123 775/2124/2124
f 775/2124/2124 739/2123/2123 738/2125/2125
f 775/2124/2124 738/2125/2125 776/2126/2126
f 776/2126/2126 738/2125/2125 737/2127/2127
f 776/2126/2126 737/2127/2127 777/2128/2128
f 777/2128/2128 737/2127/2127 736/2129/2129
f 777/2128/2128 736/2129/2129 763/2130/2130
f 763/2130/2130 736/2129/2129 735/2131/2131
f 763/2130/2130 735/2131/2131 757/2132/2132
f 763/2130/2130 757/2132/2132 1012/2133/2133
f 1012/2133/2133 757/2132/2132 756/2134/2134
f 1012/2133/2133 756/2134/2134 764/2135/2135
f 764/2135/2135 756/2134/2134 984/2136/2136
f 764/2135/2135 984/2136/2136 765/2137/2137
f 765/2137/2137 984/2136/2136 761/2138/2138
f 761/2138/2138 984/2136/2136 755/2139/2139
f 755/2139/2139 984/2136/2136 756/2134/2134
f 764/2135/2135 763/2130/2130 1012/2133/2133
f 787/2102/2102 799/2140/2140 805/2100/2100
f 805/2100/2100 799/2140/2140 806/2141/2141
f 806/2141/2141 799/2140/2140 798/2142/2142
f 806/2141/2141 798/2142/2142 807/2143/2143
f 807/2143/2143 798/2142/2142 797/2144/2144
f 807/2143/2143 797/2144/2144 803/2145/2145
f 811/2079/2079 837/2146/2146 845/2077/2077
f 845/2077/2077 837/2146/2146 846/2147/2147
f 846/2147/2147 837/2146/2146 836/2148/2148
f 846/2147/2147 836/2148/2148 847/2149/2149
f 847/2149/2149 836/2148/2148 835/2150/2150
f 847/2149/2149 835/2150/2150 848/2151/2151
f 848/2151/2151 835/2150/2150 834/2152/2152
f 848/2151/2151 834/2152/2152 849/2153/2153
f 849/2153/2153 834/2152/2152 833/2154/2154
f 849/2153/2153 833/2154/2154 843/2155/2155
f 881/2068/2068 855/2070/2070 882/2156/2156
f 882/2156/2156 855/2070/2070 864/2157/2157
f 882/2156/2156 864/2157/2157 883/2158/2158
f 883/2158/2158 864/2157/2157 863/2159/2159
f 883/2158/2158 863/2159/2159 875/2160/2160
f 875/2160/2160 863/2159/2159 876/2161/2161
f 876/2161/2161 863/2159/2159 869/2162/2162
f 876/2161/2161 869/2162/2162 877/2163/2163
f 877/2163/2163 869/2162/2162 868/2164/2164
f 877/2163/2163 868/2164/2164 873/2165/2165
f 873/2165/2165 868/2164/2164 867/2166/2166
f 225/1818/1818 969/1817/1817 133/1816/1816
f 87/1752/1752 595/1758/1758 987/1753/1753
f 85/1759/1759 597/1761/1761 1000/1760/1760
f 233/1805/1805 243/1801/1801 967/1803/1803
f 232/1877/1877 244/1879/1879 966/1878/1878
f 88/1749/1749 631/1751/1751 998/1750/1750
f 86/1755/1755 596/1757/1757 999/1756/1756
g Body4

v 21.500000 -10.000000 69.500000
v 13.500000 -10.000000 69.500000
v 5.500000 -10.000000 69.500000
v -2.500000 -10.000000 69.500000
v -2.500000 0.000000 69.500000
v 5.500000 0.000000 69.500000
v 13.500000 0.000000 69.500000
v 21.500000 0.000000 69.500000
v 21.500000 -10.000000 21.500000
v 21.500000 -10.000000 31.100000
v 21.500000 -10.000000 40.700000
v 21.500000 -10.000000 50.300000
v 21.500000 -10.000000 59.900000
v 21.500000 0.000000 59.900000
v 21.500000 0.000000 50.300000
v 21.500000 0.000000 40.700000
v 21.500000 0.000000 31.100000
v 21.500000 0.000000 21.500000
v 50.500000 -10.000000 21.500000
v 40.833333 -10.000000 21.500000
v 31.166667 -10.000000 21.500000
v 31.166667 0.000000 21.500000
v 40.833333 0.000000 21.500000
v 50.500000 0.000000 21.500000
v 50.500000 -10.000000 45.500000
v 50.500000 -10.000000 37.500000
v 50.500000 -10.000000 29.500000
v 50.500000 0.000000 29.500000
v 50.500000 0.000000 37.500000
v 50.500000 0.000000 45.500000
v 74.500000 -10.000000 45.500000
v 66.500000 -10.000000 45.500000
v 58.500000 -10.000000 45.500000
v 58.500000 0.000000 45.500000
v 66.500000 0.000000 45.500000
v 74.500000 0.000000 45.500000
v 74.500000 -10.000000 74.500000
v 74.500000 -10.000000 64.833333
v 74.500000 -10.000000 55.166667
v 74.500000 0.000000 55.166667
v 74.500000 0.000000 64.833333
v 74.500000 0.000000 74.500000
v 69.500000 -10.000000 74.500000
v 69.500000 0.000000 74.500000
v 69.500000 -10.000000 50.500000
v 69.500000 -10.000000 58.500000
v 69.500000 -10.000000 66.500000
v 69.500000 0.000000 66.500000
v 69.500000 0.000000 58.500000
v 69.500000 0.000000 50.500000
v 45.500000 -10.000000 50.500000
v 53.500000 -10.000000 50.500000
v 61.500000 -10.000000 50.500000
v 61.500000 0.000000 50.500000
v 53.500000 0.000000 50.500000
v 45.500000 0.000000 50.500000
v 45.500000 -10.000000 26.500000
v 45.500000 -10.000000 34.500000
v 45.500000 -10.000000 42.500000
v 45.500000 0.000000 42.500000
v 45.500000 0.000000 34.500000
v 45.500000 0.000000 26.500000
v 26.500000 -10.000000 26.500000
v 36.000000 -10.000000 26.500000
v 36.000000 0.000000 26.500000
v 26.500000 0.000000 26.500000
v 26.500000 -10.000000 74.500000
v 26.500000 -10.000000 64.900000
v 26.500000 -10.000000 55.300000
v 26.500000 -10.000000 45.700000
v 26.500000 -10.000000 36.100000
v 26.500000 0.000000 36.100000
v 26.500000 0.000000 45.700000
v 26.500000 0.000000 55.300000
v 26.500000 0.000000 64.900000
v 26.500000 0.000000 74.500000
v 2.500000 -10.000000 74.500000
v 10.500000 -10.000000 74.500000
v 18.500000 -10.000000 74.500000
v 18.500000 0.000000 74.500000
v 10.500000 0.000000 74.500000
v 2.500000 0.000000 74.500000
v 2.500000 -10.000000 93.500000
v 2.500000 -10.000000 84.000000
v 2.500000 0.000000 84.000000
v 2.500000 0.000000 93.500000
v 26.500000 -10.000000 93.500000
v 18.500000 -10.000000 93.500000
v 10.500000 -10.000000 93.500000
v 10.500000 0.000000 93.500000
v 18.500000 0.000000 93.500000
v 26.500000 0.000000 93.500000
v 26.500000 -10.000000 120.000000
v 26.500000 -10.000000 111.166667
v 26.500000 -10.000000 102.333333
v 26.500000 0.000000 102.333333
v 26.500000 0.000000 111.166667
v 26.500000 0.000000 120.000000
v 45.500000 -10.000000 120.000000
v 36.000000 -10.000000 120.000000
v 36.000000 0.000000 120.000000
v 45.500000 0.000000 120.000000
v 45.500000 -10.000000 69.500000
v 45.500000 -10.000000 79.600000
v 45.500000 -10.000000 89.700000
v 45.500000 -10.000000 99.800000
v 45.500000 -10.000000 109.900000
v 45.500000 0.000000 109.900000
v 45.500000 0.000000 99.800000
v 45.500000 0.000000 89.700000
v 45.500000 0.000000 79.600000
v 45.500000 0.000000 69.500000
v 50.500000 -10.000000 69.500000
v 50.500000 0.000000 69.500000
v 50.500000 -10.000000 120.000000
v 50.500000 -10.000000 109.900000
v 50.500000 -10.000000 99.800000
v 50.500000 -10.000000 89.700000
v 50.500000 -10.000000 79.600000
v 50.500000 0.000000 79.600000
v 50.500000 0.000000 89.700000
v 50.500000 0.000000 99.800000
v 50.500000 0.000000 109.900000
v 50.500000 0.000000 120.000000
v 120.000000 -10.000000 120.000000
v 110.071429 -10.000000 120.000000
v 100.142857 -10.000000 120.000000
v 90.214286 -10.000000 120.000000
v 80.285714 -10.000000 120.000000
v 70.357143 -10.000000 120.000000
v 60.428571 -10.000000 120.000000
v 60.428571 0.000000 120.000000
v 70.357143 0.000000 120.000000
v 80.285714 0.000000 120.000000
v 90.214286 0.000000 120.000000
v 100.142857 0.000000 120.000000
v 110.071429 0.000000 120.000000
v 120.000000 0.000000 120.000000
v 120.000000 -10.000000 -21.500000
v 120.000000 -10.000000 -10.615385
v 120.000000 -10.000000 0.269231
v 120.000000 -10.000000 11.153846
v 120.000000 -10.000000 22.038462
v 120.000000 -10.000000 32.923077
v 120.000000 -10.000000 43.807692
v 120.000000 -10.000000 54.692308
v 120.000000 -10.000000 65.576923
v 120.000000 -10.000000 76.461538
v 120.000000 -10.000000 87.346154
v 120.000000 -10.000000 98.230769
v 120.000000 -10.000000 109.115385
v 120.000000 0.000000 109.115385
v 120.000000 0.000000 98.230769
v 120.000000 0.000000 87.346154
v 120.000000 0.000000 76.461538
v 120.000000 0.000000 65.576923
v 120.000000 0.000000 54.692308
v 120.000000 0.000000 43.807692
v 120.000000 0.000000 32.923077
v 120.000000 0.000000 22.038462
v 120.000000 0.000000 11.153846
v 120.000000 0.000000 0.269231
v 120.000000 0.000000 -10.615385
v 120.000000 0.000000 -21.500000
v 93.500000 -10.000000 -21.500000
v 102.333333 -10.000000 -21.500000
v 111.166667 -10.000000 -21.500000
v 111.166667 0.000000 -21.500000
v 102.333333 0.000000 -21.500000
v 93.500000 0.000000 -21.500000
v 93.500000 -10.000000 -50.500000
v 93.500000 -10.000000 -40.833333
v 93.500000 -10.000000 -31.166667
v 93.500000 0.000000 -31.166667
v 93.500000 0.000000 -40.833333
v 93.500000 0.000000 -50.500000
v 98.500000 -10.000000 -50.500000
v 98.500000 0.000000 -50.500000
v 98.500000 -10.000000 -26.500000
v 98.500000 -10.000000 -34.500000
v 98.500000 -10.000000 -42.500000
v 98.500000 0.000000 -42.500000
v 98.500000 0.000000 -34.500000
v 98.500000 0.000000 -26.500000
v 120.000000 -10.000000 -26.500000
v 109.250000 -10.000000 -26.500000
v 109.250000 0.000000 -26.500000
v 120.000000 0.000000 -26.500000
v 120.000000 -10.000000 -120.000000
v 120.000000 -10.000000 -109.611111
v 120.000000 -10.000000 -99.222222
v 120.000000 -10.000000 -88.833333
v 120.000000 -10.000000 -78.444444
v 120.000000 -10.000000 -68.055556
v 120.000000 -10.000000 -57.666667
v 120.000000 -10.000000 -47.277778
v 120.000000 -10.000000 -36.888889
v 120.000000 0.000000 -36.888889
v 120.000000 0.000000 -47.277778
v 120.000000 0.000000 -57.666667
v 120.000000 0.000000 -68.055556
v 120.000000 0.000000 -78.444444
v 120.000000 0.000000 -88.833333
v 120.000000 0.000000 -99.222222
v 120.000000 0.000000 -109.611111
v 120.000000 0.000000 -120.000000
v -2.500000 -10.000000 -120.000000
v 8.636364 -10.000000 -120.000000
v 19.772727 -10.000000 -120.000000
v 30.909091 -10.000000 -120.000000
v 42.045455 -10.000000 -120.000000
v 53.181818 -10.000000 -120.000000
v 64.318182 -10.000000 -120.000000
v 75.454545 -10.000000 -120.000000
v 86.590909 -10.000000 -120.000000
v 97.727273 -10.000000 -120.000000
v 108.863636 -10.000000 -120.000000
v 108.863636 0.000000 -120.000000
v 97.727273 0.000000 -120.000000
v 86.590909 0.000000 -120.000000
v 75.454545 0.000000 -120.000000
v 64.318182 0.000000 -120.000000
v 53.181818 0.000000 -120.000000
v 42.045455 0.000000 -120.000000
v 30.909091 0.000000 -120.000000
v 19.772727 0.000000 -120.000000
v 8.636364 0.000000 -120.000000
v -2.500000 0.000000 -120.000000
v -2.500000 -10.000000 -125.000000
v -2.500000 0.000000 -125.000000
v 125.000000 -10.000000 -125.000000
v 114.375000 -10.000000 -125.000000
v 103.750000 -10.000000 -125.000000
v 93.125000 -10.000000 -125.000000
v 82.500000 -10.000000 -125.000000
v 71.875000 -10.000000 -125.000000
v 61.250000 -10.000000 -125.000000
v 50.625000 -10.000000 -125.000000
v 40.000000 -10.000000 -125.000000
v 29.375000 -10.000000 -125.000000
v 18.750000 -10.000000 -125.000000
v 8.125000 -10.000000 -125.000000
v 8.125000 0.000000 -125.000000
v 18.750000 0.000000 -125.000000
v 29.375000 0.000000 -125.000000
v 40.000000 0.000000 -125.000000
v 50.625000 0.000000 -125.000000
v 61.250000 0.000000 -125.000000
v 71.875000 0.000000 -125.000000
v 82.500000 0.000000 -125.000000
v 93.125000 0.000000 -125.000000
v 103.750000 0.000000 -125.000000
v 114.375000 0.000000 -125.000000
v 125.000000 0.000000 -125.000000
v 125.000000 -10.000000 125.000000
v 125.000000 -10.000000 114.130435
v 125.000000 -10.000000 103.260870
v 125.000000 -10.000000 92.391304
v 125.000000 -10.000000 81.521739
v 125.000000 -10.000000 70.652174
v 125.000000 -10.000000 59.782609
v 125.000000 -10.000000 48.913043
v 125.000000 -10.000000 38.043478
v 125.000000 -10.000000 27.173913
v 125.000000 -10.000000 16.304348
v 125.000000 -10.000000 5.434783
v 125.000000 -10.000000 -5.434783
v 125.000000 -10.000000 -16.304348
v 125.000000 -10.000000 -27.173913
v 125.000000 -10.000000 -38.043478
v 125.000000 -10.000000 -48.913043
v 125.000000 -10.000000 -59.782609
v 125.000000 -10.000000 -70.652174
v 125.000000 -10.000000 -81.521739
v 125.000000 -10.000000 -92.391304
v 125.000000 -10.000000 -103.260870
v 125.000000 -10.000000 -114.130435
v 125.000000 0.000000 -114.130435
v 125.000000 0.000000 -103.260870
v 125.000000 0.000000 -92.391304
v 125.000000 0.000000 -81.521739
v 125.000000 0.000000 -70.652174
v 125.000000 0.000000 -59.782609
v 125.000000 0.000000 -48.913043
v 125.000000 0.000000 -38.043478
v 125.000000 0.000000 -27.173913
v 125.000000 0.000000 -16.304348
v 125.000000 0.000000 -5.434783
v 125.000000 0.000000 5.434783
v 125.000000 0.000000 16.304348
v 125.000000 0.000000 27.173913
v 125.000000 0.000000 38.043478
v 125.000000 0.000000 48.913043
v 125.000000 0.000000 59.782609
v 125.000000 0.000000 70.652174
v 125.000000 0.000000 81.521739
v 125.000000 0.000000 92.391304
v 125.000000 0.000000 103.260870
v 125.000000 0.000000 114.130435
v 125.000000 0.000000 125.000000
v 21.500000 -10.000000 125.000000
v 31.850000 -10.000000 125.000000
v 42.200000 -10.000000 125.000000
v 52.550000 -10.000000 125.000000
v 62.900000 -10.000000 125.000000
v 73.250000 -10.000000 125.000000
v 83.600000 -10.000000 125.000000
v 93.950000 -10.000000 125.000000
v 104.300000 -10.000000 125.000000
v 114.650000 -10.000000 125.000000
v 114.650000 0.000000 125.000000
v 104.300000 0.000000 125.000000
v 93.950000 0.000000 125.000000
v 83.600000 0.000000 125.000000
v 73.250000 0.000000 125.000000
v 62.900000 0.000000 125.000000
v 52.550000 0.000000 125.000000
v 42.200000 0.000000 125.000000
v 31.850000 0.000000 125.000000
v 21.500000 0.000000 125.000000
v 21.500000 -10.000000 98.500000
v 21.500000 -10.000000 107.333333
v 21.500000 -10.000000 116.166667
v 21.500000 0.000000 116.166667
v 21.500000 0.000000 107.333333
v 21.500000 0.000000 98.500000
v -2.500000 -10.000000 98.500000
v 5.500000 -10.000000 98.500000
v 13.500000 -10.000000 98.500000
v 13.500000 0.000000 98.500000
v 5.500000 0.000000 98.500000
v -2.500000 0.000000 98.500000
v -2.500000 -10.000000 79.166667
v -2.500000 -10.000000 88.833333
v -2.500000 0.000000 88.833333
v -2.500000 0.000000 79.166667
v 71.875000 0.000000 68.181818
v 71.875000 0.000000 56.818182
v 114.375000 0.000000 -22.727273
v 103.750000 0.000000 -22.727273
v 29.375000 0.000000 22.727273
v 40.000000 0.000000 22.727273
v 29.375000 -10.000000 22.727273
v 40.000000 -10.000000 22.727273
v 103.750000 -10.000000 -22.727273
v 114.375000 -10.000000 -22.727273
v 71.875000 -10.000000 56.818182
v 71.875000 -10.000000 68.181818
vt 0.000000 0.000000 0.000000
vt 8.000000 0.000000 0.000000
vt 0.000000 10.000000 0.000000
vt 8.000000 10.000000 0.000000
vt 16.000000 0.000000 0.000000
vt 16.000000 10.000000 0.000000
vt 24.000000 0.000000 0.000000
vt 24.000000 10.000000 0.000000
vt 0.000000 0.000000 0.000000
vt 9.600000 0.000000 0.000000
vt 0.000000 10.000000 0.000000
vt 9.600000 10.000000 0.000000
vt 19.200000 0.000000 0.000000
vt 19.200000 10.000000 0.000000
vt 28.800000 0.000000 0.000000
vt 28.800000 10.000000 0.000000
vt 38.400000 0.000000 0.000000
vt 38.400000 10.000000 0.000000
vt 48.000000 0.000000 0.000000
vt 48.000000 10.000000 0.000000
vt 0.000000 0.000000 0.000000
vt 9.666667 0.000000 0.000000
vt 0.000000 10.000000 0.000000
vt 9.666667 10.000000 0.000000
vt 19.333333 0.000000 0.000000
vt 19.333333 10.000000 0.000000
vt 29.000000 0.000000 0.000000
vt 29.000000 10.000000 0.000000
vt -0.000000 0.000000 0.000000
vt 8.000000 0.000000 0.000000
vt -0.000000 10.000000 0.000000
vt 8.000000 10.000000 0.000000
vt 16.000000 0.000000 0.000000
vt 16.000000 10.000000 0.000000
vt 24.000000 0.000000 0.000000
vt 24.000000 10.000000 0.000000
vt 0.000000 0.000000 0.000000
vt 8.000000 0.000000 0.000000
vt 0.000000 10.000000 0.000000
vt 8.000000 10.000000 0.000000
vt 16.000000 0.000000 0.000000
vt 16.000000 10.000000 0.000000
vt 24.000000 0.000000 0.000000
vt 24.000000 10.000000 0.000000
vt -0.000000 0.000000 0.000000
vt 9.666667 0.000000 0.000000
vt -0.000000 10.000000 0.000000
vt 9.666667 10.000000 0.000000
vt 19.333333 0.000000 0.000000
vt 19.333333 10.000000 0.000000
vt 29.000000 0.000000 0.000000
vt 29.000000 10.000000 0.000000
vt 0.000000 0.000000 0.000000
vt 5.000000 0.000000 0.000000
vt 0.000000 10.000000 0.000000
vt 5.000000 10.000000 0.000000
vt 0.000000 0.000000 0.000000
vt 8.000000 0.000000 0.000000
vt 0.000000 10.000000 0.000000
vt 8.000000 10.000000 0.000000
vt 16.000000 0.000000 0.000000
vt 16.000000 10.000000 0.000000
vt 24.000000 0.000000 0.000000
vt 24.000000 10.000000 0.000000
vt 0.000000 0.000000 0.000000
vt 8.000000 0.000000 0.000000
vt 0.000000 10.000000 0.000000
vt 8.000000 10.000000 0.000000
vt 16.000000 0.000000 0.000000
vt 16.000000 10.000000 0.000000
vt 24.000000 0.000000 0.000000
vt 24.000000 10.000000 0.000000
vt 0.000000 0.000000 0.000000
vt 8.000000 0.000000 0.000000
vt 0.000000 10.000000 0.000000
vt 8.000000 10.000000 0.000000
vt 16.000000 0.000000 0.000000
vt 16.000000 10.000000 0.000000
vt 24.000000 0.000000 0.000000
vt 24.000000 10.000000 0.000000
vt 0.000000 0.000000 0.000000
vt 9.500000 0.000000 0.000000
vt 0.000000 10.000000 0.000000
vt 9.500000 10.000000 0.000000
vt 19.000000 0.000000 0.000000
vt 19.000000 10.000000 0.000000
vt -0.000000 0.000000 0.000000
vt 9.600000 0.000000 0.000000
vt -0.000000 10.000000 0.000000
vt 9.600000 10.000000 0.000000
vt 19.200000 0.000000 0.000000
vt 19.200000 10.000000 0.000000
vt 28.800000 0.000000 0.000000
vt 28.800000 10.000000 0.000000
vt 38.400000 0.000000 0.000000
vt 38.400000 10.000000 0.000000
vt 48.000000 0.000000 0.000000
vt 48.000000 10.000000 0.000000
vt 0.000000 0.000000 0.000000
vt 8.000000 0.000000 0.000000
vt 0.000000 10.000000 0.000000
vt 8.000000 10.000000 0.000000
vt 16.000000 0.000000 0.000000
vt 16.000000 10.000000 0.000000
vt 24.000000 0.000000 0.000000
vt 24.000000 10.000000 0.000000
vt -0.000000 0.000000 0.000000
vt 9.500000 0.000000 0.000000
vt -0.000000 10.000000 0.000000
vt 9.500000 10.000000 0.000000
vt 19.000000 0.000000 0.000000
vt 19.000000 10.000000 0.000000
vt 0.000000 0.000000 0.000000
vt 8.000000 0.000000 0.000000
vt 0.000000 10.000000 0.000000
vt 8.000000 10.000000 0.000000
vt 16.000000 0.000000 0.000000
vt 16.000000 10.000000 0.000000
vt 24.000000 0.000000 0.000000
vt 24.000000 10.000000 0.000000
vt -0.000000 0.000000 0.000000
vt 8.833333 0.000000 0.000000
vt -0.000000 10.000000 0.000000
vt 8.833333 10.000000 0.000000
vt 17.666667 0.000000 0.000000
vt 17.666667 10.000000 0.000000
vt 26.500000 0.000000 0.000000
vt 26.500000 10.000000 0.000000
vt 0.000000 0.000000 0.000000
vt 9.500000 0.000000 0.000000
vt 0.000000 10.000000 0.000000
vt 9.500000 10.000000 0.000000
vt 19.000000 0.000000 0.000000
vt 19.000000 10.000000 0.000000
vt 0.000000 0.000000 0.000000
vt 10.100000 0.000000 0.000000
vt 0.000000 10.000000 0.000000
vt 10.100000 10.000000 0.000000
vt 20.200000 0.000000 0.000000
vt 20.200000 10.000000 0.000000
vt 30.300000 0.000000 0.000000
vt 30.300000 10.000000 0.000000
vt 40.400000 0.000000 0.000000
vt 40.400000 10.000000 0.000000
vt 50.500000 0.000000 0.000000
vt 50.500000 10.000000 0.000000
vt 0.000000 0.000000 0.000000
vt 5.000000 0.000000 0.000000
vt 0.000000 10.000000 0.000000
vt 5.000000 10.000000 0.000000
vt -0.000000 0.000000 0.000000
vt 10.100000 0.000000 0.000000
vt -0.000000 10.000000 0.000000
vt 10.100000 10.000000 0.000000
vt 20.200000 0.000000 0.000000
vt 20.200000 10.000000 0.000000
vt 30.300000 0.000000 0.000000
vt 30.300000 10.000000 0.000000
vt 40.400000 0.000000 0.000000
vt 40.400000 10.000000 0.000000
vt 50.500000 0.000000 0.000000
vt 50.500000 10.000000 0.000000
vt 0.000000 0.000000 0.000000
vt 9.928571 0.000000 0.000000
vt 0.000000 10.000000 0.000000
vt 9.928571 10.000000 0.000000
vt 19.857143 0.000000 0.000000
vt 19.857143 10.000000 0.000000
vt 29.785714 0.000000 0.000000
vt 29.785714 10.000000 0.000000
vt 39.714286 0.000000 0.000000
vt 39.714286 10.000000 0.000000
vt 49.642857 0.000000 0.000000
vt 49.642857 10.000000 0.000000
vt 59.571429 0.000000 0.000000
vt 59.571429 10.000000 0.000000
vt 69.500000 0.000000 0.000000
vt 69.500000 10.000000 0.000000
vt 0.000000 0.000000 0.000000
vt 10.884615 0.000000 0.000000
vt 0.000000 10.000000 0.000000
vt 10.884615 10.000000 0.000000
vt 21.769231 0.000000 0.000000
vt 21.769231 10.000000 0.000000
vt 32.653846 0.000000 0.000000
vt 32.653846 10.000000 0.000000
vt 43.538462 0.000000 0.000000
vt 43.538462 10.000000 0.000000
vt 54.423077 0.000000 0.000000
vt 54.423077 10.000000 0.000000
vt 65.307692 0.000000 0.000000
vt 65.307692 10.000000 0.000000
vt 76.192308 0.000000 0.000000
vt 76.192308 10.000000 0.000000
vt 87.076923 0.000000 0.000000
vt 87.076923 10.000000 0.000000
vt 97.961538 0.000000 0.000000
vt 97.961538 10.000000 0.000000
vt 108.846154 0.000000 0.000000
vt 108.846154 10.000000 0.000000
vt 119.730769 0.000000 0.000000
vt 119.730769 10.000000 0.000000
vt 130.615385 0.000000 0.000000
vt 130.615385 10.000000 0.000000
vt 141.500000 0.000000 0.000000
vt 141.500000 10.000000 0.000000
vt 0.000000 0.000000 0.000000
vt 8.833333 0.000000 0.000000
vt 0.000000 10.000000 0.000000
vt 8.833333 10.000000 0.000000
vt 17.666667 0.000000 0.000000
vt 17.666667 10.000000 0.000000
vt 26.500000 0.000000 0.000000
vt 26.500000 10.000000 0.000000
vt 0.000000 0.000000 0.000000
vt 9.666667 0.000000 0.000000
vt 0.000000 10.000000 0.000000
vt 9.666667 10.000000 0.000000
vt 19.333333 0.000000 0.000000
vt 19.333333 10.000000 0.000000
vt 29.000000 0.000000 0.000000
vt 29.000000 10.000000 0.000000
vt 0.000000 0.000000 0.000000
vt 5.000000 0.000000 0.000000
vt 0.000000 10.000000 0.000000
vt 5.000000 10.000000 0.000000
vt -0.000000 0.000000 0.000000
vt 8.000000 0.000000 0.000000
vt -0.000000 10.000000 0.000000
vt 8.000000 10.000000 0.000000
vt 16.000000 0.000000 0.000000
vt 16.000000 10.000000 0.000000
vt 24.000000 0.000000 0.000000
vt 24.000000 10.000000 0.000000
vt 0.000000 0.000000 0.000000
vt 10.750000 0.000000 0.000000
vt 0.000000 10.000000 0.000000
vt 10.750000 10.000000 0.000000
vt 21.500000 0.000000 0.000000
vt 21.500000 10.000000 0.000000
vt 0.000000 0.000000 0.000000
vt 10.388889 0.000000 0.000000
vt 0.000000 10.000000 0.000000
vt 10.388889 10.000000 0.000000
vt 20.777778 0.000000 0.000000
vt 20.777778 10.000000 0.000000
vt 31.166667 0.000000 0.000000
vt 31.166667 10.000000 0.000000
vt 41.555556 0.000000 0.000000
vt 41.555556 10.000000 0.000000
vt 51.944444 0.000000 0.000000
vt 51.944444 10.000000 0.000000
vt 62.333333 0.000000 0.000000
vt 62.333333 10.000000 0.000000
vt 72.722222 0.000000 0.000000
vt 72.722222 10.000000 0.000000
vt 83.111111 0.000000 0.000000
vt 83.111111 10.000000 0.000000
vt 93.500000 0.000000 0.000000
vt 93.500000 10.000000 0.000000
vt 0.000000 0.000000 0.000000
vt 11.136364 0.000000 0.000000
vt 0.000000 10.000000 0.000000
vt 11.136364 10.000000 0.000000
vt 22.272727 0.000000 0.000000
vt 22.272727 10.000000 0.000000
vt 33.409091 0.000000 0.000000
vt 33.409091 10.000000 0.000000
vt 44.545455 0.000000 0.000000
vt 44.545455 10.000000 0.000000
vt 55.681818 0.000000 0.000000
vt 55.681818 10.000000 0.000000
vt 66.818182 0.000000 0.000000
vt 66.818182 10.000000 0.000000
vt 77.954545 0.000000 0.000000
vt 77.954545 10.000000 0.000000
vt 89.090909 0.000000 0.000000
vt 89.090909 10.000000 0.000000
vt 100.227273 0.000000 0.000000
vt 100.227273 10.000000 0.000000
vt 111.363636 0.000000 0.000000
vt 111.363636 10.000000 0.000000
vt 122.500000 0.000000 0.000000
vt 122.500000 10.000000 0.000000
vt 0.000000 0.000000 0.000000
vt 5.000000 0.000000 0.000000
vt 0.000000 10.000000 0.000000
vt 5.000000 10.000000 0.000000
vt -0.000000 0.000000 0.000000
vt 10.625000 0.000000 0.000000
vt -0.000000 10.000000 0.000000
vt 10.625000 10.000000 0.000000
vt 21.250000 0.000000 0.000000
vt 21.250000 10.000000 0.000000
vt 31.875000 0.000000 0.000000
vt 31.875000 10.000000 0.000000
vt 42.500000 0.000000 0.000000
vt 42.500000 10.000000 0.000000
vt 53.125000 0.000000 0.000000
vt 53.125000 10.000000 0.000000
vt 63.750000 0.000000 0.000000
vt 63.750000 10.000000 0.000000
vt 74.375000 0.000000 0.000000
vt 74.375000 10.000000 0.000000
vt 85.000000 0.000000 0.000000
vt 85.000000 10.000000 0.000000
vt 95.625000 0.000000 0.000000
vt 95.625000 10.000000 0.000000
vt 106.250000 0.000000 0.000000
vt 106.250000 10.000000 0.000000
vt 116.875000 0.000000 0.000000
vt 116.875000 10.000000 0.000000
vt 127.500000 0.000000 0.000000
vt 127.500000 10.000000 0.000000
vt -0.000000 0.000000 0.000000
vt 10.869565 0.000000 0.000000
vt -0.000000 10.000000 0.000000
vt 10.869565 10.000000 0.000000
vt 21.739130 0.000000 0.000000
vt 21.739130 10.000000 0.000000
vt 32.608696 0.000000 0.000000
vt 32.608696 10.000000 0.000000
vt 43.478261 0.000000 0.000000
vt 43.478261 10.000000 0.000000
vt 54.347826 0.000000 0.000000
vt 54.347826 10.000000 0.000000
vt 65.217391 0.000000 0.000000
vt 65.217391 10.000000 0.000000
vt 76.086957 0.000000 0.000000
vt 76.086957 10.000000 0.000000
vt 86.956522 0.000000 0.000000
vt 86.956522 10.000000 0.000000
vt 97.826087 0.000000 0.000000
vt 97.826087 10.000000 0.000000
vt 108.695652 0.000000 0.000000
vt 108.695652 10.000000 0.000000
vt 119.565217 0.000000 0.000000
vt 119.565217 10.000000 0.000000
vt 130.434783 0.000000 0.000000
vt 130.434783 10.000000 0.000000
vt 141.304348 0.000000 0.000000
vt 141.304348 10.000000 0.000000
vt 152.173913 0.000000 0.000000
vt 152.173913 10.000000 0.000000
vt 163.043478 0.000000 0.000000
vt 163.043478 10.000000 0.000000
vt 173.913043 0.000000 0.000000
vt 173.913043 10.000000 0.000000
vt 184.782609 0.000000 0.000000
vt 184.782609 10.000000 0.000000
vt 195.652174 0.000000 0.000000
vt 195.652174 10.000000 0.000000
vt 206.521739 0.000000 0.000000
vt 206.521739 10.000000 0.000000
vt 217.391304 0.000000 0.000000
vt 217.391304 10.000000 0.000000
vt 228.260870 0.000000 0.000000
vt 228.260870 10.000000 0.000000
vt 239.130435 0.000000 0.000000
vt 239.130435 10.000000 0.000000
vt 250.000000 0.000000 0.000000
vt 250.000000 10.000000 0.000000
vt 0.000000 0.000000 0.000000
vt 10.350000 0.000000 0.000000
vt 0.000000 10.000000 0.000000
vt 10.350000 10.000000 0.000000
vt 20.700000 0.000000 0.000000
vt 20.700000 10.000000 0.000000
vt 31.050000 0.000000 0.000000
vt 31.050000 10.000000 0.000000
vt 41.400000 0.000000 0.000000
vt 41.400000 10.000000 0.000000
vt 51.750000 0.000000 0.000000
vt 51.750000 10.000000 0.000000
vt 62.100000 0.000000 0.000000
vt 62.100000 10.000000 0.000000
vt 72.450000 0.000000 0.000000
vt 72.450000 10.000000 0.000000
vt 82.800000 0.000000 0.000000
vt 82.800000 10.000000 0.000000
vt 93.150000 0.000000 0.000000
vt 93.150000 10.000000 0.000000
vt 103.500000 0.000000 0.000000
vt 103.500000 10.000000 0.000000
vt 0.000000 0.000000 0.000000
vt 8.833333 0.000000 0.000000
vt 0.000000 10.000000 0.000000
vt 8.833333 10.000000 0.000000
vt 17.666667 0.000000 0.000000
vt 17.666667 10.000000 0.000000
vt 26.500000 0.000000 0.000000
vt 26.500000 10.000000 0.000000
vt 0.000000 0.000000 0.000000
vt 8.000000 0.000000 0.000000
vt 0.000000 10.000000 0.000000
vt 8.000000 10.000000 0.000000
vt 16.000000 0.000000 0.000000
vt 16.000000 10.000000 0.000000
vt 24.000000 0.000000 0.000000
vt 24.000000 10.000000 0.000000
vt 0.000000 0.000000 0.000000
vt 9.666667 0.000000 0.000000
vt 0.000000 10.000000 0.000000
vt 9.666667 10.000000 0.000000
vt 19.333333 0.000000 0.000000
vt 19.333333 10.000000 0.000000
vt 29.000000 0.000000 0.000000
vt 29.000000 10.000000 0.000000
vt 69.500000 -55.750000 0.000000
vt 69.500000 -63.750000 0.000000
vt 74.500000 -58.750000 0.000000
vt 79.166667 -63.750000 0.000000
vt 84.000000 -58.750000 0.000000
vt 88.833333 -63.750000 0.000000
vt 93.500000 -58.750000 0.000000
vt 98.500000 -63.750000 0.000000
vt 98.500000 -55.750000 0.000000
vt 93.500000 -50.750000 0.000000
vt 98.500000 -47.750000 0.000000
vt 93.500000 -42.750000 0.000000
vt 98.500000 -39.750000 0.000000
vt 93.500000 -34.750000 0.000000
vt 102.333333 -34.750000 0.000000
vt 107.333333 -39.750000 0.000000
vt 111.166667 -34.750000 0.000000
vt 116.166667 -39.750000 0.000000
vt 120.000000 -34.750000 0.000000
vt 125.000000 -39.750000 0.000000
vt 125.000000 -29.400000 0.000000
vt 120.000000 -25.250000 0.000000
vt 125.000000 -19.050000 0.000000
vt 120.000000 -15.750000 0.000000
vt 125.000000 -8.700000 0.000000
vt 120.000000 -10.750000 0.000000
vt 120.000000 -0.821429 0.000000
vt 125.000000 1.650000 0.000000
vt 120.000000 9.107143 0.000000
vt 125.000000 12.000000 0.000000
vt 120.000000 19.035714 0.000000
vt 125.000000 22.350000 0.000000
vt 120.000000 28.964286 0.000000
vt 125.000000 32.700000 0.000000
vt 120.000000 38.892857 0.000000
vt 125.000000 43.050000 0.000000
vt 120.000000 48.821429 0.000000
vt 125.000000 53.400000 0.000000
vt 120.000000 58.750000 0.000000
vt 125.000000 63.750000 0.000000
vt 114.130435 63.750000 0.000000
vt 109.115385 58.750000 0.000000
vt 103.260870 63.750000 0.000000
vt 98.230769 58.750000 0.000000
vt 92.391304 63.750000 0.000000
vt 87.346154 58.750000 0.000000
vt 81.521739 63.750000 0.000000
vt 76.461538 58.750000 0.000000
vt 70.652174 63.750000 0.000000
vt 65.576923 58.750000 0.000000
vt 59.782609 63.750000 0.000000
vt 54.692308 58.750000 0.000000
vt 48.913043 63.750000 0.000000
vt 43.807692 58.750000 0.000000
vt 38.043478 63.750000 0.000000
vt 32.923077 58.750000 0.000000
vt 27.173913 63.750000 0.000000
vt 22.038462 58.750000 0.000000
vt 16.304348 63.750000 0.000000
vt 11.153846 58.750000 0.000000
vt 5.434783 63.750000 0.000000
vt 0.269231 58.750000 0.000000
vt -5.434783 63.750000 0.000000
vt -10.615385 58.750000 0.000000
vt -16.304348 63.750000 0.000000
vt -21.500000 58.750000 0.000000
vt -27.173913 63.750000 0.000000
vt -26.500000 58.750000 0.000000
vt -36.888889 58.750000 0.000000
vt -38.043478 63.750000 0.000000
vt -47.277778 58.750000 0.000000
vt -48.913043 63.750000 0.000000
vt -57.666667 58.750000 0.000000
vt -59.782609 63.750000 0.000000
vt -68.055556 58.750000 0.000000
vt -70.652174 63.750000 0.000000
vt -78.444444 58.750000 0.000000
vt -81.521739 63.750000 0.000000
vt -88.833333 58.750000 0.000000
vt -92.391304 63.750000 0.000000
vt -99.222222 58.750000 0.000000
vt -103.260870 63.750000 0.000000
vt -109.611111 58.750000 0.000000
vt -114.130435 63.750000 0.000000
vt -120.000000 58.750000 0.000000
vt -125.000000 63.750000 0.000000
vt -125.000000 53.125000 0.000000
vt -120.000000 47.613636 0.000000
vt -125.000000 42.500000 0.000000
vt -120.000000 36.477273 0.000000
vt -125.000000 31.875000 0.000000
vt -120.000000 25.340909 0.000000
vt -125.000000 21.250000 0.000000
vt -120.000000 14.204545 0.000000
vt -125.000000 10.625000 0.000000
vt -120.000000 3.068182 0.000000
vt -125.000000 0.000000 0.000000
vt -120.000000 -8.068182 0.000000
vt -125.000000 -10.625000 0.000000
vt -120.000000 -19.204545 0.000000
vt -125.000000 -21.250000 0.000000
vt -120.000000 -30.340909 0.000000
vt -125.000000 -31.875000 0.000000
vt -120.000000 -41.477273 0.000000
vt -125.000000 -42.500000 0.000000
vt -120.000000 -52.613636 0.000000
vt -125.000000 -53.125000 0.000000
vt -120.000000 -63.750000 0.000000
vt -125.000000 -63.750000 0.000000
vt -22.727273 53.125000 0.000000
vt -26.500000 48.000000 0.000000
vt -21.500000 49.916667 0.000000
vt -22.727273 42.500000 0.000000
vt -21.500000 41.083333 0.000000
vt -26.500000 37.250000 0.000000
vt -21.500000 32.250000 0.000000
vt -31.166667 32.250000 0.000000
vt -34.500000 37.250000 0.000000
vt -40.833333 32.250000 0.000000
vt -42.500000 37.250000 0.000000
vt -50.500000 32.250000 0.000000
vt -50.500000 37.250000 0.000000
vt 109.900000 -10.750000 0.000000
vt 109.900000 -15.750000 0.000000
vt 99.800000 -10.750000 0.000000
vt 99.800000 -15.750000 0.000000
vt 89.700000 -10.750000 0.000000
vt 89.700000 -15.750000 0.000000
vt 79.600000 -10.750000 0.000000
vt 79.600000 -15.750000 0.000000
vt 69.500000 -10.750000 0.000000
vt 69.500000 -15.750000 0.000000
vt 74.500000 -50.750000 0.000000
vt 69.500000 -47.750000 0.000000
vt 74.500000 -42.750000 0.000000
vt 69.500000 -39.750000 0.000000
vt 74.500000 -34.750000 0.000000
vt 64.900000 -34.750000 0.000000
vt 59.900000 -39.750000 0.000000
vt 55.300000 -34.750000 0.000000
vt 50.300000 -39.750000 0.000000
vt 45.700000 -34.750000 0.000000
vt 40.700000 -39.750000 0.000000
vt 36.100000 -34.750000 0.000000
vt 31.100000 -39.750000 0.000000
vt 26.500000 -34.750000 0.000000
vt 21.500000 -39.750000 0.000000
vt 22.727273 -31.875000 0.000000
vt 21.500000 -30.083333 0.000000
vt 26.500000 -25.250000 0.000000
vt 22.727273 -21.250000 0.000000
vt 26.500000 -15.750000 0.000000
vt 21.500000 -20.416667 0.000000
vt 21.500000 -10.750000 0.000000
vt 29.500000 -10.750000 0.000000
vt 34.500000 -15.750000 0.000000
vt 37.500000 -10.750000 0.000000
vt 42.500000 -15.750000 0.000000
vt 45.500000 -10.750000 0.000000
vt 50.500000 -15.750000 0.000000
vt 50.500000 -7.750000 0.000000
vt 45.500000 -2.750000 0.000000
vt 50.500000 0.250000 0.000000
vt 45.500000 5.250000 0.000000
vt 50.500000 8.250000 0.000000
vt 45.500000 13.250000 0.000000
vt 55.166667 13.250000 0.000000
vt 56.818182 10.625000 0.000000
vt 64.833333 13.250000 0.000000
vt 58.500000 8.250000 0.000000
vt 66.500000 8.250000 0.000000
vt 68.181818 10.625000 0.000000
vt 74.500000 8.250000 0.000000
vt 74.500000 13.250000 0.000000
vt 55.750000 -98.500000 0.000000
vt 63.750000 -98.500000 0.000000
vt 58.750000 -93.500000 0.000000
vt 63.750000 -88.833333 0.000000
vt 58.750000 -84.000000 0.000000
vt 63.750000 -79.166667 0.000000
vt 58.750000 -74.500000 0.000000
vt 63.750000 -69.500000 0.000000
vt 55.750000 -69.500000 0.000000
vt 50.750000 -74.500000 0.000000
vt 47.750000 -69.500000 0.000000
vt 42.750000 -74.500000 0.000000
vt 39.750000 -69.500000 0.000000
vt 34.750000 -74.500000 0.000000
vt 34.750000 -64.900000 0.000000
vt 39.750000 -59.900000 0.000000
vt 34.750000 -55.300000 0.000000
vt 39.750000 -50.300000 0.000000
vt 34.750000 -45.700000 0.000000
vt 39.750000 -40.700000 0.000000
vt 34.750000 -36.100000 0.000000
vt 39.750000 -31.100000 0.000000
vt 34.750000 -26.500000 0.000000
vt 39.750000 -21.500000 0.000000
vt 31.875000 -22.727273 0.000000
vt 30.083333 -21.500000 0.000000
vt 25.250000 -26.500000 0.000000
vt 21.250000 -22.727273 0.000000
vt 15.750000 -26.500000 0.000000
vt 20.416667 -21.500000 0.000000
vt 10.750000 -21.500000 0.000000
vt 10.750000 -29.500000 0.000000
vt 15.750000 -34.500000 0.000000
vt 10.750000 -37.500000 0.000000
vt 15.750000 -42.500000 0.000000
vt 10.750000 -45.500000 0.000000
vt 15.750000 -50.500000 0.000000
vt 7.750000 -50.500000 0.000000
vt 2.750000 -45.500000 0.000000
vt -0.250000 -50.500000 0.000000
vt -5.250000 -45.500000 0.000000
vt -8.250000 -50.500000 0.000000
vt -13.250000 -45.500000 0.000000
vt -13.250000 -55.166667 0.000000
vt -10.625000 -56.818182 0.000000
vt -13.250000 -64.833333 0.000000
vt -8.250000 -58.500000 0.000000
vt -8.250000 -66.500000 0.000000
vt -10.625000 -68.181818 0.000000
vt -8.250000 -74.500000 0.000000
vt -13.250000 -74.500000 0.000000
vt 50.750000 -93.500000 0.000000
vt 47.750000 -98.500000 0.000000
vt 42.750000 -93.500000 0.000000
vt 39.750000 -98.500000 0.000000
vt 34.750000 -93.500000 0.000000
vt 34.750000 -102.333333 0.000000
vt 39.750000 -107.333333 0.000000
vt 34.750000 -111.166667 0.000000
vt 39.750000 -116.166667 0.000000
vt 34.750000 -120.000000 0.000000
vt 39.750000 -125.000000 0.000000
vt 29.400000 -125.000000 0.000000
vt 25.250000 -120.000000 0.000000
vt 19.050000 -125.000000 0.000000
vt 15.750000 -120.000000 0.000000
vt 8.700000 -125.000000 0.000000
vt 10.750000 -120.000000 0.000000
vt 0.821429 -120.000000 0.000000
vt 15.750000 -109.900000 0.000000
vt 10.750000 -109.900000 0.000000
vt 15.750000 -99.800000 0.000000
vt 10.750000 -99.800000 0.000000
vt 15.750000 -89.700000 0.000000
vt 10.750000 -89.700000 0.000000
vt 10.750000 -79.600000 0.000000
vt 15.750000 -79.600000 0.000000
vt 10.750000 -69.500000 0.000000
vt 15.750000 -69.500000 0.000000
vt -1.650000 -125.000000 0.000000
vt -9.107143 -120.000000 0.000000
vt -12.000000 -125.000000 0.000000
vt -19.035714 -120.000000 0.000000
vt -22.350000 -125.000000 0.000000
vt -28.964286 -120.000000 0.000000
vt -32.700000 -125.000000 0.000000
vt -38.892857 -120.000000 0.000000
vt -43.050000 -125.000000 0.000000
vt -48.821429 -120.000000 0.000000
vt -53.400000 -125.000000 0.000000
vt -58.750000 -120.000000 0.000000
vt -63.750000 -125.000000 0.000000
vt -63.750000 -114.130435 0.000000
vt -58.750000 -109.115385 0.000000
vt -63.750000 -103.260870 0.000000
vt -58.750000 -98.230769 0.000000
vt -63.750000 -92.391304 0.000000
vt -58.750000 -87.346154 0.000000
vt -63.750000 -81.521739 0.000000
vt -58.750000 -76.461538 0.000000
vt -63.750000 -70.652174 0.000000
vt -58.750000 -65.576923 0.000000
vt -63.750000 -59.782609 0.000000
vt -58.750000 -54.692308 0.000000
vt -63.750000 -48.913043 0.000000
vt -58.750000 -43.807692 0.000000
vt -63.750000 -38.043478 0.000000
vt -58.750000 -32.923077 0.000000
vt -63.750000 -27.173913 0.000000
vt -58.750000 -22.038462 0.000000
vt -63.750000 -16.304348 0.000000
vt -58.750000 -11.153846 0.000000
vt -63.750000 -5.434783 0.000000
vt -58.750000 -0.269231 0.000000
vt -63.750000 5.434783 0.000000
vt -58.750000 10.615385 0.000000
vt -63.750000 16.304348 0.000000
vt -58.750000 21.500000 0.000000
vt -63.750000 27.173913 0.000000
vt -58.750000 26.500000 0.000000
vt -58.750000 36.888889 0.000000
vt -53.125000 22.727273 0.000000
vt -49.916667 21.500000 0.000000
vt -48.000000 26.500000 0.000000
vt -42.500000 22.727273 0.000000
vt -37.250000 26.500000 0.000000
vt -41.083333 21.500000 0.000000
vt -32.250000 21.500000 0.000000
vt -32.250000 31.166667 0.000000
vt -37.250000 34.500000 0.000000
vt -32.250000 40.833333 0.000000
vt -37.250000 42.500000 0.000000
vt -32.250000 50.500000 0.000000
vt -37.250000 50.500000 0.000000
vt -63.750000 38.043478 0.000000
vt -58.750000 47.277778 0.000000
vt -63.750000 48.913043 0.000000
vt -58.750000 57.666667 0.000000
vt -63.750000 59.782609 0.000000
vt -58.750000 68.055556 0.000000
vt -63.750000 70.652174 0.000000
vt -58.750000 78.444444 0.000000
vt -63.750000 81.521739 0.000000
vt -58.750000 88.833333 0.000000
vt -63.750000 92.391304 0.000000
vt -58.750000 99.222222 0.000000
vt -63.750000 103.260870 0.000000
vt -58.750000 109.611111 0.000000
vt -63.750000 114.130435 0.000000
vt -58.750000 120.000000 0.000000
vt -63.750000 125.000000 0.000000
vt -53.125000 125.000000 0.000000
vt -47.613636 120.000000 0.000000
vt -42.500000 125.000000 0.000000
vt -36.477273 120.000000 0.000000
vt -31.875000 125.000000 0.000000
vt -25.340909 120.000000 0.000000
vt -21.250000 125.000000 0.000000
vt -14.204545 120.000000 0.000000
vt -10.625000 125.000000 0.000000
vt -3.068182 120.000000 0.000000
vt -0.000000 125.000000 0.000000
vt 8.068182 120.000000 0.000000
vt 10.625000 125.000000 0.000000
vt 19.204545 120.000000 0.000000
vt 21.250000 125.000000 0.000000
vt 30.340909 120.000000 0.000000
vt 31.875000 125.000000 0.000000
vt 41.477273 120.000000 0.000000
vt 42.500000 125.000000 0.000000
vt 52.613636 120.000000 0.000000
vt 53.125000 125.000000 0.000000
vt 63.750000 120.000000 0.000000
vt 63.750000 125.000000 0.000000
vn 0.000000 0.000000 -1.000000
vn 0.000000 0.000000 -1.000000
vn 0.000000 0.000000 -1.000000
vn 0.000000 0.000000 -1.000000
vn 0.000000 0.000000 -1.000000
vn 0.000000 0.000000 -1.000000
vn 0.000000 0.000000 -1.000000
vn 0.000000 0.000000 -1.000000
vn -1.000000 0.000000 0.000000
vn -1.000000 0.000000 0.000000
vn -1.000000 0.000000 0.000000
vn -1.000000 0.000000 0.000000
vn -1.000000 0.000000 0.000000
vn -1.000000 0.000000 0.000000
vn -1.000000 0.000000 0.000000
vn -1.000000 0.000000 0.000000
vn -1.000000 0.000000 0.000000
vn -1.000000 0.000000 0.000000
vn -1.000000 0.000000 0.000000
vn -1.000000 0.000000 0.000000
vn 0.000000 0.000000 -1.000000
vn 0.000000 0.000000 -1.000000
vn 0.000000 0.000000 -1.000000
vn 0.000000 0.000000 -1.000000
vn 0.000000 0.000000 -1.000000
vn 0.000000 0.000000 -1.000000
vn 0.000000 0.000000 -1.000000
vn 0.000000 0.000000 -1.000000
vn 1.000000 0.000000 0.000000
vn 1.000000 0.000000 0.000000
vn 1.000000 0.000000 0.000000
vn 1.000000 0.000000 0.000000
vn 1.000000 0.000000 0.000000
vn 1.000000 0.000000 0.000000
vn 1.000000 0.000000 0.000000
vn 1.000000 0.000000 0.000000
vn 0.000000 0.000000 -1.000000
vn 0.000000 0.000000 -1.000000
vn 0.000000 0.000000 -1.000000
vn 0.000000 0.000000 -1.000000
vn 0.000000 0.000000 -1.000000
vn 0.000000 0.000000 -1.000000
vn 0.000000 0.000000 -1.000000
vn 0.000000 0.000000 -1.000000
vn 1.000000 0.000000 0.000000
vn 1.000000 0.000000 0.000000
vn 1.000000 0.000000 0.000000
vn 1.000000 0.000000 0.000000
vn 1.000000 0.000000 0.000000
vn 1.000000 0.000000 0.000000
vn 1.000000 0.000000 0.000000
vn 1.000000 0.000000 0.000000
vn 0.000000 0.000000 1.000000
vn 0.000000 0.000000 1.000000
vn 0.000000 0.000000 1.000000
vn 0.000000 0.000000 1.000000
vn -1.000000 0.000000 0.000000
vn -1.000000 0.000000 0.000000
vn -1.000000 0.000000 0.000000
vn -1.000000 0.000000 0.000000
vn -1.000000 0.000000 0.000000
vn -1.000000 0.000000 0.000000
vn -1.000000 0.000000 0.000000
vn -1.000000 0.000000 0.000000
vn 0.000000 0.000000 1.000000
vn 0.000000 0.000000 1.000000
vn 0.000000 0.000000 1.000000
vn 0.000000 0.000000 1.000000
vn 0.000000 0.000000 1.000000
vn 0.000000 0.000000 1.000000
vn 0.000000 0.000000 1.000000
vn 0.000000 0.000000 1.000000
vn -1.000000 0.000000 0.000000
vn -1.000000 0.000000 0.000000
vn -1.000000 0.000000 0.000000
vn -1.000000 0.000000 0.000000
vn -1.000000 0.000000 0.000000
vn -1.000000 0.000000 0.000000
vn -1.000000 0.000000 0.000000
vn -1.000000 0.000000 0.000000
vn 0.000000 0.000000 1.000000
vn 0.000000 0.000000 1.000000
vn 0.000000 0.000000 1.000000
vn 0.000000 0.000000 1.000000
vn 0.000000 0.000000 1.000000
vn 0.000000 0.000000 1.000000
vn 1.000000 0.000000 0.000000
vn 1.000000 0.000000 0.000000
vn 1.000000 0.000000 0.000000
vn 1.000000 0.000000 0.000000
vn 1.000000 0.000000 0.000000
vn 1.000000 0.000000 0.000000
vn 1.000000 0.000000 0.000000
vn 1.000000 0.000000 0.000000
vn 1.000000 0.000000 0.000000
vn 1.000000 0.000000 0.000000
vn 1.000000 0.000000 0.000000
vn 1.000000 0.000000 0.000000
vn 0.000000 0.000000 1.000000
vn 0.000000 0.000000 1.000000
vn 0.000000 0.000000 1.000000
vn 0.000000 0.000000 1.000000
vn 0.000000 0.000000 1.000000
vn 0.000000 0.000000 1.000000
vn 0.000000 0.000000 1.000000
vn 0.000000 0.000000 1.000000
vn 1.000000 0.000000 0.000000
vn 1.000000 0.000000 0.000000
vn 1.000000 0.000000 0.000000
vn 1.000000 0.000000 0.000000
vn 1.000000 0.000000 0.000000
vn 1.000000 0.000000 0.000000
vn 0.000000 0.000000 -1.000000
vn 0.000000 0.000000 -1.000000
vn 0.000000 0.000000 -1.000000
vn 0.000000 0.000000 -1.000000
vn 0.000000 0.000000 -1.000000
vn 0.000000 0.000000 -1.000000
vn 0.000000 0.000000 -1.000000
vn 0.000000 0.000000 -1.000000
vn 1.000000 0.000000 0.000000
vn 1.000000 0.000000 0.000000
vn 1.000000 0.000000 0.000000
vn 1.000000 0.000000 0.000000
vn 1.000000 0.000000 0.000000
vn 1.000000 0.000000 0.000000
vn 1.000000 0.000000 0.000000
vn 1.000000 0.000000 0.000000
vn 0.000000 0.000000 -1.000000
vn 0.000000 0.000000 -1.000000
vn 0.000000 0.000000 -1.000000
vn 0.000000 0.000000 -1.000000
vn 0.000000 0.000000 -1.000000
vn 0.000000 0.000000 -1.000000
vn -1.000000 0.000000 0.000000
vn -1.000000 0.000000 0.000000
vn -1.000000 0.000000 0.000000
vn -1.000000 0.000000 0.000000
vn -1.000000 0.000000 0.000000
vn -1.000000 0.000000 0.000000
vn -1.000000 0.000000 0.000000
vn -1.000000 0.000000 0.000000
vn -1.000000 0.000000 0.000000
vn -1.000000 0.000000 0.000000
vn -1.000000 0.000000 0.000000
vn -1.000000 0.000000 0.000000
vn 0.000000 0.000000 -1.000000
vn 0.000000 0.000000 -1.000000
vn 0.000000 0.000000 -1.000000
vn 0.000000 0.000000 -1.000000
vn 1.000000 0.000000 0.000000
vn 1.000000 0.000000 0.000000
vn 1.000000 0.000000 0.000000
vn 1.000000 0.000000 0.000000
vn 1.000000 0.000000 0.000000
vn 1.000000 0.000000 0.000000
vn 1.000000 0.000000 0.000000
vn 1.000000 0.000000 0.000000
vn 1.000000 0.000000 0.000000
vn 1.000000 0.000000 0.000000
vn 1.000000 0.000000 0.000000
vn 1.000000 0.000000 0.000000
vn 0.000000 0.000000 -1.000000
vn 0.000000 0.000000 -1.000000
vn 0.000000 0.000000 -1.000000
vn 0.000000 0.000000 -1.000000
vn 0.000000 0.000000 -1.000000
vn 0.000000 0.000000 -1.000000
vn 0.000000 0.000000 -1.000000
vn 0.000000 0.000000 -1.000000
vn 0.000000 0.000000 -1.000000
vn 0.000000 0.000000 -1.000000
vn 0.000000 0.000000 -1.000000
vn 0.000000 0.000000 -1.000000
vn 0.000000 0.000000 -1.000000
vn 0.000000 0.000000 -1.000000
vn 0.000000 0.000000 -1.000000
vn 0.000000 0.000000 -1.000000
vn -1.000000 0.000000 0.000000
vn -1.000000 0.000000 0.000000
vn -1.000000 0.000000 0.000000
vn -1.000000 0.000000 0.000000
vn -1.000000 0.000000 0.000000
vn -1.000000 0.000000 0.000000
vn -1.000000 0.000000 0.000000
vn -1.000000 0.000000 0.000000
vn -1.000000 0.000000 0.000000
vn -1.000000 0.000000 0.000000
vn -1.000000 0.000000 0.000000
vn -1.000000 0.000000 0.000000
vn -1.000000 0.000000 0.000000
vn -1.000000 0.000000 0.000000
vn -1.000000 0.000000 0.000000
vn -1.000000 0.000000 0.000000
vn -1.000000 0.000000 0.000000
vn -1.000000 0.000000 0.000000
vn -1.000000 0.000000 0.000000
vn -1.000000 0.000000 0.000000
vn -1.000000 0.000000 0.000000
vn -1.000000 0.000000 0.000000
vn -1.000000 0.000000 0.000000
vn -1.000000 0.000000 0.000000
vn -1.000000 0.000000 0.000000
vn -1.000000 0.000000 0.000000
vn -1.000000 0.000000 0.000000
vn -1.000000 0.000000 0.000000
vn 0.000000 0.000000 1.000000
vn 0.000000 0.000000 1.000000
vn 0.000000 0.000000 1.000000
vn 0.000000 0.000000 1.000000
vn 0.000000 0.000000 1.000000
vn 0.000000 0.000000 1.000000
vn 0.000000 0.000000 1.000000
vn 0.000000 0.000000 1.000000
vn -1.000000 0.000000 0.000000
vn -1.000000 0.000000 0.000000
vn -1.000000 0.000000 0.000000
vn -1.000000 0.000000 0.000000
vn -1.000000 0.000000 0.000000
vn -1.000000 0.000000 0.000000
vn -1.000000 0.000000 0.000000
vn -1.000000 0.000000 0.000000
vn 0.000000 0.000000 -1.000000
vn 0.000000 0.000000 -1.000000
vn 0.000000 0.000000 -1.000000
vn 0.000000 0.000000 -1.000000
vn 1.000000 0.000000 0.000000
vn 1.000000 0.000000 0.000000
vn 1.000000 0.000000 0.000000
vn 1.000000 0.000000 0.000000
vn 1.000000 0.000000 0.000000
vn 1.000000 0.000000 0.000000
vn 1.000000 0.000000 0.000000
vn 1.000000 0.000000 0.000000
vn 0.000000 0.000000 -1.000000
vn 0.000000 0.000000 -1.000000
vn 0.000000 0.000000 -1.000000
vn 0.000000 0.000000 -1.000000
vn 0.000000 0.000000 -1.000000
vn 0.000000 0.000000 -1.000000
vn -1.000000 0.000000 0.000000
vn -1.000000 0.000000 0.000000
vn -1.000000 0.000000 0.000000
vn -1.000000 0.000000 0.000000
vn -1.000000 0.000000 0.000000
vn -1.000000 0.000000 0.000000
vn -1.000000 0.000000 0.000000
vn -1.000000 0.000000 0.000000
vn -1.000000 0.000000 0.000000
vn -1.000000 0.000000 0.000000
vn -1.000000 0.000000 0.000000
vn -1.000000 0.000000 0.000000
vn -1.000000 0.000000 0.000000
vn -1.000000 0.000000 0.000000
vn -1.000000 0.000000 0.000000
vn -1.000000 0.000000 0.000000
vn -1.000000 0.000000 0.000000
vn -1.000000 0.000000 0.000000
vn -1.000000 0.000000 0.000000
vn -1.000000 0.000000 0.000000
vn 0.000000 0.000000 1.000000
vn 0.000000 0.000000 1.000000
vn 0.000000 0.000000 1.000000
vn 0.000000 0.000000 1.000000
vn 0.000000 0.000000 1.000000
vn 0.000000 0.000000 1.000000
vn 0.000000 0.000000 1.000000
vn 0.000000 0.000000 1.000000
vn 0.000000 0.000000 1.000000
vn 0.000000 0.000000 1.000000
vn 0.000000 0.000000 1.000000
vn 0.000000 0.000000 1.000000
vn 0.000000 0.000000 1.000000
vn 0.000000 0.000000 1.000000
vn 0.000000 0.000000 1.000000
vn 0.000000 0.000000 1.000000
vn 0.000000 0.000000 1.000000
vn 0.000000 0.000000 1.000000
vn 0.000000 0.000000 1.000000
vn 0.000000 0.000000 1.000000
vn 0.000000 0.000000 1.000000
vn 0.000000 0.000000 1.000000
vn 0.000000 0.000000 1.000000
vn 0.000000 0.000000 1.000000
vn -1.000000 0.000000 0.000000
vn -1.000000 0.000000 0.000000
vn -1.000000 0.000000 0.000000
vn -1.000000 0.000000 0.000000
vn 0.000000 0.000000 -1.000000
vn 0.000000 0.000000 -1.000000
vn 0.000000 0.000000 -1.000000
vn 0.000000 0.000000 -1.000000
vn 0.000000 0.000000 -1.000000
vn 0.000000 0.000000 -1.000000
vn 0.000000 0.000000 -1.000000
vn 0.000000 0.000000 -1.000000
vn 0.000000 0.000000 -1.000000
vn 0.000000 0.000000 -1.000000
vn 0.000000 0.000000 -1.000000
vn 0.000000 0.000000 -1.000000
vn 0.000000 0.000000 -1.000000
vn 0.000000 0.000000 -1.000000
vn 0.000000 0.000000 -1.000000
vn 0.000000 0.000000 -1.000000
vn 0.000000 0.000000 -1.000000
vn 0.000000 0.000000 -1.000000
vn 0.000000 0.000000 -1.000000
vn 0.000000 0.000000 -1.000000
vn 0.000000 0.000000 -1.000000
vn 0.000000 0.000000 -1.000000
vn 0.000000 0.000000 -1.000000
vn 0.000000 0.000000 -1.000000
vn 0.000000 0.000000 -1.000000
vn 0.000000 0.000000 -1.000000
vn 1.000000 0.000000 0.000000
vn 1.000000 0.000000 0.000000
vn 1.000000 0.000000 0.000000
vn 1.000000 0.000000 0.000000
vn 1.000000 0.000000 0.000000
vn 1.000000 0.000000 0.000000
vn 1.000000 0.000000 0.000000
vn 1.000000 0.000000 0.000000
vn 1.000000 0.000000 0.000000
vn 1.000000 0.000000 0.000000
vn 1.000000 0.000000 0.000000
vn 1.000000 0.000000 0.000000
vn 1.000000 0.000000 0.000000
vn 1.000000 0.000000 0.000000
vn 1.000000 0.000000 0.000000
vn 1.000000 0.000000 0.000000
vn 1.000000 0.000000 0.000000
vn 1.000000 0.000000 0.000000
vn 1.000000 0.000000 0.000000
vn 1.000000 0.000000 0.000000
vn 1.000000 0.000000 0.000000
vn 1.000000 0.000000 0.000000
vn 1.000000 0.000000 0.000000
vn 1.000000 0.000000 0.000000
vn 1.000000 0.000000 0.000000
vn 1.000000 0.000000 0.000000
vn 1.000000 0.000000 0.000000
vn 1.000000 0.000000 0.000000
vn 1.000000 0.000000 0.000000
vn 1.000000 0.000000 0.000000
vn 1.000000 0.000000 0.000000
vn 1.000000 0.000000 0.000000
vn 1.000000 0.000000 0.000000
vn 1.000000 0.000000 0.000000
vn 1.000000 0.000000 0.000000
vn 1.000000 0.000000 0.000000
vn 1.000000 0.000000 0.000000
vn 1.000000 0.000000 0.000000
vn 1.000000 0.000000 0.000000
vn 1.000000 0.000000 0.000000
vn 1.000000 0.000000 0.000000
vn 1.000000 0.000000 0.000000
vn 1.000000 0.000000 0.000000
vn 1.000000 0.000000 0.000000
vn 1.000000 0.000000 0.000000
vn 1.000000 0.000000 0.000000
vn 1.000000 0.000000 0.000000
vn 1.000000 0.000000 0.000000
vn 0.000000 0.000000 1.000000
vn 0.000000 0.000000 1.000000
vn 0.000000 0.000000 1.000000
vn 0.000000 0.000000 1.000000
vn 0.000000 0.000000 1.000000
vn 0.000000 0.000000 1.000000
vn 0.000000 0.000000 1.000000
vn 0.000000 0.000000 1.000000
vn 0.000000 0.000000 1.000000
vn 0.000000 0.000000 1.000000
vn 0.000000 0.000000 1.000000
vn 0.000000 0.000000 1.000000
vn 0.000000 0.000000 1.000000
vn 0.000000 0.000000 1.000000
vn 0.000000 0.000000 1.000000
vn 0.000000 0.000000 1.000000
vn 0.000000 0.000000 1.000000
vn 0.000000 0.000000 1.000000
vn 0.000000 0.000000 1.000000
vn 0.000000 0.000000 1.000000
vn 0.000000 0.000000 1.000000
vn 0.000000 0.000000 1.000000
vn -1.000000 0.000000 0.000000
vn -1.000000 0.000000 0.000000
vn -1.000000 0.000000 0.000000
vn -1.000000 0.000000 0.000000
vn -1.000000 0.000000 0.000000
vn -1.000000 0.000000 0.000000
vn -1.000000 0.000000 0.000000
vn -1.000000 0.000000 0.000000
vn 0.000000 0.000000 1.000000
vn 0.000000 0.000000 1.000000
vn 0.000000 0.000000 1.000000
vn 0.000000 0.000000 1.000000
vn 0.000000 0.000000 1.000000
vn 0.000000 0.000000 1.000000
vn 0.000000 0.000000 1.000000
vn 0.000000 0.000000 1.000000
vn -1.000000 0.000000 0.000000
vn -1.000000 0.000000 0.000000
vn -1.000000 0.000000 0.000000
vn -1.000000 0.000000 0.000000
vn -1.000000 0.000000 0.000000
vn -1.000000 0.000000 0.000000
vn -1.000000 0.000000 0.000000
vn -1.000000 0.000000 0.000000
vn 0.000000 1.000000 0.000000
vn 0.000000 1.000000 0.000000
vn 0.000000 1.000000 0.000000
vn 0.000000 1.000000 0.000000
vn 0.000000 1.000000 0.000000
vn 0.000000 1.000000 0.000000
vn 0.000000 1.000000 0.000000
vn 0.000000 1.000000 0.000000
vn 0.000000 1.000000 0.000000
vn 0.000000 1.000000 0.000000
vn 0.000000 1.000000 0.000000
vn 0.000000 1.000000 0.000000
vn 0.000000 1.000000 0.000000
vn 0.000000 1.000000 0.000000
vn 0.000000 1.000000 0.000000
vn 0.000000 1.000000 0.000000
vn 0.000000 1.000000 0.000000
vn 0.000000 1.000000 0.000000
vn 0.000000 1.000000 0.000000
vn 0.000000 1.000000 0.000000
vn 0.000000 1.000000 0.000000
vn 0.000000 1.000000 0.000000
vn 0.000000 1.000000 0.000000
vn 0.000000 1.000000 0.000000
vn 0.000000 1.000000 0.000000
vn 0.000000 1.000000 0.000000
vn 0.000000 1.000000 0.000000
vn 0.000000 1.000000 0.000000
vn 0.000000 1.000000 0.000000
vn 0.000000 1.000000 0.000000
vn 0.000000 1.000000 0.000000
vn 0.000000 1.000000 0.000000
vn 0.000000 1.000000 0.000000
vn 0.000000 1.000000 0.000000
vn 0.000000 1.000000 0.000000
vn 0.000000 1.000000 0.000000
vn 0.000000 1.000000 0.000000
vn 0.000000 1.000000 0.000000
vn 0.000000 1.000000 0.000000
vn 0.000000 1.000000 0.000000
vn 0.000000 1.000000 0.000000
vn 0.000000 1.000000 0.000000
vn 0.000000 1.000000 0.000000
vn 0.000000 1.000000 0.000000
vn 0.000000 1.000000 0.000000
vn 0.000000 1.000000 0.000000
vn 0.000000 1.000000 0.000000
vn 0.000000 1.000000 0.000000
vn 0.000000 1.000000 0.000000
vn 0.000000 1.000000 0.000000
vn 0.000000 1.000000 0.000000
vn 0.000000 1.000000 0.000000
vn 0.000000 1.000000 0.000000
vn 0.000000 1.000000 0.000000
vn 0.000000 1.000000 0.000000
vn 0.000000 1.000000 0.000000
vn 0.000000 1.000000 0.000000
vn 0.000000 1.000000 0.000000
vn 0.000000 1.000000 0.000000
vn 0.000000 1.000000 0.000000
vn 0.000000 1.000000 0.000000
vn 0.000000 1.000000 0.000000
vn 0.000000 1.000000 0.000000
vn 0.000000 1.000000 0.000000
vn 0.000000 1.000000 0.000000
vn 0.000000 1.000000 0.000000
vn 0.000000 1.000000 0.000000
vn 0.000000 1.000000 0.000000
vn 0.000000 1.000000 0.000000
vn 0.000000 1.000000 0.000000
vn 0.000000 1.000000 0.000000
vn 0.000000 1.000000 0.000000
vn 0.000000 1.000000 0.000000
vn 0.000000 1.000000 0.000000
vn 0.000000 1.000000 0.000000
vn 0.000000 1.000000 0.000000
vn 0.000000 1.000000 0.000000
vn 0.000000 1.000000 0.000000
vn 0.000000 1.000000 0.000000
vn 0.000000 1.000000 0.000000
vn 0.000000 1.000000 0.000000
vn 0.000000 1.000000 0.000000
vn 0.000000 1.000000 0.000000
vn 0.000000 1.000000 0.000000
vn 0.000000 1.000000 0.000000
vn 0.000000 1.000000 0.000000
vn 0.000000 1.000000 0.000000
vn 0.000000 1.000000 0.000000
vn 0.000000 1.000000 0.000000
vn 0.000000 1.000000 0.000000
vn 0.000000 1.000000 0.000000
vn 0.000000 1.000000 0.000000
vn 0.000000 1.000000 0.000000
vn 0.000000 1.000000 0.000000
vn 0.000000 1.000000 0.000000
vn 0.000000 1.000000 0.000000
vn 0.000000 1.000000 0.000000
vn 0.000000 1.000000 0.000000
vn 0.000000 1.000000 0.000000
vn 0.000000 1.000000 0.000000
vn 0.000000 1.000000 0.000000
vn 0.000000 1.000000 0.000000
vn 0.000000 1.000000 0.000000
vn 0.000000 1.000000 0.000000
vn 0.000000 1.000000 0.000000
vn 0.000000 1.000000 0.000000
vn 0.000000 1.000000 0.000000
vn 0.000000 1.000000 0.000000
vn 0.000000 1.000000 0.000000
vn 0.000000 1.000000 0.000000
vn 0.000000 1.000000 0.000000
vn 0.000000 1.000000 0.000000
vn 0.000000 1.000000 0.000000
vn 0.000000 1.000000 0.000000
vn 0.000000 1.000000 0.000000
vn 0.000000 1.000000 0.000000
vn 0.000000 1.000000 0.000000
vn 0.000000 1.000000 0.000000
vn 0.000000 1.000000 0.000000
vn 0.000000 1.000000 0.000000
vn 0.000000 1.000000 0.000000
vn 0.000000 1.000000 0.000000
vn 0.000000 1.000000 0.000000
vn 0.000000 1.000000 0.000000
vn 0.000000 1.000000 0.000000
vn 0.000000 1.000000 0.000000
vn 0.000000 1.000000 0.000000
vn 0.000000 1.000000 0.000000
vn 0.000000 1.000000 0.000000
vn 0.000000 1.000000 0.000000
vn 0.000000 1.000000 0.000000
vn 0.000000 1.000000 0.000000
vn 0.000000 1.000000 0.000000
vn 0.000000 1.000000 0.000000
vn 0.000000 1.000000 0.000000
vn 0.000000 1.000000 0.000000
vn 0.000000 1.000000 0.000000
vn 0.000000 1.000000 0.000000
vn 0.000000 1.000000 0.000000
vn 0.000000 1.000000 0.000000
vn 0.000000 1.000000 0.000000
vn 0.000000 1.000000 0.000000
vn 0.000000 1.000000 0.000000
vn 0.000000 1.000000 0.000000
vn 0.000000 1.000000 0.000000
vn 0.000000 1.000000 0.000000
vn 0.000000 1.000000 0.000000
vn 0.000000 1.000000 0.000000
vn 0.000000 1.000000 0.000000
vn 0.000000 1.000000 0.000000
vn 0.000000 1.000000 0.000000
vn 0.000000 1.000000 0.000000
vn 0.000000 1.000000 0.000000
vn 0.000000 1.000000 0.000000
vn 0.000000 1.000000 0.000000
vn 0.000000 1.000000 0.000000
vn 0.000000 1.000000 0.000000
vn 0.000000 1.000000 0.000000
vn 0.000000 1.000000 0.000000
vn 0.000000 1.000000 0.000000
vn 0.000000 1.000000 0.000000
vn 0.000000 1.000000 0.000000
vn 0.000000 1.000000 0.000000
vn 0.000000 1.000000 0.000000
vn 0.000000 1.000000 0.000000
vn 0.000000 1.000000 0.000000
vn 0.000000 1.000000 0.000000
vn 0.000000 1.000000 0.000000
vn 0.000000 1.000000 0.000000
vn 0.000000 1.000000 0.000000
vn 0.000000 1.000000 0.000000
vn 0.000000 1.000000 0.000000
vn 0.000000 1.000000 0.000000
vn 0.000000 1.000000 0.000000
vn -0.000000 -1.000000 -0.000000
vn -0.000000 -1.000000 -0.000000
vn -0.000000 -1.000000 -0.000000
vn -0.000000 -1.000000 -0.000000
vn -0.000000 -1.000000 -0.000000
vn -0.000000 -1.000000 -0.000000
vn -0.000000 -1.000000 -0.000000
vn -0.000000 -1.000000 -0.000000
vn -0.000000 -1.000000 -0.000000
vn -0.000000 -1.000000 -0.000000
vn -0.000000 -1.000000 -0.000000
vn -0.000000 -1.000000 -0.000000
vn -0.000000 -1.000000 -0.000000
vn -0.000000 -1.000000 -0.000000
vn -0.000000 -1.000000 -0.000000
vn -0.000000 -1.000000 -0.000000
vn -0.000000 -1.000000 -0.000000
vn -0.000000 -1.000000 -0.000000
vn -0.000000 -1.000000 -0.000000
vn -0.000000 -1.000000 -0.000000
vn -0.000000 -1.000000 -0.000000
vn -0.000000 -1.000000 -0.000000
vn -0.000000 -1.000000 -0.000000
vn -0.000000 -1.000000 -0.000000
vn -0.000000 -1.000000 -0.000000
vn -0.000000 -1.000000 -0.000000
vn -0.000000 -1.000000 -0.000000
vn -0.000000 -1.000000 -0.000000
vn -0.000000 -1.000000 -0.000000
vn -0.000000 -1.000000 -0.000000
vn -0.000000 -1.000000 -0.000000
vn -0.000000 -1.000000 -0.000000
vn -0.000000 -1.000000 -0.000000
vn -0.000000 -1.000000 -0.000000
vn -0.000000 -1.000000 -0.000000
vn -0.000000 -1.000000 -0.000000
vn -0.000000 -1.000000 -0.000000
vn -0.000000 -1.000000 -0.000000
vn -0.000000 -1.000000 -0.000000
vn -0.000000 -1.000000 -0.000000
vn -0.000000 -1.000000 -0.000000
vn -0.000000 -1.000000 -0.000000
vn -0.000000 -1.000000 -0.000000
vn -0.000000 -1.000000 -0.000000
vn -0.000000 -1.000000 -0.000000
vn -0.000000 -1.000000 -0.000000
vn -0.000000 -1.000000 -0.000000
vn -0.000000 -1.000000 -0.000000
vn -0.000000 -1.000000 -0.000000
vn -0.000000 -1.000000 -0.000000
vn -0.000000 -1.000000 -0.000000
vn -0.000000 -1.000000 -0.000000
vn -0.000000 -1.000000 -0.000000
vn -0.000000 -1.000000 -0.000000
vn -0.000000 -1.000000 -0.000000
vn -0.000000 -1.000000 -0.000000
vn -0.000000 -1.000000 -0.000000
vn -0.000000 -1.000000 -0.000000
vn -0.000000 -1.000000 -0.000000
vn -0.000000 -1.000000 -0.000000
vn -0.000000 -1.000000 -0.000000
vn -0.000000 -1.000000 -0.000000
vn -0.000000 -1.000000 -0.000000
vn -0.000000 -1.000000 -0.000000
vn -0.000000 -1.000000 -0.000000
vn -0.000000 -1.000000 -0.000000
vn -0.000000 -1.000000 -0.000000
vn -0.000000 -1.000000 -0.000000
vn -0.000000 -1.000000 -0.000000
vn -0.000000 -1.000000 -0.000000
vn -0.000000 -1.000000 -0.000000
vn -0.000000 -1.000000 -0.000000
vn -0.000000 -1.000000 -0.000000
vn -0.000000 -1.000000 -0.000000
vn -0.000000 -1.000000 -0.000000
vn -0.000000 -1.000000 -0.000000
vn -0.000000 -1.000000 -0.000000
vn -0.000000 -1.000000 -0.000000
vn -0.000000 -1.000000 -0.000000
vn -0.000000 -1.000000 -0.000000
vn -0.000000 -1.000000 -0.000000
vn -0.000000 -1.000000 -0.000000
vn -0.000000 -1.000000 -0.000000
vn -0.000000 -1.000000 -0.000000
vn -0.000000 -1.000000 -0.000000
vn -0.000000 -1.000000 -0.000000
vn -0.000000 -1.000000 -0.000000
vn -0.000000 -1.000000 -0.000000
vn -0.000000 -1.000000 -0.000000
vn -0.000000 -1.000000 -0.000000
vn -0.000000 -1.000000 -0.000000
vn -0.000000 -1.000000 -0.000000
vn -0.000000 -1.000000 -0.000000
vn -0.000000 -1.000000 -0.000000
vn -0.000000 -1.000000 -0.000000
vn -0.000000 -1.000000 -0.000000
vn -0.000000 -1.000000 -0.000000
vn -0.000000 -1.000000 -0.000000
vn -0.000000 -1.000000 -0.000000
vn -0.000000 -1.000000 -0.000000
vn -0.000000 -1.000000 -0.000000
vn -0.000000 -1.000000 -0.000000
vn -0.000000 -1.000000 -0.000000
vn -0.000000 -1.000000 -0.000000
vn -0.000000 -1.000000 -0.000000
vn -0.000000 -1.000000 -0.000000
vn -0.000000 -1.000000 -0.000000
vn -0.000000 -1.000000 -0.000000
vn -0.000000 -1.000000 -0.000000
vn -0.000000 -1.000000 -0.000000
vn -0.000000 -1.000000 -0.000000
vn -0.000000 -1.000000 -0.000000
vn -0.000000 -1.000000 -0.000000
vn -0.000000 -1.000000 -0.000000
vn -0.000000 -1.000000 -0.000000
vn -0.000000 -1.000000 -0.000000
vn -0.000000 -1.000000 -0.000000
vn -0.000000 -1.000000 -0.000000
vn -0.000000 -1.000000 -0.000000
vn -0.000000 -1.000000 -0.000000
vn -0.000000 -1.000000 -0.000000
vn -0.000000 -1.000000 -0.000000
vn -0.000000 -1.000000 -0.000000
vn -0.000000 -1.000000 -0.000000
vn -0.000000 -1.000000 -0.000000
vn -0.000000 -1.000000 -0.000000
vn -0.000000 -1.000000 -0.000000
vn -0.000000 -1.000000 -0.000000
vn -0.000000 -1.000000 -0.000000
vn -0.000000 -1.000000 -0.000000
vn -0.000000 -1.000000 -0.000000
vn -0.000000 -1.000000 -0.000000
vn -0.000000 -1.000000 -0.000000
vn -0.000000 -1.000000 -0.000000
vn -0.000000 -1.000000 -0.000000
vn -0.000000 -1.000000 -0.000000
vn -0.000000 -1.000000 -0.000000
vn -0.000000 -1.000000 -0.000000
vn -0.000000 -1.000000 -0.000000
vn -0.000000 -1.000000 -0.000000
vn -0.000000 -1.000000 -0.000000
vn -0.000000 -1.000000 -0.000000
vn -0.000000 -1.000000 -0.000000
vn -0.000000 -1.000000 -0.000000
vn -0.000000 -1.000000 -0.000000
vn -0.000000 -1.000000 -0.000000
vn -0.000000 -1.000000 -0.000000
vn -0.000000 -1.000000 -0.000000
vn -0.000000 -1.000000 -0.000000
vn -0.000000 -1.000000 -0.000000
vn -0.000000 -1.000000 -0.000000
vn -0.000000 -1.000000 -0.000000
vn -0.000000 -1.000000 -0.000000
vn -0.000000 -1.000000 -0.000000
vn -0.000000 -1.000000 -0.000000
vn -0.000000 -1.000000 -0.000000
vn -0.000000 -1.000000 -0.000000
vn -0.000000 -1.000000 -0.000000
vn -0.000000 -1.000000 -0.000000
vn -0.000000 -1.000000 -0.000000
vn -0.000000 -1.000000 -0.000000
vn -0.000000 -1.000000 -0.000000
vn -0.000000 -1.000000 -0.000000
vn -0.000000 -1.000000 -0.000000
vn -0.000000 -1.000000 -0.000000
vn -0.000000 -1.000000 -0.000000
vn -0.000000 -1.000000 -0.000000
vn -0.000000 -1.000000 -0.000000
vn -0.000000 -1.000000 -0.000000
vn -0.000000 -1.000000 -0.000000
vn -0.000000 -1.000000 -0.000000
vn -0.000000 -1.000000 -0.000000
vn -0.000000 -1.000000 -0.000000
vn -0.000000 -1.000000 -0.000000
f 1013/2167/2167 1014/2168/2168 1020/2169/2169
f 1020/2169/2169 1014/2168/2168 1019/2170/2170
f 1019/2170/2170 1014/2168/2168 1015/2171/2171
f 1019/2170/2170 1015/2171/2171 1018/2172/2172
f 1018/2172/2172 1015/2171/2171 1016/2173/2173
f 1018/2172/2172 1016/2173/2173 1017/2174/2174
f 1021/2175/2175 1022/2176/2176 1030/2177/2177
f 1030/2177/2177 1022/2176/2176 1029/2178/2178
f 1029/2178/2178 1022/2176/2176 1023/2179/2179
f 1029/2178/2178 1023/2179/2179 1028/2180/2180
f 1028/2180/2180 1023/2179/2179 1024/2181/2181
f 1028/2180/2180 1024/2181/2181 1027/2182/2182
f 1027/2182/2182 1024/2181/2181 1025/2183/2183
f 1027/2182/2182 1025/2183/2183 1026/2184/2184
f 1026/2184/2184 1025/2183/2183 1013/2185/2185
f 1026/2184/2184 1013/2185/2185 1020/2186/2186
f 1031/2187/2187 1032/2188/2188 1036/2189/2189
f 1036/2189/2189 1032/2188/2188 1035/2190/2190
f 1035/2190/2190 1032/2188/2188 1033/2191/2191
f 1035/2190/2190 1033/2191/2191 1034/2192/2192
f 1034/2192/2192 1033/2191/2191 1021/2193/2193
f 1034/2192/2192 1021/2193/2193 1030/2194/2194
f 1037/2195/2195 1038/2196/2196 1042/2197/2197
f 1042/2197/2197 1038/2196/2196 1041/2198/2198
f 1041/2198/2198 1038/2196/2196 1039/2199/2199
f 1041/2198/2198 1039/2199/2199 1040/2200/2200
f 1040/2200/2200 1039/2199/2199 1031/2201/2201
f 1040/2200/2200 1031/2201/2201 1036/2202/2202
f 1043/2203/2203 1044/2204/2204 1048/2205/2205
f 1048/2205/2205 1044/2204/2204 1047/2206/2206
f 1047/2206/2206 1044/2204/2204 1045/2207/2207
f 1047/2206/2206 1045/2207/2207 1046/2208/2208
f 1046/2208/2208 1045/2207/2207 1037/2209/2209
f 1046/2208/2208 1037/2209/2209 1042/2210/2210
f 1049/2211/2211 1050/2212/2212 1054/2213/2213
f 1054/2213/2213 1050/2212/2212 1053/2214/2214
f 1053/2214/2214 1050/2212/2212 1051/2215/2215
f 1053/2214/2214 1051/2215/2215 1052/2216/2216
f 1052/2216/2216 1051/2215/2215 1043/2217/2217
f 1052/2216/2216 1043/2217/2217 1048/2218/2218
f 1055/2219/2219 1049/2220/2220 1056/2221/2221
f 1056/2221/2221 1049/2220/2220 1054/2222/2222
f 1057/2223/2223 1058/2224/2224 1062/2225/2225
f 1062/2225/2225 1058/2224/2224 1061/2226/2226
f 1061/2226/2226 1058/2224/2224 1059/2227/2227
f 1061/2226/2226 1059/2227/2227 1060/2228/2228
f 1060/2228/2228 1059/2227/2227 1055/2229/2229
f 1060/2228/2228 1055/2229/2229 1056/2230/2230
f 1063/2231/2231 1064/2232/2232 1068/2233/2233
f 1068/2233/2233 1064/2232/2232 1067/2234/2234
f 1067/2234/2234 1064/2232/2232 1065/2235/2235
f 1067/2234/2234 1065/2235/2235 1066/2236/2236
f 1066/2236/2236 1065/2235/2235 1057/2237/2237
f 1066/2236/2236 1057/2237/2237 1062/2238/2238
f 1069/2239/2239 1070/2240/2240 1074/2241/2241
f 1074/2241/2241 1070/2240/2240 1073/2242/2242
f 1073/2242/2242 1070/2240/2240 1071/2243/2243
f 1073/2242/2242 1071/2243/2243 1072/2244/2244
f 1072/2244/2244 1071/2243/2243 1063/2245/2245
f 1072/2244/2244 1063/2245/2245 1068/2246/2246
f 1075/2247/2247 1076/2248/2248 1078/2249/2249
f 1078/2249/2249 1076/2248/2248 1077/2250/2250
f 1077/2250/2250 1076/2248/2248 1069/2251/2251
f 1077/2250/2250 1069/2251/2251 1074/2252/2252
f 1079/2253/2253 1080/2254/2254 1088/2255/2255
f 1088/2255/2255 1080/2254/2254 1087/2256/2256
f 1087/2256/2256 1080/2254/2254 1081/2257/2257
f 1087/2256/2256 1081/2257/2257 1086/2258/2258
f 1086/2258/2258 1081/2257/2257 1082/2259/2259
f 1086/2258/2258 1082/2259/2259 1085/2260/2260
f 1085/2260/2260 1082/2259/2259 1083/2261/2261
f 1085/2260/2260 1083/2261/2261 1084/2262/2262
f 1084/2262/2262 1083/2261/2261 1075/2263/2263
f 1084/2262/2262 1075/2263/2263 1078/2264/2264
f 1089/2265/2265 1090/2266/2266 1094/2267/2267
f 1094/2267/2267 1090/2266/2266 1093/2268/2268
f 1093/2268/2268 1090/2266/2266 1091/2269/2269
f 1093/2268/2268 1091/2269/2269 1092/2270/2270
f 1092/2270/2270 1091/2269/2269 1079/2271/2271
f 1092/2270/2270 1079/2271/2271 1088/2272/2272
f 1095/2273/2273 1096/2274/2274 1098/2275/2275
f 1098/2275/2275 1096/2274/2274 1097/2276/2276
f 1097/2276/2276 1096/2274/2274 1089/2277/2277
f 1097/2276/2276 1089/2277/2277 1094/2278/2278
f 1099/2279/2279 1100/2280/2280 1104/2281/2281
f 1104/2281/2281 1100/2280/2280 1103/2282/2282
f 1103/2282/2282 1100/2280/2280 1101/2283/2283
f 1103/2282/2282 1101/2283/2283 1102/2284/2284
f 1102/2284/2284 1101/2283/2283 1095/2285/2285
f 1102/2284/2284 1095/2285/2285 1098/2286/2286
f 1105/2287/2287 1106/2288/2288 1110/2289/2289
f 1110/2289/2289 1106/2288/2288 1109/2290/2290
f 1109/2290/2290 1106/2288/2288 1107/2291/2291
f 1109/2290/2290 1107/2291/2291 1108/2292/2292
f 1108/2292/2292 1107/2291/2291 1099/2293/2293
f 1108/2292/2292 1099/2293/2293 1104/2294/2294
f 1111/2295/2295 1112/2296/2296 1114/2297/2297
f 1114/2297/2297 1112/2296/2296 1113/2298/2298
f 1113/2298/2298 1112/2296/2296 1105/2299/2299
f 1113/2298/2298 1105/2299/2299 1110/2300/2300
f 1115/2301/2301 1116/2302/2302 1124/2303/2303
f 1124/2303/2303 1116/2302/2302 1123/2304/2304
f 1123/2304/2304 1116/2302/2302 1117/2305/2305
f 1123/2304/2304 1117/2305/2305 1122/2306/2306
f 1122/2306/2306 1117/2305/2305 1118/2307/2307
f 1122/2306/2306 1118/2307/2307 1121/2308/2308
f 1121/2308/2308 1118/2307/2307 1119/2309/2309
f 1121/2308/2308 1119/2309/2309 1120/2310/2310
f 1120/2310/2310 1119/2309/2309 1111/2311/2311
f 1120/2310/2310 1111/2311/2311 1114/2312/2312
f 1125/2313/2313 1115/2314/2314 1126/2315/2315
f 1126/2315/2315 1115/2314/2314 1124/2316/2316
f 1127/2317/2317 1128/2318/2318 1136/2319/2319
f 1136/2319/2319 1128/2318/2318 1135/2320/2320
f 1135/2320/2320 1128/2318/2318 1129/2321/2321
f 1135/2320/2320 1129/2321/2321 1134/2322/2322
f 1134/2322/2322 1129/2321/2321 1130/2323/2323
f 1134/2322/2322 1130/2323/2323 1133/2324/2324
f 1133/2324/2324 1130/2323/2323 1131/2325/2325
f 1133/2324/2324 1131/2325/2325 1132/2326/2326
f 1132/2326/2326 1131/2325/2325 1125/2327/2327
f 1132/2326/2326 1125/2327/2327 1126/2328/2328
f 1137/2329/2329 1138/2330/2330 1150/2331/2331
f 1150/2331/2331 1138/2330/2330 1149/2332/2332
f 1149/2332/2332 1138/2330/2330 1139/2333/2333
f 1149/2332/2332 1139/2333/2333 1148/2334/2334
f 1148/2334/2334 1139/2333/2333 1140/2335/2335
f 1148/2334/2334 1140/2335/2335 1147/2336/2336
f 1147/2336/2336 1140/2335/2335 1141/2337/2337
f 1147/2336/2336 1141/2337/2337 1146/2338/2338
f 1146/2338/2338 1141/2337/2337 1142/2339/2339
f 1146/2338/2338 1142/2339/2339 1145/2340/2340
f 1145/2340/2340 1142/2339/2339 1143/2341/2341
f 1145/2340/2340 1143/2341/2341 1144/2342/2342
f 1144/2342/2342 1143/2341/2341 1127/2343/2343
f 1144/2342/2342 1127/2343/2343 1136/2344/2344
f 1151/2345/2345 1152/2346/2346 1176/2347/2347
f 1176/2347/2347 1152/2346/2346 1175/2348/2348
f 1175/2348/2348 1152/2346/2346 1153/2349/2349
f 1175/2348/2348 1153/2349/2349 1174/2350/2350
f 1174/2350/2350 1153/2349/2349 1154/2351/2351
f 1174/2350/2350 1154/2351/2351 1173/2352/2352
f 1173/2352/2352 1154/2351/2351 1155/2353/2353
f 1173/2352/2352 1155/2353/2353 1172/2354/2354
f 1172/2354/2354 1155/2353/2353 1156/2355/2355
f 1172/2354/2354 1156/2355/2355 1171/2356/2356
f 1171/2356/2356 1156/2355/2355 1157/2357/2357
f 1171/2356/2356 1157/2357/2357 1170/2358/2358
f 1170/2358/2358 1157/2357/2357 1158/2359/2359
f 1170/2358/2358 1158/2359/2359 1169/2360/2360
f 1169/2360/2360 1158/2359/2359 1159/2361/2361
f 1169/2360/2360 1159/2361/2361 1168/2362/2362
f 1168/2362/2362 1159/2361/2361 1160/2363/2363
f 1168/2362/2362 1160/2363/2363 1167/2364/2364
f 1167/2364/2364 1160/2363/2363 1161/2365/2365
f 1167/2364/2364 1161/2365/2365 1166/2366/2366
f 1166/2366/2366 1161/2365/2365 1162/2367/2367
f 1166/2366/2366 1162/2367/2367 1165/2368/2368
f 1165/2368/2368 1162/2367/2367 1163/2369/2369
f 1165/2368/2368 1163/2369/2369 1164/2370/2370
f 1164/2370/2370 1163/2369/2369 1137/2371/2371
f 1164/2370/2370 1137/2371/2371 1150/2372/2372
f 1177/2373/2373 1178/2374/2374 1182/2375/2375
f 1182/2375/2375 1178/2374/2374 1181/2376/2376
f 1181/2376/2376 1178/2374/2374 1179/2377/2377
f 1181/2376/2376 1179/2377/2377 1180/2378/2378
f 1180/2378/2378 1179/2377/2377 1151/2379/2379
f 1180/2378/2378 1151/2379/2379 1176/2380/2380
f 1183/2381/2381 1184/2382/2382 1188/2383/2383
f 1188/2383/2383 1184/2382/2382 1187/2384/2384
f 1187/2384/2384 1184/2382/2382 1185/2385/2385
f 1187/2384/2384 1185/2385/2385 1186/2386/2386
f 1186/2386/2386 1185/2385/2385 1177/2387/2387
f 1186/2386/2386 1177/2387/2387 1182/2388/2388
f 1189/2389/2389 1183/2390/2390 1190/2391/2391
f 1190/2391/2391 1183/2390/2390 1188/2392/2392
f 1191/2393/2393 1192/2394/2394 1196/2395/2395
f 1196/2395/2395 1192/2394/2394 1195/2396/2396
f 1195/2396/2396 1192/2394/2394 1193/2397/2397
f 1195/2396/2396 1193/2397/2397 1194/2398/2398
f 1194/2398/2398 1193/2397/2397 1189/2399/2399
f 1194/2398/2398 1189/2399/2399 1190/2400/2400
f 1197/2401/2401 1198/2402/2402 1200/2403/2403
f 1200/2403/2403 1198/2402/2402 1199/2404/2404
f 1199/2404/2404 1198/2402/2402 1191/2405/2405
f 1199/2404/2404 1191/2405/2405 1196/2406/2406
f 1201/2407/2407 1202/2408/2408 1218/2409/2409
f 1218/2409/2409 1202/2408/2408 1217/2410/2410
f 1217/2410/2410 1202/2408/2408 1203/2411/2411
f 1217/2410/2410 1203/2411/2411 1216/2412/2412
f 1216/2412/2412 1203/2411/2411 1204/2413/2413
f 1216/2412/2412 1204/2413/2413 1215/2414/2414
f 1215/2414/2414 1204/2413/2413 1205/2415/2415
f 1215/2414/2414 1205/2415/2415 1214/2416/2416
f 1214/2416/2416 1205/2415/2415 1206/2417/2417
f 1214/2416/2416 1206/2417/2417 1213/2418/2418
f 1213/2418/2418 1206/2417/2417 1207/2419/2419
f 1213/2418/2418 1207/2419/2419 1212/2420/2420
f 1212/2420/2420 1207/2419/2419 1208/2421/2421
f 1212/2420/2420 1208/2421/2421 1211/2422/2422
f 1211/2422/2422 1208/2421/2421 1209/2423/2423
f 1211/2422/2422 1209/2423/2423 1210/2424/2424
f 1210/2424/2424 1209/2423/2423 1197/2425/2425
f 1210/2424/2424 1197/2425/2425 1200/2426/2426
f 1219/2427/2427 1220/2428/2428 1240/2429/2429
f 1240/2429/2429 1220/2428/2428 1239/2430/2430
f 1239/2430/2430 1220/2428/2428 1221/2431/2431
f 1239/2430/2430 1221/2431/2431 1238/2432/2432
f 1238/2432/2432 1221/2431/2431 1222/2433/2433
f 1238/2432/2432 1222/2433/2433 1237/2434/2434
f 1237/2434/2434 1222/2433/2433 1223/2435/2435
f 1237/2434/2434 1223/2435/2435 1236/2436/2436
f 1236/2436/2436 1223/2435/2435 1224/2437/2437
f 1236/2436/2436 1224/2437/2437 1235/2438/2438
f 1235/2438/2438 1224/2437/2437 1225/2439/2439
f 1235/2438/2438 1225/2439/2439 1234/2440/2440
f 1234/2440/2440 1225/2439/2439 1226/2441/2441
f 1234/2440/2440 1226/2441/2441 1233/2442/2442
f 1233/2442/2442 1226/2441/2441 1227/2443/2443
f 1233/2442/2442 1227/2443/2443 1232/2444/2444
f 1232/2444/2444 1227/2443/2443 1228/2445/2445
f 1232/2444/2444 1228/2445/2445 1231/2446/2446
f 1231/2446/2446 1228/2445/2445 1229/2447/2447
f 1231/2446/2446 1229/2447/2447 1230/2448/2448
f 1230/2448/2448 1229/2447/2447 1201/2449/2449
f 1230/2448/2448 1201/2449/2449 1218/2450/2450
f 1241/2451/2451 1219/2452/2452 1242/2453/2453
f 1242/2453/2453 1219/2452/2452 1240/2454/2454
f 1243/2455/2455 1244/2456/2456 1266/2457/2457
f 1266/2457/2457 1244/2456/2456 1265/2458/2458
f 1265/2458/2458 1244/2456/2456 1245/2459/2459
f 1265/2458/2458 1245/2459/2459 1264/2460/2460
f 1264/2460/2460 1245/2459/2459 1246/2461/2461
f 1264/2460/2460 1246/2461/2461 1263/2462/2462
f 1263/2462/2462 1246/2461/2461 1247/2463/2463
f 1263/2462/2462 1247/2463/2463 1262/2464/2464
f 1262/2464/2464 1247/2463/2463 1248/2465/2465
f 1262/2464/2464 1248/2465/2465 1261/2466/2466
f 1261/2466/2466 1248/2465/2465 1249/2467/2467
f 1261/2466/2466 1249/2467/2467 1260/2468/2468
f 1260/2468/2468 1249/2467/2467 1250/2469/2469
f 1260/2468/2468 1250/2469/2469 1259/2470/2470
f 1259/2470/2470 1250/2469/2469 1251/2471/2471
f 1259/2470/2470 1251/2471/2471 1258/2472/2472
f 1258/2472/2472 1251/2471/2471 1252/2473/2473
f 1258/2472/2472 1252/2473/2473 1257/2474/2474
f 1257/2474/2474 1252/2473/2473 1253/2475/2475
f 1257/2474/2474 1253/2475/2475 1256/2476/2476
f 1256/2476/2476 1253/2475/2475 1254/2477/2477
f 1256/2476/2476 1254/2477/2477 1255/2478/2478
f 1255/2478/2478 1254/2477/2477 1241/2479/2479
f 1255/2478/2478 1241/2479/2479 1242/2480/2480
f 1267/2481/2481 1268/2482/2482 1312/2483/2483
f 1312/2483/2483 1268/2482/2482 1311/2484/2484
f 1311/2484/2484 1268/2482/2482 1269/2485/2485
f 1311/2484/2484 1269/2485/2485 1310/2486/2486
f 1310/2486/2486 1269/2485/2485 1270/2487/2487
f 1310/2486/2486 1270/2487/2487 1309/2488/2488
f 1309/2488/2488 1270/2487/2487 1271/2489/2489
f 1309/2488/2488 1271/2489/2489 1308/2490/2490
f 1308/2490/2490 1271/2489/2489 1272/2491/2491
f 1308/2490/2490 1272/2491/2491 1307/2492/2492
f 1307/2492/2492 1272/2491/2491 1273/2493/2493
f 1307/2492/2492 1273/2493/2493 1306/2494/2494
f 1306/2494/2494 1273/2493/2493 1274/2495/2495
f 1306/2494/2494 1274/2495/2495 1305/2496/2496
f 1305/2496/2496 1274/2495/2495 1275/2497/2497
f 1305/2496/2496 1275/2497/2497 1304/2498/2498
f 1304/2498/2498 1275/2497/2497 1276/2499/2499
f 1304/2498/2498 1276/2499/2499 1303/2500/2500
f 1303/2500/2500 1276/2499/2499 1277/2501/2501
f 1303/2500/2500 1277/2501/2501 1302/2502/2502
f 1302/2502/2502 1277/2501/2501 1278/2503/2503
f 1302/2502/2502 1278/2503/2503 1301/2504/2504
f 1301/2504/2504 1278/2503/2503 1279/2505/2505
f 1301/2504/2504 1279/2505/2505 1300/2506/2506
f 1300/2506/2506 1279/2505/2505 1280/2507/2507
f 1300/2506/2506 1280/2507/2507 1299/2508/2508
f 1299/2508/2508 1280/2507/2507 1281/2509/2509
f 1299/2508/2508 1281/2509/2509 1298/2510/2510
f 1298/2510/2510 1281/2509/2509 1282/2511/2511
f 1298/2510/2510 1282/2511/2511 1297/2512/2512
f 1297/2512/2512 1282/2511/2511 1283/2513/2513
f 1297/2512/2512 1283/2513/2513 1296/2514/2514
f 1296/2514/2514 1283/2513/2513 1284/2515/2515
f 1296/2514/2514 1284/2515/2515 1295/2516/2516
f 1295/2516/2516 1284/2515/2515 1285/2517/2517
f 1295/2516/2516 1285/2517/2517 1294/2518/2518
f 1294/2518/2518 1285/2517/2517 1286/2519/2519
f 1294/2518/2518 1286/2519/2519 1293/2520/2520
f 1293/2520/2520 1286/2519/2519 1287/2521/2521
f 1293/2520/2520 1287/2521/2521 1292/2522/2522
f 1292/2522/2522 1287/2521/2521 1288/2523/2523
f 1292/2522/2522 1288/2523/2523 1291/2524/2524
f 1291/2524/2524 1288/2523/2523 1289/2525/2525
f 1291/2524/2524 1289/2525/2525 1290/2526/2526
f 1290/2526/2526 1289/2525/2525 1243/2527/2527
f 1290/2526/2526 1243/2527/2527 1266/2528/2528
f 1313/2529/2529 1314/2530/2530 1332/2531/2531
f 1332/2531/2531 1314/2530/2530 1331/2532/2532
f 1331/2532/2532 1314/2530/2530 1315/2533/2533
f 1331/2532/2532 1315/2533/2533 1330/2534/2534
f 1330/2534/2534 1315/2533/2533 1316/2535/2535
f 1330/2534/2534 1316/2535/2535 1329/2536/2536
f 1329/2536/2536 1316/2535/2535 1317/2537/2537
f 1329/2536/2536 1317/2537/2537 1328/2538/2538
f 1328/2538/2538 1317/2537/2537 1318/2539/2539
f 1328/2538/2538 1318/2539/2539 1327/2540/2540
f 1327/2540/2540 1318/2539/2539 1319/2541/2541
f 1327/2540/2540 1319/2541/2541 1326/2542/2542
f 1326/2542/2542 1319/2541/2541 1320/2543/2543
f 1326/2542/2542 1320/2543/2543 1325/2544/2544
f 1325/2544/2544 1320/2543/2543 1321/2545/2545
f 1325/2544/2544 1321/2545/2545 1324/2546/2546
f 1324/2546/2546 1321/2545/2545 1322/2547/2547
f 1324/2546/2546 1322/2547/2547 1323/2548/2548
f 1323/2548/2548 1322/2547/2547 1267/2549/2549
f 1323/2548/2548 1267/2549/2549 1312/2550/2550
f 1333/2551/2551 1334/2552/2552 1338/2553/2553
f 1338/2553/2553 1334/2552/2552 1337/2554/2554
f 1337/2554/2554 1334/2552/2552 1335/2555/2555
f 1337/2554/2554 1335/2555/2555 1336/2556/2556
f 1336/2556/2556 1335/2555/2555 1313/2557/2557
f 1336/2556/2556 1313/2557/2557 1332/2558/2558
f 1339/2559/2559 1340/2560/2560 1344/2561/2561
f 1344/2561/2561 1340/2560/2560 1343/2562/2562
f 1343/2562/2562 1340/2560/2560 1341/2563/2563
f 1343/2562/2562 1341/2563/2563 1342/2564/2564
f 1342/2564/2564 1341/2563/2563 1333/2565/2565
f 1342/2564/2564 1333/2565/2565 1338/2566/2566
f 1016/2567/2567 1345/2568/2568 1017/2569/2569
f 1017/2569/2569 1345/2568/2568 1348/2570/2570
f 1348/2570/2570 1345/2568/2568 1346/2571/2571
f 1348/2570/2570 1346/2571/2571 1347/2572/2572
f 1347/2572/2572 1346/2571/2571 1339/2573/2573
f 1347/2572/2572 1339/2573/2573 1344/2574/2574
f 1018/2575/2575 1017/2576/2576 1094/2577/2577
f 1094/2577/2577 1017/2576/2576 1348/2578/2578
f 1094/2577/2577 1348/2578/2578 1097/2579/2579
f 1097/2579/2579 1348/2578/2578 1347/2580/2580
f 1097/2579/2579 1347/2580/2580 1098/2581/2581
f 1098/2581/2581 1347/2580/2580 1344/2582/2582
f 1098/2581/2581 1344/2582/2582 1343/2583/2583
f 1098/2581/2581 1343/2583/2583 1102/2584/2584
f 1102/2584/2584 1343/2583/2583 1342/2585/2585
f 1102/2584/2584 1342/2585/2585 1103/2586/2586
f 1103/2586/2586 1342/2585/2585 1338/2587/2587
f 1103/2586/2586 1338/2587/2587 1104/2588/2588
f 1104/2588/2588 1338/2587/2587 1108/2589/2589
f 1108/2589/2589 1338/2587/2587 1337/2590/2590
f 1108/2589/2589 1337/2590/2590 1109/2591/2591
f 1109/2591/2591 1337/2590/2590 1336/2592/2592
f 1109/2591/2591 1336/2592/2592 1110/2593/2593
f 1110/2593/2593 1336/2592/2592 1332/2594/2594
f 1110/2593/2593 1332/2594/2594 1331/2595/2595
f 1110/2593/2593 1331/2595/2595 1113/2596/2596
f 1113/2596/2596 1331/2595/2595 1330/2597/2597
f 1113/2596/2596 1330/2597/2597 1114/2598/2598
f 1114/2598/2598 1330/2597/2597 1329/2599/2599
f 1114/2598/2598 1329/2599/2599 1136/2600/2600
f 1136/2600/2600 1329/2599/2599 1144/2601/2601
f 1144/2601/2601 1329/2599/2599 1328/2602/2602
f 1144/2601/2601 1328/2602/2602 1145/2603/2603
f 1145/2603/2603 1328/2602/2602 1327/2604/2604
f 1145/2603/2603 1327/2604/2604 1146/2605/2605
f 1146/2605/2605 1327/2604/2604 1326/2606/2606
f 1146/2605/2605 1326/2606/2606 1147/2607/2607
f 1147/2607/2607 1326/2606/2606 1325/2608/2608
f 1147/2607/2607 1325/2608/2608 1148/2609/2609
f 1148/2609/2609 1325/2608/2608 1324/2610/2610
f 1148/2609/2609 1324/2610/2610 1149/2611/2611
f 1149/2611/2611 1324/2610/2610 1323/2612/2612
f 1149/2611/2611 1323/2612/2612 1150/2613/2613
f 1150/2613/2613 1323/2612/2612 1312/2614/2614
f 1150/2613/2613 1312/2614/2614 1311/2615/2615
f 1150/2613/2613 1311/2615/2615 1164/2616/2616
f 1164/2616/2616 1311/2615/2615 1310/2617/2617
f 1164/2616/2616 1310/2617/2617 1165/2618/2618
f 1165/2618/2618 1310/2617/2617 1309/2619/2619
f 1165/2618/2618 1309/2619/2619 1166/2620/2620
f 1166/2620/2620 1309/2619/2619 1308/2621/2621
f 1166/2620/2620 1308/2621/2621 1167/2622/2622
f 1167/2622/2622 1308/2621/2621 1307/2623/2623
f 1167/2622/2622 1307/2623/2623 1168/2624/2624
f 1168/2624/2624 1307/2623/2623 1306/2625/2625
f 1168/2624/2624 1306/2625/2625 1169/2626/2626
f 1169/2626/2626 1306/2625/2625 1305/2627/2627
f 1169/2626/2626 1305/2627/2627 1170/2628/2628
f 1170/2628/2628 1305/2627/2627 1304/2629/2629
f 1170/2628/2628 1304/2629/2629 1171/2630/2630
f 1171/2630/2630 1304/2629/2629 1303/2631/2631
f 1171/2630/2630 1303/2631/2631 1172/2632/2632
f 1172/2632/2632 1303/2631/2631 1302/2633/2633
f 1172/2632/2632 1302/2633/2633 1173/2634/2634
f 1173/2634/2634 1302/2633/2633 1301/2635/2635
f 1173/2634/2634 1301/2635/2635 1174/2636/2636
f 1174/2636/2636 1301/2635/2635 1300/2637/2637
f 1174/2636/2636 1300/2637/2637 1175/2638/2638
f 1175/2638/2638 1300/2637/2637 1299/2639/2639
f 1175/2638/2638 1299/2639/2639 1176/2640/2640
f 1176/2640/2640 1299/2639/2639 1298/2641/2641
f 1176/2640/2640 1298/2641/2641 1200/2642/2642
f 1200/2642/2642 1298/2641/2641 1210/2643/2643
f 1210/2643/2643 1298/2641/2641 1297/2644/2644
f 1210/2643/2643 1297/2644/2644 1211/2645/2645
f 1211/2645/2645 1297/2644/2644 1296/2646/2646
f 1211/2645/2645 1296/2646/2646 1212/2647/2647
f 1212/2647/2647 1296/2646/2646 1295/2648/2648
f 1212/2647/2647 1295/2648/2648 1213/2649/2649
f 1213/2649/2649 1295/2648/2648 1294/2650/2650
f 1213/2649/2649 1294/2650/2650 1214/2651/2651
f 1214/2651/2651 1294/2650/2650 1293/2652/2652
f 1214/2651/2651 1293/2652/2652 1215/2653/2653
f 1215/2653/2653 1293/2652/2652 1292/2654/2654
f 1215/2653/2653 1292/2654/2654 1216/2655/2655
f 1216/2655/2655 1292/2654/2654 1291/2656/2656
f 1216/2655/2655 1291/2656/2656 1217/2657/2657
f 1217/2657/2657 1291/2656/2656 1290/2658/2658
f 1217/2657/2657 1290/2658/2658 1218/2659/2659
f 1218/2659/2659 1290/2658/2658 1266/2660/2660
f 1218/2659/2659 1266/2660/2660 1265/2661/2661
f 1218/2659/2659 1265/2661/2661 1230/2662/2662
f 1230/2662/2662 1265/2661/2661 1264/2663/2663
f 1230/2662/2662 1264/2663/2663 1231/2664/2664
f 1231/2664/2664 1264/2663/2663 1263/2665/2665
f 1231/2664/2664 1263/2665/2665 1232/2666/2666
f 1232/2666/2666 1263/2665/2665 1262/2667/2667
f 1232/2666/2666 1262/2667/2667 1233/2668/2668
f 1233/2668/2668 1262/2667/2667 1261/2669/2669
f 1233/2668/2668 1261/2669/2669 1234/2670/2670
f 1234/2670/2670 1261/2669/2669 1260/2671/2671
f 1234/2670/2670 1260/2671/2671 1235/2672/2672
f 1235/2672/2672 1260/2671/2671 1259/2673/2673
f 1235/2672/2672 1259/2673/2673 1236/2674/2674
f 1236/2674/2674 1259/2673/2673 1258/2675/2675
f 1236/2674/2674 1258/2675/2675 1237/2676/2676
f 1237/2676/2676 1258/2675/2675 1257/2677/2677
f 1237/2676/2676 1257/2677/2677 1238/2678/2678
f 1238/2678/2678 1257/2677/2677 1256/2679/2679
f 1238/2678/2678 1256/2679/2679 1239/2680/2680
f 1239/2680/2680 1256/2679/2679 1255/2681/2681
f 1239/2680/2680 1255/2681/2681 1240/2682/2682
f 1240/2682/2682 1255/2681/2681 1242/2683/2683
f 1176/2640/2640 1200/2642/2642 1351/2684/2684
f 1351/2684/2684 1200/2642/2642 1199/2685/2685
f 1351/2684/2684 1199/2685/2685 1180/2686/2686
f 1180/2686/2686 1199/2685/2685 1352/2687/2687
f 1180/2686/2686 1352/2687/2687 1181/2688/2688
f 1181/2688/2688 1352/2687/2687 1196/2689/2689
f 1181/2688/2688 1196/2689/2689 1182/2690/2690
f 1182/2690/2690 1196/2689/2689 1186/2691/2691
f 1186/2691/2691 1196/2689/2689 1195/2692/2692
f 1186/2691/2691 1195/2692/2692 1187/2693/2693
f 1187/2693/2693 1195/2692/2692 1194/2694/2694
f 1187/2693/2693 1194/2694/2694 1188/2695/2695
f 1188/2695/2695 1194/2694/2694 1190/2696/2696
f 1199/2685/2685 1196/2689/2689 1352/2687/2687
f 1180/2686/2686 1176/2640/2640 1351/2684/2684
f 1136/2600/2600 1135/2697/2697 1114/2598/2598
f 1114/2598/2598 1135/2697/2697 1120/2698/2698
f 1120/2698/2698 1135/2697/2697 1134/2699/2699
f 1120/2698/2698 1134/2699/2699 1121/2700/2700
f 1121/2700/2700 1134/2699/2699 1133/2701/2701
f 1121/2700/2700 1133/2701/2701 1122/2702/2702
f 1122/2702/2702 1133/2701/2701 1132/2703/2703
f 1122/2702/2702 1132/2703/2703 1123/2704/2704
f 1123/2704/2704 1132/2703/2703 1126/2705/2705
f 1123/2704/2704 1126/2705/2705 1124/2706/2706
f 1094/2577/2577 1093/2707/2707 1018/2575/2575
f 1018/2575/2575 1093/2707/2707 1019/2708/2708
f 1019/2708/2708 1093/2707/2707 1092/2709/2709
f 1019/2708/2708 1092/2709/2709 1020/2710/2710
f 1020/2710/2710 1092/2709/2709 1088/2711/2711
f 1020/2710/2710 1088/2711/2711 1087/2712/2712
f 1020/2710/2710 1087/2712/2712 1026/2713/2713
f 1026/2713/2713 1087/2712/2712 1086/2714/2714
f 1026/2713/2713 1086/2714/2714 1027/2715/2715
f 1027/2715/2715 1086/2714/2714 1085/2716/2716
f 1027/2715/2715 1085/2716/2716 1028/2717/2717
f 1028/2717/2717 1085/2716/2716 1084/2718/2718
f 1028/2717/2717 1084/2718/2718 1029/2719/2719
f 1029/2719/2719 1084/2718/2718 1078/2720/2720
f 1029/2719/2719 1078/2720/2720 1030/2721/2721
f 1030/2721/2721 1078/2720/2720 1353/2722/2722
f 1030/2721/2721 1353/2722/2722 1034/2723/2723
f 1034/2723/2723 1353/2722/2722 1077/2724/2724
f 1034/2723/2723 1077/2724/2724 1354/2725/2725
f 1354/2725/2725 1077/2724/2724 1074/2726/2726
f 1354/2725/2725 1074/2726/2726 1035/2727/2727
f 1035/2727/2727 1074/2726/2726 1036/2728/2728
f 1036/2728/2728 1074/2726/2726 1040/2729/2729
f 1040/2729/2729 1074/2726/2726 1073/2730/2730
f 1040/2729/2729 1073/2730/2730 1041/2731/2731
f 1041/2731/2731 1073/2730/2730 1072/2732/2732
f 1041/2731/2731 1072/2732/2732 1042/2733/2733
f 1042/2733/2733 1072/2732/2732 1068/2734/2734
f 1042/2733/2733 1068/2734/2734 1067/2735/2735
f 1078/2720/2720 1077/2724/2724 1353/2722/2722
f 1042/2733/2733 1067/2735/2735 1046/2736/2736
f 1046/2736/2736 1067/2735/2735 1066/2737/2737
f 1046/2736/2736 1066/2737/2737 1047/2738/2738
f 1047/2738/2738 1066/2737/2737 1062/2739/2739
f 1047/2738/2738 1062/2739/2739 1048/2740/2740
f 1048/2740/2740 1062/2739/2739 1052/2741/2741
f 1052/2741/2741 1062/2739/2739 1350/2742/2742
f 1052/2741/2741 1350/2742/2742 1053/2743/2743
f 1053/2743/2743 1350/2742/2742 1061/2744/2744
f 1053/2743/2743 1061/2744/2744 1060/2745/2745
f 1062/2739/2739 1061/2744/2744 1350/2742/2742
f 1053/2743/2743 1060/2745/2745 1349/2746/2746
f 1349/2746/2746 1060/2745/2745 1056/2747/2747
f 1349/2746/2746 1056/2747/2747 1054/2748/2748
f 1054/2748/2748 1053/2743/2743 1349/2746/2746
f 1035/2727/2727 1034/2723/2723 1354/2725/2725
f 1340/2749/2749 1339/2750/2750 1095/2751/2751
f 1095/2751/2751 1339/2750/2750 1346/2752/2752
f 1095/2751/2751 1346/2752/2752 1096/2753/2753
f 1096/2753/2753 1346/2752/2752 1345/2754/2754
f 1096/2753/2753 1345/2754/2754 1089/2755/2755
f 1089/2755/2755 1345/2754/2754 1016/2756/2756
f 1089/2755/2755 1016/2756/2756 1015/2757/2757
f 1089/2755/2755 1015/2757/2757 1090/2758/2758
f 1090/2758/2758 1015/2757/2757 1014/2759/2759
f 1090/2758/2758 1014/2759/2759 1091/2760/2760
f 1091/2760/2760 1014/2759/2759 1013/2761/2761
f 1091/2760/2760 1013/2761/2761 1079/2762/2762
f 1079/2762/2762 1013/2761/2761 1080/2763/2763
f 1080/2763/2763 1013/2761/2761 1025/2764/2764
f 1080/2763/2763 1025/2764/2764 1081/2765/2765
f 1081/2765/2765 1025/2764/2764 1024/2766/2766
f 1081/2765/2765 1024/2766/2766 1082/2767/2767
f 1082/2767/2767 1024/2766/2766 1023/2768/2768
f 1082/2767/2767 1023/2768/2768 1083/2769/2769
f 1083/2769/2769 1023/2768/2768 1022/2770/2770
f 1083/2769/2769 1022/2770/2770 1075/2771/2771
f 1075/2771/2771 1022/2770/2770 1021/2772/2772
f 1075/2771/2771 1021/2772/2772 1355/2773/2773
f 1355/2773/2773 1021/2772/2772 1033/2774/2774
f 1355/2773/2773 1033/2774/2774 1076/2775/2775
f 1076/2775/2775 1033/2774/2774 1356/2776/2776
f 1076/2775/2775 1356/2776/2776 1069/2777/2777
f 1069/2777/2777 1356/2776/2776 1032/2778/2778
f 1069/2777/2777 1032/2778/2778 1031/2779/2779
f 1033/2774/2774 1032/2778/2778 1356/2776/2776
f 1031/2779/2779 1039/2780/2780 1069/2777/2777
f 1069/2777/2777 1039/2780/2780 1070/2781/2781
f 1070/2781/2781 1039/2780/2780 1038/2782/2782
f 1070/2781/2781 1038/2782/2782 1071/2783/2783
f 1071/2783/2783 1038/2782/2782 1037/2784/2784
f 1071/2783/2783 1037/2784/2784 1063/2785/2785
f 1063/2785/2785 1037/2784/2784 1064/2786/2786
f 1064/2786/2786 1037/2784/2784 1045/2787/2787
f 1064/2786/2786 1045/2787/2787 1065/2788/2788
f 1065/2788/2788 1045/2787/2787 1044/2789/2789
f 1065/2788/2788 1044/2789/2789 1057/2790/2790
f 1057/2790/2790 1044/2789/2789 1043/2791/2791
f 1057/2790/2790 1043/2791/2791 1051/2792/2792
f 1057/2790/2790 1051/2792/2792 1359/2793/2793
f 1359/2793/2793 1051/2792/2792 1050/2794/2794
f 1359/2793/2793 1050/2794/2794 1058/2795/2795
f 1058/2795/2795 1050/2794/2794 1059/2796/2796
f 1059/2796/2796 1050/2794/2794 1360/2797/2797
f 1059/2796/2796 1360/2797/2797 1055/2798/2798
f 1055/2798/2798 1360/2797/2797 1049/2799/2799
f 1049/2799/2799 1360/2797/2797 1050/2794/2794
f 1058/2795/2795 1057/2790/2790 1359/2793/2793
f 1076/2775/2775 1075/2771/2771 1355/2773/2773
f 1095/2751/2751 1101/2800/2800 1340/2749/2749
f 1340/2749/2749 1101/2800/2800 1341/2801/2801
f 1341/2801/2801 1101/2800/2800 1100/2802/2802
f 1341/2801/2801 1100/2802/2802 1333/2803/2803
f 1333/2803/2803 1100/2802/2802 1099/2804/2804
f 1333/2803/2803 1099/2804/2804 1107/2805/2805
f 1333/2803/2803 1107/2805/2805 1334/2806/2806
f 1334/2806/2806 1107/2805/2805 1106/2807/2807
f 1334/2806/2806 1106/2807/2807 1335/2808/2808
f 1335/2808/2808 1106/2807/2807 1105/2809/2809
f 1335/2808/2808 1105/2809/2809 1313/2810/2810
f 1313/2810/2810 1105/2809/2809 1314/2811/2811
f 1314/2811/2811 1105/2809/2809 1112/2812/2812
f 1314/2811/2811 1112/2812/2812 1315/2813/2813
f 1315/2813/2813 1112/2812/2812 1111/2814/2814
f 1315/2813/2813 1111/2814/2814 1316/2815/2815
f 1316/2815/2815 1111/2814/2814 1127/2816/2816
f 1316/2815/2815 1127/2816/2816 1143/2817/2817
f 1111/2814/2814 1119/2818/2818 1127/2816/2816
f 1127/2816/2816 1119/2818/2818 1128/2819/2819
f 1128/2819/2819 1119/2818/2818 1118/2820/2820
f 1128/2819/2819 1118/2820/2820 1129/2821/2821
f 1129/2821/2821 1118/2820/2820 1117/2822/2822
f 1129/2821/2821 1117/2822/2822 1130/2823/2823
f 1130/2823/2823 1117/2822/2822 1131/2824/2824
f 1131/2824/2824 1117/2822/2822 1116/2825/2825
f 1131/2824/2824 1116/2825/2825 1125/2826/2826
f 1125/2826/2826 1116/2825/2825 1115/2827/2827
f 1316/2815/2815 1143/2817/2817 1317/2828/2828
f 1317/2828/2828 1143/2817/2817 1142/2829/2829
f 1317/2828/2828 1142/2829/2829 1318/2830/2830
f 1318/2830/2830 1142/2829/2829 1141/2831/2831
f 1318/2830/2830 1141/2831/2831 1319/2832/2832
f 1319/2832/2832 1141/2831/2831 1140/2833/2833
f 1319/2832/2832 1140/2833/2833 1320/2834/2834
f 1320/2834/2834 1140/2833/2833 1139/2835/2835
f 1320/2834/2834 1139/2835/2835 1321/2836/2836
f 1321/2836/2836 1139/2835/2835 1138/2837/2837
f 1321/2836/2836 1138/2837/2837 1322/2838/2838
f 1322/2838/2838 1138/2837/2837 1137/2839/2839
f 1322/2838/2838 1137/2839/2839 1267/2840/2840
f 1267/2840/2840 1137/2839/2839 1268/2841/2841
f 1268/2841/2841 1137/2839/2839 1163/2842/2842
f 1268/2841/2841 1163/2842/2842 1269/2843/2843
f 1269/2843/2843 1163/2842/2842 1162/2844/2844
f 1269/2843/2843 1162/2844/2844 1270/2845/2845
f 1270/2845/2845 1162/2844/2844 1161/2846/2846
f 1270/2845/2845 1161/2846/2846 1271/2847/2847
f 1271/2847/2847 1161/2846/2846 1160/2848/2848
f 1271/2847/2847 1160/2848/2848 1272/2849/2849
f 1272/2849/2849 1160/2848/2848 1159/2850/2850
f 1272/2849/2849 1159/2850/2850 1273/2851/2851
f 1273/2851/2851 1159/2850/2850 1158/2852/2852
f 1273/2851/2851 1158/2852/2852 1274/2853/2853
f 1274/2853/2853 1158/2852/2852 1157/2854/2854
f 1274/2853/2853 1157/2854/2854 1275/2855/2855
f 1275/2855/2855 1157/2854/2854 1156/2856/2856
f 1275/2855/2855 1156/2856/2856 1276/2857/2857
f 1276/2857/2857 1156/2856/2856 1155/2858/2858
f 1276/2857/2857 1155/2858/2858 1277/2859/2859
f 1277/2859/2859 1155/2858/2858 1154/2860/2860
f 1277/2859/2859 1154/2860/2860 1278/2861/2861
f 1278/2861/2861 1154/2860/2860 1153/2862/2862
f 1278/2861/2861 1153/2862/2862 1279/2863/2863
f 1279/2863/2863 1153/2862/2862 1152/2864/2864
f 1279/2863/2863 1152/2864/2864 1280/2865/2865
f 1280/2865/2865 1152/2864/2864 1151/2866/2866
f 1280/2865/2865 1151/2866/2866 1281/2867/2867
f 1281/2867/2867 1151/2866/2866 1197/2868/2868
f 1281/2867/2867 1197/2868/2868 1209/2869/2869
f 1197/2868/2868 1151/2866/2866 1358/2870/2870
f 1358/2870/2870 1151/2866/2866 1179/2871/2871
f 1358/2870/2870 1179/2871/2871 1198/2872/2872
f 1198/2872/2872 1179/2871/2871 1357/2873/2873
f 1198/2872/2872 1357/2873/2873 1191/2874/2874
f 1191/2874/2874 1357/2873/2873 1178/2875/2875
f 1191/2874/2874 1178/2875/2875 1177/2876/2876
f 1179/2871/2871 1178/2875/2875 1357/2873/2873
f 1177/2876/2876 1185/2877/2877 1191/2874/2874
f 1191/2874/2874 1185/2877/2877 1192/2878/2878
f 1192/2878/2878 1185/2877/2877 1184/2879/2879
f 1192/2878/2878 1184/2879/2879 1193/2880/2880
f 1193/2880/2880 1184/2879/2879 1183/2881/2881
f 1193/2880/2880 1183/2881/2881 1189/2882/2882
f 1198/2872/2872 1197/2868/2868 1358/2870/2870
f 1281/2867/2867 1209/2869/2869 1282/2883/2883
f 1282/2883/2883 1209/2869/2869 1208/2884/2884
f 1282/2883/2883 1208/2884/2884 1283/2885/2885
f 1283/2885/2885 1208/2884/2884 1207/2886/2886
f 1283/2885/2885 1207/2886/2886 1284/2887/2887
f 1284/2887/2887 1207/2886/2886 1206/2888/2888
f 1284/2887/2887 1206/2888/2888 1285/2889/2889
f 1285/2889/2889 1206/2888/2888 1205/2890/2890
f 1285/2889/2889 1205/2890/2890 1286/2891/2891
f 1286/2891/2891 1205/2890/2890 1204/2892/2892
f 1286/2891/2891 1204/2892/2892 1287/2893/2893
f 1287/2893/2893 1204/2892/2892 1203/2894/2894
f 1287/2893/2893 1203/2894/2894 1288/2895/2895
f 1288/2895/2895 1203/2894/2894 1202/2896/2896
f 1288/2895/2895 1202/2896/2896 1289/2897/2897
f 1289/2897/2897 1202/2896/2896 1201/2898/2898
f 1289/2897/2897 1201/2898/2898 1243/2899/2899
f 1243/2899/2899 1201/2898/2898 1244/2900/2900
f 1244/2900/2900 1201/2898/2898 1229/2901/2901
f 1244/2900/2900 1229/2901/2901 1245/2902/2902
f 1245/2902/2902 1229/2901/2901 1228/2903/2903
f 1245/2902/2902 1228/2903/2903 1246/2904/2904
f 1246/2904/2904 1228/2903/2903 1227/2905/2905
f 1246/2904/2904 1227/2905/2905 1247/2906/2906
f 1247/2906/2906 1227/2905/2905 1226/2907/2907
f 1247/2906/2906 1226/2907/2907 1248/2908/2908
f 1248/2908/2908 1226/2907/2907 1225/2909/2909
f 1248/2908/2908 1225/2909/2909 1249/2910/2910
f 1249/2910/2910 1225/2909/2909 1224/2911/2911
f 1249/2910/2910 1224/2911/2911 1250/2912/2912
f 1250/2912/2912 1224/2911/2911 1223/2913/2913
f 1250/2912/2912 1223/2913/2913 1251/2914/2914
f 1251/2914/2914 1223/2913/2913 1222/2915/2915
f 1251/2914/2914 1222/2915/2915 1252/2916/2916
f 1252/2916/2916 1222/2915/2915 1221/2917/2917
f 1252/2916/2916 1221/2917/2917 1253/2918/2918
f 1253/2918/2918 1221/2917/2917 1220/2919/2919
f 1253/2918/2918 1220/2919/2919 1254/2920/2920
f 1254/2920/2920 1220/2919/2919 1219/2921/2921
f 1254/2920/2920 1219/2921/2921 1241/2922/2922
# 1360 vertices
# 2922 texture params
# 2922 normals
# 2712 facets

# 2 groups
